"Id","OwnerId","IsDeleted","Name","RecordTypeId","CreatedDate","CreatedById","LastModifiedDate","LastModifiedById","SystemModstamp","ChargentBase__AC_Process_Amount_Total__c","ChargentBase__AC_Process_Amount__c","ChargentBase__AC_Process_Enabled__c","ChargentBase__AC_Process_Finished_Successful__c","ChargentBase__AC_Process_Finished_Unsuccessful__c","ChargentBase__AC_Process_Months_Enabled__c","ChargentBase__AC_Process_Name__c","ChargentBase__AC_Process_Times_Triggered__c","ChargentBase__AC_Process_Total_Stages_Executed__c","ChargentBase__AC_Stage_Actions__c","ChargentBase__AC_Stage_Collected_Amount__c","ChargentBase__AC_Stage_Times_Collected__c","ChargentBase__AC_Stage_Times_Triggered__c","ChargentBase__AC_Stage__c","ChargentBase__Date__c","ChargentBase__Day_In_Week__c","ChargentBase__Event_Count__c","ChargentBase__GU_Transaction_Count__c","ChargentBase__Key__c","ChargentBase__Month__c","ChargentBase__Time_Aggregation_Type__c","ChargentBase__Week_In_year__c","ChargentBase__Year__c","ChargentOrders__AC_Configuration__c","ChargentBase__GU_CPT_Count__c","ChargentBase__AG_Active_Gateways_Bitmask1__c","ChargentBase__AG_Active_Gateways_Bitmask2__c","ChargentBase__BA_PMT_Count__c","ChargentBase__CC_PMT_Count__c","ChargentBase__DW_PMT_Count__c","ChargentBase__TV_Total_BA_USD__c","ChargentBase__TV_Total_CC_USD__c","ChargentBase__TV_Total_DW_USD__c","ChargentBase__TV_Total_USD__c"
"a3H8W0000026HXtUAM","0051U0000028jHJQAY","0","Gateway_Usage-DAILY-2023_10_31","0128W000000axHn","2023-10-31 22:18:04","0051U0000028jHJQAY","2023-10-31 22:45:50","0051U0000028jHJQAY","2023-10-31 22:45:50","","","0","","","","","","","","","","","","2023-10-31 00:00:00","Tuesday","8","8","Gateway_Usage-DAILY-2023_10_31","10","DAILY","43","2023","","","","","","","","","","",""
"a3H8W0000026HZLUA2","0051U0000028jHJQAY","0","Gateway_Usage-DAILY-2023_11_01","0128W000000axHn","2023-11-01 10:05:24","0051U0000028jHJQAY","2023-11-01 23:10:17","0051U0000028jHJQAY","2023-11-01 23:10:17","","","0","","","","","","","","","","","","2023-11-01 00:00:00","Wednesday","36","65","Gateway_Usage-DAILY-2023_11_01","11","DAILY","43","2023","","","","","","","","","","",""
"a3H8W0000026HkBUAU","0051U0000028jHJQAY","0","Gateway_Usage-DAILY-2023_11_02","0128W000000axHn","2023-11-02 10:05:42","0051U0000028jHJQAY","2023-11-02 22:59:24","0051U0000028jHJQAY","2023-11-02 22:59:24","","","0","","","","","","","","","","","","2023-11-02 00:00:00","Thursday","54","375","Gateway_Usage-DAILY-2023_11_02","11","DAILY","43","2023","","","","","","","","","","",""
"a3H8W0000026HwHUAU","0051U0000028jHJQAY","0","Gateway_Usage-DAILY-2023_11_03","0128W000000axHn","2023-11-03 10:05:37","0051U0000028jHJQAY","2023-11-03 23:01:45","0051U0000028jHJQAY","2023-11-03 23:01:45","","","0","","","","","","","","","","","","2023-11-03 00:00:00","Friday","77","470","Gateway_Usage-DAILY-2023_11_03","11","DAILY","43","2023","","","","","","","","","","",""
"a3HUU00000000BJ2AY","0051U0000028jHJQAY","0","Gateway_Usage-DAILY-2023_11_04","0128W000000axHn","2023-11-06 10:05:40","0051U0000028jHJQAY","2023-11-06 10:05:40","0051U0000028jHJQAY","2023-11-06 10:05:40","","","0","","","","","","","","","","","","2023-11-04 00:00:00","Saturday","0","0","Gateway_Usage-DAILY-2023_11_04","11","DAILY","43","2023","","","","","","","","","","",""
"a3HUU00000000BK2AY","0051U0000028jHJQAY","0","Gateway_Usage-DAILY-2023_11_05","0128W000000axHn","2023-11-06 10:05:40","0051U0000028jHJQAY","2023-11-06 10:05:40","0051U0000028jHJQAY","2023-11-06 10:05:40","","","0","","","","","","","","","","","","2023-11-05 00:00:00","Sunday","0","0","Gateway_Usage-DAILY-2023_11_05","11","DAILY","44","2023","","","","","","","","","","",""
"a3HUU00000000BL2AY","0051U0000028jHJQAY","0","Gateway_Usage-DAILY-2023_11_06","0128W000000axHn","2023-11-06 10:05:40","0051U0000028jHJQAY","2023-11-06 22:40:16","0051U0000028jHJQAY","2023-11-06 22:40:16","","","0","","","","","","","","","","","","2023-11-06 00:00:00","Monday","80","436","Gateway_Usage-DAILY-2023_11_06","11","DAILY","44","2023","","","","","","","","","","",""
"a3HUU00000000Xt2AI","0051U0000028jHJQAY","0","Gateway_Usage-DAILY-2023_11_07","0128W000000axHn","2023-11-07 10:05:28","0051U0000028jHJQAY","2023-11-07 23:01:41","0051U0000028jHJQAY","2023-11-07 23:01:41","","","0","","","","","","","","","","","","2023-11-07 00:00:00","Tuesday","35","45","Gateway_Usage-DAILY-2023_11_07","11","DAILY","44","2023","","","","","","","","","","",""
"a3HUU00000000pd2AA","0051U0000028jHJQAY","0","Gateway_Usage-DAILY-2023_11_08","0128W000000axHn","2023-11-08 10:05:11","0051U0000028jHJQAY","2023-11-08 23:04:00","0051U0000028jHJQAY","2023-11-08 23:04:00","","","0","","","","","","","","","","","","2023-11-08 00:00:00","Wednesday","35","38","Gateway_Usage-DAILY-2023_11_08","11","DAILY","44","2023","","","","","","","","","","",""
"a3HUU00000001KH2AY","0051U0000028jHJQAY","0","Gateway_Usage-DAILY-2023_11_09","0128W000000axHn","2023-11-09 10:05:34","0051U0000028jHJQAY","2023-11-09 22:46:20","0051U0000028jHJQAY","2023-11-09 22:46:20","","","0","","","","","","","","","","","","2023-11-09 00:00:00","Thursday","55","279","Gateway_Usage-DAILY-2023_11_09","11","DAILY","44","2023","","","","","","","","","","",""
"a3HUU00000001Yn2AI","0051U0000028jHJQAY","0","Gateway_Usage-DAILY-2023_11_10","0128W000000axHn","2023-11-10 10:05:27","0051U0000028jHJQAY","2023-11-10 23:00:19","0051U0000028jHJQAY","2023-11-10 23:00:19","","","0","","","","","","","","","","","","2023-11-10 00:00:00","Friday","78","321","Gateway_Usage-DAILY-2023_11_10","11","DAILY","44","2023","","","","","","","","","","",""
"a3HUU000000023R2AQ","0051U0000028jHJQAY","0","Gateway_Usage-DAILY-2023_11_11","0128W000000axHn","2023-11-13 10:05:19","0051U0000028jHJQAY","2023-11-13 10:05:19","0051U0000028jHJQAY","2023-11-13 10:05:19","","","0","","","","","","","","","","","","2023-11-11 00:00:00","Saturday","0","0","Gateway_Usage-DAILY-2023_11_11","11","DAILY","44","2023","","","","","","","","","","",""
"a3HUU000000023S2AQ","0051U0000028jHJQAY","0","Gateway_Usage-DAILY-2023_11_12","0128W000000axHn","2023-11-13 10:05:19","0051U0000028jHJQAY","2023-11-13 10:05:19","0051U0000028jHJQAY","2023-11-13 10:05:19","","","0","","","","","","","","","","","","2023-11-12 00:00:00","Sunday","0","0","Gateway_Usage-DAILY-2023_11_12","11","DAILY","45","2023","","","","","","","","","","",""
"a3HUU000000023T2AQ","0051U0000028jHJQAY","0","Gateway_Usage-DAILY-2023_11_13","0128W000000axHn","2023-11-13 10:05:19","0051U0000028jHJQAY","2023-11-13 22:59:00","0051U0000028jHJQAY","2023-11-13 22:59:00","","","0","","","","","","","","","","","","2023-11-13 00:00:00","Monday","55","282","Gateway_Usage-DAILY-2023_11_13","11","DAILY","45","2023","","","","","","","","","","",""
"a3HUU00000002g92AA","0051U0000028jHJQAY","0","Gateway_Usage-DAILY-2023_11_14","0128W000000axHn","2023-11-14 10:05:37","0051U0000028jHJQAY","2023-11-14 23:00:24","0051U0000028jHJQAY","2023-11-14 23:00:24","","","0","","","","","","","","","","","","2023-11-14 00:00:00","Tuesday","37","44","Gateway_Usage-DAILY-2023_11_14","11","DAILY","45","2023","","","","","","","","","","",""
"a3HUU00000002rR2AQ","0051U0000028jHJQAY","0","Gateway_Usage-DAILY-2023_11_15","0128W000000axHn","2023-11-15 10:05:24","0051U0000028jHJQAY","2023-11-15 22:43:53","0051U0000028jHJQAY","2023-11-15 22:43:53","","","0","","","","","","","","","","","","2023-11-15 00:00:00","Wednesday","49","159","Gateway_Usage-DAILY-2023_11_15","11","DAILY","45","2023","","","","","","","","","","",""
"a3HUU00000003CP2AY","0051U0000028jHJQAY","0","Gateway_Usage-DAILY-2023_11_16","0128W000000axHn","2023-11-16 10:05:29","0051U0000028jHJQAY","2023-11-16 22:56:13","0051U0000028jHJQAY","2023-11-16 22:56:13","","","0","","","","","","","","","","","","2023-11-16 00:00:00","Thursday","49","245","Gateway_Usage-DAILY-2023_11_16","11","DAILY","45","2023","","","","","","","","","","",""
"a3HUU00000003qj2AA","0051U0000028jHJQAY","0","Gateway_Usage-DAILY-2023_11_17","0128W000000axHn","2023-11-17 10:05:38","0051U0000028jHJQAY","2023-11-17 22:59:13","0051U0000028jHJQAY","2023-11-17 22:59:13","","","0","","","","","","","","","","","","2023-11-17 00:00:00","Friday","52","233","Gateway_Usage-DAILY-2023_11_17","11","DAILY","45","2023","","","","","","","","","","",""
"a3HUU00000004GX2AY","0051U0000028jHJQAY","0","Gateway_Usage-DAILY-2023_11_18","0128W000000axHn","2023-11-18 10:05:13","0051U0000028jHJQAY","2023-11-18 10:05:13","0051U0000028jHJQAY","2023-11-18 10:05:13","","","0","","","","","","","","","","","","2023-11-18 00:00:00","Saturday","1","2","Gateway_Usage-DAILY-2023_11_18","11","DAILY","45","2023","","","","","","","","","","",""
"a3HUU00000004YH2AY","0051U0000028jHJQAY","0","Gateway_Usage-DAILY-2023_11_19","0128W000000axHn","2023-11-20 10:05:35","0051U0000028jHJQAY","2023-11-20 10:05:35","0051U0000028jHJQAY","2023-11-20 10:05:35","","","0","","","","","","","","","","","","2023-11-19 00:00:00","Sunday","0","0","Gateway_Usage-DAILY-2023_11_19","11","DAILY","46","2023","","","","","","","","","","",""
"a3HUU00000004YI2AY","0051U0000028jHJQAY","0","Gateway_Usage-DAILY-2023_11_20","0128W000000axHn","2023-11-20 10:05:35","0051U0000028jHJQAY","2023-11-20 23:02:07","0051U0000028jHJQAY","2023-11-20 23:02:07","","","0","","","","","","","","","","","","2023-11-20 00:00:00","Monday","64","239","Gateway_Usage-DAILY-2023_11_20","11","DAILY","46","2023","","","","","","","","","","",""
"a3HUU00000004rd2AA","0051U0000028jHJQAY","0","Gateway_Usage-DAILY-2023_11_21","0128W000000axHn","2023-11-21 10:05:18","0051U0000028jHJQAY","2023-11-21 23:04:37","0051U0000028jHJQAY","2023-11-21 23:04:37","","","0","","","","","","","","","","","","2023-11-21 00:00:00","Tuesday","29","45","Gateway_Usage-DAILY-2023_11_21","11","DAILY","46","2023","","","","","","","","","","",""
"a3HUU00000005PV2AY","0051U0000028jHJQAY","0","Gateway_Usage-DAILY-2023_11_22","0128W000000axHn","2023-11-22 14:04:01","0051U0000028jHJQAY","2023-11-22 21:20:24","0051U0000028jHJQAY","2023-11-22 21:20:24","","","0","","","","","","","","","","","","2023-11-22 00:00:00","Wednesday","27","32","Gateway_Usage-DAILY-2023_11_22","11","DAILY","46","2023","","","","","","","","","","",""
"a3HUU00000005e12AA","0051U0000028jHJQAY","0","Gateway_Usage-DAILY-2023_11_23","0128W000000axHn","2023-11-23 10:05:20","0051U0000028jHJQAY","2023-11-23 10:08:52","0051U0000028jHJQAY","2023-11-23 10:08:52","","","0","","","","","","","","","","","","2023-11-23 00:00:00","Thursday","16","145","Gateway_Usage-DAILY-2023_11_23","11","DAILY","46","2023","","","","","","","","","","",""
"a3HUU00000005qv2AA","0051U0000028jHJQAY","0","Gateway_Usage-DAILY-2023_11_24","0128W000000axHn","2023-11-24 10:05:23","0051U0000028jHJQAY","2023-11-24 23:02:31","0051U0000028jHJQAY","2023-11-24 23:02:31","","","0","","","","","","","","","","","","2023-11-24 00:00:00","Friday","84","265","Gateway_Usage-DAILY-2023_11_24","11","DAILY","46","2023","","","","","","","","","","",""
"a3HUU00000006Bt2AI","0051U0000028jHJQAY","0","Gateway_Usage-DAILY-2023_11_25","0128W000000axHn","2023-11-27 10:05:19","0051U0000028jHJQAY","2023-11-27 10:05:19","0051U0000028jHJQAY","2023-11-27 10:05:19","","","0","","","","","","","","","","","","2023-11-25 00:00:00","Saturday","0","0","Gateway_Usage-DAILY-2023_11_25","11","DAILY","46","2023","","","","","","","","","","",""
"a3HUU00000006Bu2AI","0051U0000028jHJQAY","0","Gateway_Usage-DAILY-2023_11_26","0128W000000axHn","2023-11-27 10:05:19","0051U0000028jHJQAY","2023-11-27 10:05:19","0051U0000028jHJQAY","2023-11-27 10:05:19","","","0","","","","","","","","","","","","2023-11-26 00:00:00","Sunday","0","0","Gateway_Usage-DAILY-2023_11_26","11","DAILY","47","2023","","","","","","","","","","",""
"a3HUU00000006Bv2AI","0051U0000028jHJQAY","0","Gateway_Usage-DAILY-2023_11_27","0128W000000axHn","2023-11-27 10:05:19","0051U0000028jHJQAY","2023-11-27 22:59:00","0051U0000028jHJQAY","2023-11-27 22:59:00","","","0","","","","","","","","","","","","2023-11-27 00:00:00","Monday","46","201","Gateway_Usage-DAILY-2023_11_27","11","DAILY","47","2023","","","","","","","","","","",""
"a3HUU00000006YT2AY","0051U0000028jHJQAY","0","Gateway_Usage-DAILY-2023_11_28","0128W000000axHn","2023-11-28 10:05:35","0051U0000028jHJQAY","2023-11-28 22:56:38","0051U0000028jHJQAY","2023-11-28 22:56:38","","","0","","","","","","","","","","","","2023-11-28 00:00:00","Tuesday","26","50","Gateway_Usage-DAILY-2023_11_28","11","DAILY","47","2023","","","","","","","","","","",""
"a3HUU00000006tR2AQ","0051U0000028jHJQAY","0","Gateway_Usage-DAILY-2023_11_29","0128W000000axHn","2023-11-29 10:05:29","0051U0000028jHJQAY","2023-11-29 23:08:02","0051U0000028jHJQAY","2023-11-29 23:08:02","","","0","","","","","","","","","","","","2023-11-29 00:00:00","Wednesday","31","42","Gateway_Usage-DAILY-2023_11_29","11","DAILY","47","2023","","","","","","","","","","",""
"a3HUU00000007Ph2AI","0051U0000028jHJQAY","0","Gateway_Usage-DAILY-2023_11_30","0128W000000axHn","2023-11-30 10:05:41","0051U0000028jHJQAY","2023-11-30 23:04:18","0051U0000028jHJQAY","2023-11-30 23:04:18","","","0","","","","","","","","","","","","2023-11-30 00:00:00","Thursday","68","448","Gateway_Usage-DAILY-2023_11_30","11","DAILY","47","2023","","","","","","","","","","",""
"a3HUU00000007vx2AA","0051U0000028jHJQAY","0","Gateway_Usage-DAILY-2023_12_01","0128W000000axHn","2023-12-01 10:05:17","0051U0000028jHJQAY","2023-12-01 23:00:29","0051U0000028jHJQAY","2023-12-01 23:00:29","","","0","","","","","","","","","","","","2023-12-01 00:00:00","Friday","51","359","Gateway_Usage-DAILY-2023_12_01","12","DAILY","47","2023","","","","","","","","","","",""
"a3HUU00000009GD2AY","0051U0000028jHJQAY","0","Gateway_Usage-DAILY-2023_12_02","0128W000000axHn","2023-12-04 10:05:30","0051U0000028jHJQAY","2023-12-04 10:05:30","0051U0000028jHJQAY","2023-12-04 10:05:30","","","0","","","","","","","","","","","","2023-12-02 00:00:00","Saturday","0","0","Gateway_Usage-DAILY-2023_12_02","12","DAILY","47","2023","","","","","","","","","","",""
"a3HUU00000009GE2AY","0051U0000028jHJQAY","0","Gateway_Usage-DAILY-2023_12_03","0128W000000axHn","2023-12-04 10:05:30","0051U0000028jHJQAY","2023-12-04 10:05:30","0051U0000028jHJQAY","2023-12-04 10:05:30","","","0","","","","","","","","","","","","2023-12-03 00:00:00","Sunday","0","0","Gateway_Usage-DAILY-2023_12_03","12","DAILY","48","2023","","","","","","","","","","",""
"a3HUU00000009GF2AY","0051U0000028jHJQAY","0","Gateway_Usage-DAILY-2023_12_04","0128W000000axHn","2023-12-04 10:05:30","0051U0000028jHJQAY","2023-12-04 23:06:39","0051U0000028jHJQAY","2023-12-04 23:06:39","","","0","","","","","","","","","","","","2023-12-04 00:00:00","Monday","79","335","Gateway_Usage-DAILY-2023_12_04","12","DAILY","48","2023","","","","","","","","","","",""
"a3HUU00000009bB2AQ","0051U0000028jHJQAY","0","Gateway_Usage-DAILY-2023_12_05","0128W000000axHn","2023-12-05 10:05:26","0051U0000028jHJQAY","2023-12-05 23:07:14","0051U0000028jHJQAY","2023-12-05 23:07:14","","","0","","","","","","","","","","","","2023-12-05 00:00:00","Tuesday","24","30","Gateway_Usage-DAILY-2023_12_05","12","DAILY","48","2023","","","","","","","","","","",""
"a3HUU00000009zN2AQ","0051U0000028jHJQAY","0","Gateway_Usage-DAILY-2023_12_06","0128W000000axHn","2023-12-06 10:05:21","0051U0000028jHJQAY","2023-12-06 22:38:23","0051U0000028jHJQAY","2023-12-06 22:38:23","","","0","","","","","","","","","","","","2023-12-06 00:00:00","Wednesday","7","12","Gateway_Usage-DAILY-2023_12_06","12","DAILY","48","2023","","","","","","","","","","",""
"a3HUU0000000AXF2A2","0051U0000028jHJQAY","0","Gateway_Usage-DAILY-2023_12_07","0128W000000axHn","2023-12-07 10:05:27","0051U0000028jHJQAY","2023-12-07 22:44:13","0051U0000028jHJQAY","2023-12-07 22:44:13","","","0","","","","","","","","","","","","2023-12-07 00:00:00","Thursday","36","262","Gateway_Usage-DAILY-2023_12_07","12","DAILY","48","2023","","","","","","","","","","",""
"a3HUU0000000Ayf2AE","0051U0000028jHJQAY","0","Gateway_Usage-DAILY-2023_12_08","0128W000000axHn","2023-12-08 10:05:14","0051U0000028jHJQAY","2023-12-08 21:15:42","0051U0000028jHJQAY","2023-12-08 21:15:42","","","0","","","","","","","","","","","","2023-12-08 00:00:00","Friday","45","293","Gateway_Usage-DAILY-2023_12_08","12","DAILY","48","2023","","","","","","","","","","",""
"a3HUU0000000BTJ2A2","0051U0000028jHJQAY","0","Gateway_Usage-DAILY-2023_12_09","0128W000000axHn","2023-12-11 10:05:22","0051U0000028jHJQAY","2023-12-11 10:05:22","0051U0000028jHJQAY","2023-12-11 10:05:22","","","0","","","","","","","","","","","","2023-12-09 00:00:00","Saturday","0","0","Gateway_Usage-DAILY-2023_12_09","12","DAILY","48","2023","","","","","","","","","","",""
"a3HUU0000000BTK2A2","0051U0000028jHJQAY","0","Gateway_Usage-DAILY-2023_12_10","0128W000000axHn","2023-12-11 10:05:22","0051U0000028jHJQAY","2023-12-11 10:05:22","0051U0000028jHJQAY","2023-12-11 10:05:22","","","0","","","","","","","","","","","","2023-12-10 00:00:00","Sunday","0","0","Gateway_Usage-DAILY-2023_12_10","12","DAILY","49","2023","","","","","","","","","","",""
"a3HUU0000000BTL2A2","0051U0000028jHJQAY","0","Gateway_Usage-DAILY-2023_12_11","0128W000000axHn","2023-12-11 10:05:22","0051U0000028jHJQAY","2023-12-11 21:12:52","0051U0000028jHJQAY","2023-12-11 21:12:52","","","0","","","","","","","","","","","","2023-12-11 00:00:00","Monday","40","271","Gateway_Usage-DAILY-2023_12_11","12","DAILY","49","2023","","","","","","","","","","",""
"a3HUU0000000BoH2AU","0051U0000028jHJQAY","0","Gateway_Usage-DAILY-2023_12_12","0128W000000axHn","2023-12-12 10:05:26","0051U0000028jHJQAY","2023-12-12 23:01:10","0051U0000028jHJQAY","2023-12-12 23:01:10","","","0","","","","","","","","","","","","2023-12-12 00:00:00","Tuesday","17","21","Gateway_Usage-DAILY-2023_12_12","12","DAILY","49","2023","","","","","","","","","","",""
"a3HUU0000000C612AE","0051U0000028jHJQAY","0","Gateway_Usage-DAILY-2023_12_13","0128W000000axHn","2023-12-13 10:05:15","0051U0000028jHJQAY","2023-12-13 21:32:50","0051U0000028jHJQAY","2023-12-13 21:32:50","","","0","","","","","","","","","","","","2023-12-13 00:00:00","Wednesday","33","42","Gateway_Usage-DAILY-2023_12_13","12","DAILY","49","2023","","","","","","","","","","",""
"a3HUU0000000CKX2A2","0051U0000028jHJQAY","0","Gateway_Usage-DAILY-2023_12_14","0128W000000axHn","2023-12-14 10:05:52","0051U0000028jHJQAY","2023-12-14 23:04:53","0051U0000028jHJQAY","2023-12-14 23:04:53","","","0","","","","","","","","","","","","2023-12-14 00:00:00","Thursday","37","237","Gateway_Usage-DAILY-2023_12_14","12","DAILY","49","2023","","","","","","","","","","",""
"a3HUU0000000Ch72AE","0051U0000028jHJQAY","0","Gateway_Usage-DAILY-2023_12_15","0128W000000axHn","2023-12-15 10:05:42","0051U0000028jHJQAY","2023-12-15 23:06:17","0051U0000028jHJQAY","2023-12-15 23:06:17","","","0","","","","","","","","","","","","2023-12-15 00:00:00","Friday","63","413","Gateway_Usage-DAILY-2023_12_15","12","DAILY","49","2023","","","","","","","","","","",""
"a3HUU0000000D252AE","0051U0000028jHJQAY","0","Gateway_Usage-DAILY-2023_12_16","0128W000000axHn","2023-12-16 10:05:09","0051U0000028jHJQAY","2023-12-16 10:05:09","0051U0000028jHJQAY","2023-12-16 10:05:09","","","0","","","","","","","","","","","","2023-12-16 00:00:00","Saturday","1","2","Gateway_Usage-DAILY-2023_12_16","12","DAILY","49","2023","","","","","","","","","","",""
"a3HUU0000000DGb2AM","0051U0000028jHJQAY","0","Gateway_Usage-DAILY-2023_12_17","0128W000000axHn","2023-12-18 10:05:40","0051U0000028jHJQAY","2023-12-18 10:05:40","0051U0000028jHJQAY","2023-12-18 10:05:40","","","0","","","","","","","","","","","","2023-12-17 00:00:00","Sunday","0","0","Gateway_Usage-DAILY-2023_12_17","12","DAILY","50","2023","","","","","","","","","","",""
"a3HUU0000000DGc2AM","0051U0000028jHJQAY","0","Gateway_Usage-DAILY-2023_12_18","0128W000000axHn","2023-12-18 10:05:40","0051U0000028jHJQAY","2023-12-18 23:07:47","0051U0000028jHJQAY","2023-12-18 23:07:47","","","0","","","","","","","","","","","","2023-12-18 00:00:00","Monday","62","328","Gateway_Usage-DAILY-2023_12_18","12","DAILY","50","2023","","","","","","","","","","",""
"a3HUU0000000DtJ2AU","0051U0000028jHJQAY","0","Gateway_Usage-DAILY-2023_12_19","0128W000000axHn","2023-12-19 10:05:28","0051U0000028jHJQAY","2023-12-19 21:58:44","0051U0000028jHJQAY","2023-12-19 21:58:44","","","0","","","","","","","","","","","","2023-12-19 00:00:00","Tuesday","36","49","Gateway_Usage-DAILY-2023_12_19","12","DAILY","50","2023","","","","","","","","","","",""
"a3HUU0000000EJ72AM","0051U0000028jHJQAY","0","Gateway_Usage-DAILY-2023_12_20","0128W000000axHn","2023-12-20 10:05:48","0051U0000028jHJQAY","2023-12-20 22:59:38","0051U0000028jHJQAY","2023-12-20 22:59:38","","","0","","","","","","","","","","","","2023-12-20 00:00:00","Wednesday","26","57","Gateway_Usage-DAILY-2023_12_20","12","DAILY","50","2023","","","","","","","","","","",""
"a3HUU0000000Eiv2AE","0051U0000028jHJQAY","0","Gateway_Usage-DAILY-2023_12_21","0128W000000axHn","2023-12-21 10:05:31","0051U0000028jHJQAY","2023-12-21 22:59:24","0051U0000028jHJQAY","2023-12-21 22:59:24","","","0","","","","","","","","","","","","2023-12-21 00:00:00","Thursday","86","277","Gateway_Usage-DAILY-2023_12_21","12","DAILY","50","2023","","","","","","","","","","",""
"a3HUU0000000F772AE","0051U0000028jHJQAY","0","Gateway_Usage-DAILY-2023_12_22","0128W000000axHn","2023-12-22 10:05:34","0051U0000028jHJQAY","2023-12-22 21:28:48","0051U0000028jHJQAY","2023-12-22 21:28:48","","","0","","","","","","","","","","","","2023-12-22 00:00:00","Friday","59","304","Gateway_Usage-DAILY-2023_12_22","12","DAILY","50","2023","","","","","","","","","","",""
"a3HUU0000000Frt2AE","0051U0000028jHJQAY","0","Gateway_Usage-DAILY-2023_12_23","0128W000000axHn","2023-12-25 10:05:17","0051U0000028jHJQAY","2023-12-25 10:05:17","0051U0000028jHJQAY","2023-12-25 10:05:17","","","0","","","","","","","","","","","","2023-12-23 00:00:00","Saturday","0","0","Gateway_Usage-DAILY-2023_12_23","12","DAILY","50","2023","","","","","","","","","","",""
"a3HUU0000000Fru2AE","0051U0000028jHJQAY","0","Gateway_Usage-DAILY-2023_12_24","0128W000000axHn","2023-12-25 10:05:17","0051U0000028jHJQAY","2023-12-25 10:05:17","0051U0000028jHJQAY","2023-12-25 10:05:17","","","0","","","","","","","","","","","","2023-12-24 00:00:00","Sunday","0","0","Gateway_Usage-DAILY-2023_12_24","12","DAILY","51","2023","","","","","","","","","","",""
"a3HUU0000000Frv2AE","0051U0000028jHJQAY","0","Gateway_Usage-DAILY-2023_12_25","0128W000000axHn","2023-12-25 10:05:17","0051U0000028jHJQAY","2023-12-25 10:10:56","0051U0000028jHJQAY","2023-12-25 10:10:56","","","0","","","","","","","","","","","","2023-12-25 00:00:00","Monday","27","255","Gateway_Usage-DAILY-2023_12_25","12","DAILY","51","2023","","","","","","","","","","",""
"a3HUU0000000Fzx2AE","0051U0000028jHJQAY","0","Gateway_Usage-DAILY-2023_12_26","0128W000000axHn","2023-12-26 10:05:17","0051U0000028jHJQAY","2023-12-26 22:13:16","0051U0000028jHJQAY","2023-12-26 22:13:16","","","0","","","","","","","","","","","","2023-12-26 00:00:00","Tuesday","39","48","Gateway_Usage-DAILY-2023_12_26","12","DAILY","51","2023","","","","","","","","","","",""
"a3HUU0000000G9d2AE","0051U0000028jHJQAY","0","Gateway_Usage-DAILY-2023_12_27","0128W000000axHn","2023-12-27 10:05:12","0051U0000028jHJQAY","2023-12-28 02:04:12","0051U0000028jHJQAY","2023-12-28 02:04:12","","","0","","","","","","","","","","","","2023-12-27 00:00:00","Wednesday","21","27","Gateway_Usage-DAILY-2023_12_27","12","DAILY","51","2023","","","","","","","","","","",""
"a3HUU0000000GJJ2A2","0051U0000028jHJQAY","0","Gateway_Usage-DAILY-2023_12_28","0128W000000axHn","2023-12-28 10:05:24","0051U0000028jHJQAY","2023-12-28 23:00:27","0051U0000028jHJQAY","2023-12-28 23:00:27","","","0","","","","","","","","","","","","2023-12-28 00:00:00","Thursday","52","267","Gateway_Usage-DAILY-2023_12_28","12","DAILY","51","2023","","","","","","","","","","",""
"a3HUU0000000Gcf2AE","0051U0000028jHJQAY","0","Gateway_Usage-DAILY-2023_12_29","0128W000000axHn","2023-12-29 10:05:20","0051U0000028jHJQAY","2023-12-29 20:55:11","0051U0000028jHJQAY","2023-12-29 20:55:11","","","0","","","","","","","","","","","","2023-12-29 00:00:00","Friday","76","602","Gateway_Usage-DAILY-2023_12_29","12","DAILY","51","2023","","","","","","","","","","",""
"a3HUU0000000Gnx2AE","0051U0000028jHJQAY","0","Gateway_Usage-DAILY-2023_12_30","0128W000000axHn","2023-12-30 10:08:08","0051U0000028jHJQAY","2023-12-30 10:08:08","0051U0000028jHJQAY","2023-12-30 10:08:08","","","0","","","","","","","","","","","","2023-12-30 00:00:00","Saturday","1","4","Gateway_Usage-DAILY-2023_12_30","12","DAILY","51","2023","","","","","","","","","","",""
"a3HUU0000000H5h2AE","0051U0000028jHJQAY","0","Gateway_Usage-DAILY-2023_12_31","0128W000000axHn","2024-01-01 10:05:22","0051U0000028jHJQAY","2024-01-01 10:05:22","0051U0000028jHJQAY","2024-01-01 10:05:22","","","0","","","","","","","","","","","","2023-12-31 00:00:00","Sunday","0","0","Gateway_Usage-DAILY-2023_12_31","12","DAILY","52","2023","","","","","","","","","","",""
"a3HUU0000000H5i2AE","0051U0000028jHJQAY","0","Gateway_Usage-DAILY-2024_01_01","0128W000000axHn","2024-01-01 10:05:22","0051U0000028jHJQAY","2024-01-01 10:14:27","0051U0000028jHJQAY","2024-01-01 10:14:27","","","0","","","","","","","","","","","","2024-01-01 00:00:00","Monday","40","388","Gateway_Usage-DAILY-2024_01_01","1","DAILY","52","2024","","","","","","","","","","",""
"a3HUU0000000HFN2A2","0051U0000028jHJQAY","0","Gateway_Usage-DAILY-2024_01_02","0128W000000axHn","2024-01-02 10:05:12","0051U0000028jHJQAY","2024-01-02 21:18:00","0051U0000028jHJQAY","2024-01-02 21:18:00","","","0","","","","","","","","","","","","2024-01-02 00:00:00","Tuesday","10","24","Gateway_Usage-DAILY-2024_01_02","1","DAILY","52","2024","","","","","","","","","","",""
"a3HUU0000000Hor2AE","0051U0000028jHJQAY","0","Gateway_Usage-DAILY-2024_01_03","0128W000000axHn","2024-01-03 10:06:03","0051U0000028jHJQAY","2024-01-03 20:56:14","0051U0000028jHJQAY","2024-01-03 20:56:14","","","0","","","","","","","","","","","","2024-01-03 00:00:00","Wednesday","6","21","Gateway_Usage-DAILY-2024_01_03","1","DAILY","52","2024","","","","","","","","","","",""
"a3HUU0000000IL72AM","0051U0000028jHJQAY","0","Gateway_Usage-DAILY-2024_01_04","0128W000000axHn","2024-01-04 10:05:43","0051U0000028jHJQAY","2024-01-04 21:37:16","0051U0000028jHJQAY","2024-01-04 21:37:16","","","0","","","","","","","","","","","","2024-01-04 00:00:00","Thursday","41","359","Gateway_Usage-DAILY-2024_01_04","1","DAILY","52","2024","","","","","","","","","","",""
"a3HUU0000000Ipl2AE","0051U0000028jHJQAY","0","Gateway_Usage-DAILY-2024_01_05","0128W000000axHn","2024-01-05 10:05:28","0051U0000028jHJQAY","2024-01-05 18:46:21","0051U0000028jHJQAY","2024-01-05 18:46:21","","","0","","","","","","","","","","","","2024-01-05 00:00:00","Friday","45","390","Gateway_Usage-DAILY-2024_01_05","1","DAILY","52","2024","","","","","","","","","","",""
"a3HUU0000000JQr2AM","0051U0000028jHJQAY","0","Gateway_Usage-DAILY-2024_01_06","0128W000000axHn","2024-01-08 10:05:19","0051U0000028jHJQAY","2024-01-08 10:05:19","0051U0000028jHJQAY","2024-01-08 10:05:19","","","0","","","","","","","","","","","","2024-01-06 00:00:00","Saturday","0","0","Gateway_Usage-DAILY-2024_01_06","1","DAILY","52","2024","","","","","","","","","","",""
"a3HUU0000000JQs2AM","0051U0000028jHJQAY","0","Gateway_Usage-DAILY-2024_01_07","0128W000000axHn","2024-01-08 10:05:19","0051U0000028jHJQAY","2024-01-08 10:05:19","0051U0000028jHJQAY","2024-01-08 10:05:19","","","0","","","","","","","","","","","","2024-01-07 00:00:00","Sunday","0","0","Gateway_Usage-DAILY-2024_01_07","1","DAILY","1","2024","","","","","","","","","","",""
"a3HUU0000000JQt2AM","0051U0000028jHJQAY","0","Gateway_Usage-DAILY-2024_01_08","0128W000000axHn","2024-01-08 10:05:19","0051U0000028jHJQAY","2024-01-08 22:02:48","0051U0000028jHJQAY","2024-01-08 22:02:48","","","0","","","","","","","","","","","","2024-01-08 00:00:00","Monday","41","366","Gateway_Usage-DAILY-2024_01_08","1","DAILY","1","2024","","","","","","","","","","",""
"a3HUU0000000Jqf2AE","0051U0000028jHJQAY","0","Gateway_Usage-DAILY-2024_01_09","0128W000000axHn","2024-01-09 10:05:20","0051U0000028jHJQAY","2024-01-09 17:23:18","0051U0000028jHJQAY","2024-01-09 17:23:18","","","0","","","","","","","","","","","","2024-01-09 00:00:00","Tuesday","5","7","Gateway_Usage-DAILY-2024_01_09","1","DAILY","1","2024","","","","","","","","","","",""
"a3HUU0000000KI52AM","0051U0000028jHJQAY","0","Gateway_Usage-DAILY-2024_01_10","0128W000000axHn","2024-01-10 10:05:33","0051U0000028jHJQAY","2024-01-10 20:32:44","0051U0000028jHJQAY","2024-01-10 20:32:44","","","0","","","","","","","","","","","","2024-01-10 00:00:00","Wednesday","5","23","Gateway_Usage-DAILY-2024_01_10","1","DAILY","1","2024","","","","","","","","","","",""
"a3HUU0000000Kl72AE","0051U0000028jHJQAY","0","Gateway_Usage-DAILY-2024_01_11","0128W000000axHn","2024-01-11 10:05:40","0051U0000028jHJQAY","2024-01-11 20:49:40","0051U0000028jHJQAY","2024-01-11 20:49:40","","","0","","","","","","","","","","","","2024-01-11 00:00:00","Thursday","38","335","Gateway_Usage-DAILY-2024_01_11","1","DAILY","1","2024","","","","","","","","","","",""
"a3HUU0000000L9J2AU","0051U0000028jHJQAY","0","Gateway_Usage-DAILY-2024_01_12","0128W000000axHn","2024-01-12 10:05:22","0051U0000028jHJQAY","2024-01-12 21:09:29","0051U0000028jHJQAY","2024-01-12 21:09:29","","","0","","","","","","","","","","","","2024-01-12 00:00:00","Friday","47","369","Gateway_Usage-DAILY-2024_01_12","1","DAILY","1","2024","","","","","","","","","","",""
"a3HUU0000000LZ72AM","0051U0000028jHJQAY","0","Gateway_Usage-DAILY-2024_01_13","0128W000000axHn","2024-01-13 10:05:21","0051U0000028jHJQAY","2024-01-13 10:05:21","0051U0000028jHJQAY","2024-01-13 10:05:21","","","0","","","","","","","","","","","","2024-01-13 00:00:00","Saturday","1","2","Gateway_Usage-DAILY-2024_01_13","1","DAILY","1","2024","","","","","","","","","","",""
"a3HUU0000000LpF2AU","0051U0000028jHJQAY","0","Gateway_Usage-DAILY-2024_01_14","0128W000000axHn","2024-01-15 10:05:20","0051U0000028jHJQAY","2024-01-15 10:05:20","0051U0000028jHJQAY","2024-01-15 10:05:20","","","0","","","","","","","","","","","","2024-01-14 00:00:00","Sunday","0","0","Gateway_Usage-DAILY-2024_01_14","1","DAILY","2","2024","","","","","","","","","","",""
"a3HUU0000000LpG2AU","0051U0000028jHJQAY","0","Gateway_Usage-DAILY-2024_01_15","0128W000000axHn","2024-01-15 10:05:20","0051U0000028jHJQAY","2024-01-15 22:25:18","0051U0000028jHJQAY","2024-01-15 22:25:18","","","0","","","","","","","","","","","","2024-01-15 00:00:00","Monday","53","460","Gateway_Usage-DAILY-2024_01_15","1","DAILY","2","2024","","","","","","","","","","",""
"a3HUU0000000LxJ2AU","0051U0000028jHJQAY","0","Gateway_Usage-DAILY-2024_01_16","0128W000000axHn","2024-01-16 10:05:19","0051U0000028jHJQAY","2024-01-16 15:36:39","0051U0000028jHJQAY","2024-01-16 15:36:39","","","0","","","","","","","","","","","","2024-01-16 00:00:00","Tuesday","6","27","Gateway_Usage-DAILY-2024_01_16","1","DAILY","2","2024","","","","","","","","","","",""
"a3HUU0000000MTZ2A2","0051U0000028jHJQAY","0","Gateway_Usage-DAILY-2024_01_17","0128W000000axHn","2024-01-17 10:05:46","0051U0000028jHJQAY","2024-01-17 22:19:06","0051U0000028jHJQAY","2024-01-17 22:19:06","","","0","","","","","","","","","","","","2024-01-17 00:00:00","Wednesday","5","16","Gateway_Usage-DAILY-2024_01_17","1","DAILY","2","2024","","","","","","","","","","",""
"a3HUU0000000MoX2AU","0051U0000028jHJQAY","0","Gateway_Usage-DAILY-2024_01_18","0128W000000axHn","2024-01-18 10:05:49","0051U0000028jHJQAY","2024-01-18 20:37:56","0051U0000028jHJQAY","2024-01-18 20:37:56","","","0","","","","","","","","","","","","2024-01-18 00:00:00","Thursday","43","389","Gateway_Usage-DAILY-2024_01_18","1","DAILY","2","2024","","","","","","","","","","",""
"a3HUU0000000NB72AM","0051U0000028jHJQAY","0","Gateway_Usage-DAILY-2024_01_19","0128W000000axHn","2024-01-19 10:05:22","0051U0000028jHJQAY","2024-01-19 22:35:55","0051U0000028jHJQAY","2024-01-19 22:35:55","","","0","","","","","","","","","","","","2024-01-19 00:00:00","Friday","52","450","Gateway_Usage-DAILY-2024_01_19","1","DAILY","2","2024","","","","","","","","","","",""
"a3HUU0000000Nsf2AE","0051U0000028jHJQAY","0","Gateway_Usage-DAILY-2024_01_20","0128W000000axHn","2024-01-22 10:05:22","0051U0000028jHJQAY","2024-01-22 10:05:22","0051U0000028jHJQAY","2024-01-22 10:05:22","","","0","","","","","","","","","","","","2024-01-20 00:00:00","Saturday","0","0","Gateway_Usage-DAILY-2024_01_20","1","DAILY","2","2024","","","","","","","","","","",""
"a3HUU0000000Nsg2AE","0051U0000028jHJQAY","0","Gateway_Usage-DAILY-2024_01_21","0128W000000axHn","2024-01-22 10:05:22","0051U0000028jHJQAY","2024-01-22 10:05:22","0051U0000028jHJQAY","2024-01-22 10:05:22","","","0","","","","","","","","","","","","2024-01-21 00:00:00","Sunday","0","0","Gateway_Usage-DAILY-2024_01_21","1","DAILY","3","2024","","","","","","","","","","",""
"a3HUU0000000Nsh2AE","0051U0000028jHJQAY","0","Gateway_Usage-DAILY-2024_01_22","0128W000000axHn","2024-01-22 10:05:22","0051U0000028jHJQAY","2024-01-22 22:47:31","0051U0000028jHJQAY","2024-01-22 22:47:31","","","0","","","","","","","","","","","","2024-01-22 00:00:00","Monday","54","413","Gateway_Usage-DAILY-2024_01_22","1","DAILY","3","2024","","","","","","","","","","",""
"a3HUU0000000ONJ2A2","0051U0000028jHJQAY","0","Gateway_Usage-DAILY-2024_01_23","0128W000000axHn","2024-01-23 10:05:16","0051U0000028jHJQAY","2024-01-23 17:14:00","0051U0000028jHJQAY","2024-01-23 17:14:00","","","0","","","","","","","","","","","","2024-01-23 00:00:00","Tuesday","9","19","Gateway_Usage-DAILY-2024_01_23","1","DAILY","3","2024","","","","","","","","","","",""
"a3HUU0000000On72AE","0051U0000028jHJQAY","0","Gateway_Usage-DAILY-2024_01_24","0128W000000axHn","2024-01-24 15:22:48","0051U0000028jHJQAY","2024-01-24 22:10:15","0051U0000028jHJQAY","2024-01-24 22:10:15","","","0","","","","","","","","","","","","2024-01-24 00:00:00","Wednesday","6","9","Gateway_Usage-DAILY-2024_01_24","1","DAILY","3","2024","","","","","","","","","","",""
"a3HUU0000000P012AE","0051U0000028jHJQAY","0","Gateway_Usage-DAILY-2024_01_25","0128W000000axHn","2024-01-25 10:05:20","0051U0000028jHJQAY","2024-01-25 20:12:29","0051U0000028jHJQAY","2024-01-25 20:12:29","","","0","","","","","","","","","","","","2024-01-25 00:00:00","Thursday","49","409","Gateway_Usage-DAILY-2024_01_25","1","DAILY","3","2024","","","","","","","","","","",""
"a3HUU0000000P852AE","0051U0000028jHJQAY","0","Gateway_Usage-DAILY-2024_01_26","0128W000000axHn","2024-01-26 10:05:24","0051U0000028jHJQAY","2024-01-26 21:50:27","0051U0000028jHJQAY","2024-01-26 21:50:27","","","0","","","","","","","","","","","","2024-01-26 00:00:00","Friday","92","769","Gateway_Usage-DAILY-2024_01_26","1","DAILY","3","2024","","","","","","","","","","",""
"a3HUU0000000PZV2A2","0051U0000028jHJQAY","0","Gateway_Usage-DAILY-2024_01_27","0128W000000axHn","2024-01-27 10:05:09","0051U0000028jHJQAY","2024-01-27 10:05:09","0051U0000028jHJQAY","2024-01-27 10:05:09","","","0","","","","","","","","","","","","2024-01-27 00:00:00","Saturday","1","1","Gateway_Usage-DAILY-2024_01_27","1","DAILY","3","2024","","","","","","","","","","",""
"a3HUU0000000Pkn2AE","0051U0000028jHJQAY","0","Gateway_Usage-DAILY-2024_01_28","0128W000000axHn","2024-01-29 10:05:28","0051U0000028jHJQAY","2024-01-29 10:05:28","0051U0000028jHJQAY","2024-01-29 10:05:28","","","0","","","","","","","","","","","","2024-01-28 00:00:00","Sunday","0","0","Gateway_Usage-DAILY-2024_01_28","1","DAILY","4","2024","","","","","","","","","","",""
"a3HUU0000000Pko2AE","0051U0000028jHJQAY","0","Gateway_Usage-DAILY-2024_01_29","0128W000000axHn","2024-01-29 10:05:28","0051U0000028jHJQAY","2024-01-29 23:10:33","0051U0000028jHJQAY","2024-01-29 23:10:33","","","0","","","","","","","","","","","","2024-01-29 00:00:00","Monday","63","535","Gateway_Usage-DAILY-2024_01_29","1","DAILY","4","2024","","","","","","","","","","",""
"a3HUU0000000Q0v2AE","0051U0000028jHJQAY","0","Gateway_Usage-DAILY-2024_01_30","0128W000000axHn","2024-01-30 10:05:16","0051U0000028jHJQAY","2024-01-30 21:08:55","0051U0000028jHJQAY","2024-01-30 21:08:55","","","0","","","","","","","","","","","","2024-01-30 00:00:00","Tuesday","11","23","Gateway_Usage-DAILY-2024_01_30","1","DAILY","4","2024","","","","","","","","","","",""
"a3HUU0000000QQj2AM","0051U0000028jHJQAY","0","Gateway_Usage-DAILY-2024_01_31","0128W000000axHn","2024-01-31 10:05:13","0051U0000028jHJQAY","2024-01-31 20:08:37","0051U0000028jHJQAY","2024-01-31 20:08:37","","","0","","","","","","","","","","","","2024-01-31 00:00:00","Wednesday","11","20","Gateway_Usage-DAILY-2024_01_31","1","DAILY","4","2024","","","","","","","","","","",""
"a3HUU0000000QiT2AU","0051U0000028jHJQAY","0","Gateway_Usage-DAILY-2024_02_01","0128W000000axHn","2024-02-01 10:05:20","0051U0000028jHJQAY","2024-02-01 22:46:46","0051U0000028jHJQAY","2024-02-01 22:46:46","","","0","","","","","","","","","","","","2024-02-01 00:00:00","Thursday","58","532","Gateway_Usage-DAILY-2024_02_01","2","DAILY","4","2024","","","","","","","","","","",""
"a3HUU0000000R0D2AU","0051U0000028jHJQAY","0","Gateway_Usage-DAILY-2024_02_02","0128W000000axHn","2024-02-02 10:05:31","0051U0000028jHJQAY","2024-02-02 20:24:02","0051U0000028jHJQAY","2024-02-02 20:24:02","","","0","","","","","","","","","","","","2024-02-02 00:00:00","Friday","57","529","Gateway_Usage-DAILY-2024_02_02","2","DAILY","4","2024","","","","","","","","","","",""
"a3HUU0000000RTF2A2","0051U0000028jHJQAY","0","Gateway_Usage-DAILY-2024_02_03","0128W000000axHn","2024-02-05 10:05:18","0051U0000028jHJQAY","2024-02-05 10:05:18","0051U0000028jHJQAY","2024-02-05 10:05:18","","","0","","","","","","","","","","","","2024-02-03 00:00:00","Saturday","0","0","Gateway_Usage-DAILY-2024_02_03","2","DAILY","4","2024","","","","","","","","","","",""
"a3HUU0000000RTG2A2","0051U0000028jHJQAY","0","Gateway_Usage-DAILY-2024_02_04","0128W000000axHn","2024-02-05 10:05:18","0051U0000028jHJQAY","2024-02-05 10:05:18","0051U0000028jHJQAY","2024-02-05 10:05:18","","","0","","","","","","","","","","","","2024-02-04 00:00:00","Sunday","0","0","Gateway_Usage-DAILY-2024_02_04","2","DAILY","5","2024","","","","","","","","","","",""
"a3HUU0000000RTH2A2","0051U0000028jHJQAY","0","Gateway_Usage-DAILY-2024_02_05","0128W000000axHn","2024-02-05 10:05:18","0051U0000028jHJQAY","2024-02-05 22:52:24","0051U0000028jHJQAY","2024-02-05 22:52:24","","","0","","","","","","","","","","","","2024-02-05 00:00:00","Monday","64","515","Gateway_Usage-DAILY-2024_02_05","2","DAILY","5","2024","","","","","","","","","","",""
"a3HUU0000000Rpp2AE","0051U0000028jHJQAY","0","Gateway_Usage-DAILY-2024_02_06","0128W000000axHn","2024-02-06 10:05:24","0051U0000028jHJQAY","2024-02-06 22:26:11","0051U0000028jHJQAY","2024-02-06 22:26:11","","","0","","","","","","","","","","","","2024-02-06 00:00:00","Tuesday","7","14","Gateway_Usage-DAILY-2024_02_06","2","DAILY","5","2024","","","","","","","","","","",""
"a3HUU0000000S9B2AU","0051U0000028jHJQAY","0","Gateway_Usage-DAILY-2024_02_07","0128W000000axHn","2024-02-07 10:05:14","0051U0000028jHJQAY","2024-02-07 20:35:20","0051U0000028jHJQAY","2024-02-07 20:35:20","","","0","","","","","","","","","","","","2024-02-07 00:00:00","Wednesday","15","23","Gateway_Usage-DAILY-2024_02_07","2","DAILY","5","2024","","","","","","","","","","",""
"a3HUU0000000SQv2AM","0051U0000028jHJQAY","0","Gateway_Usage-DAILY-2024_02_08","0128W000000axHn","2024-02-08 10:05:25","0051U0000028jHJQAY","2024-02-08 22:21:56","0051U0000028jHJQAY","2024-02-08 22:21:56","","","0","","","","","","","","","","","","2024-02-08 00:00:00","Thursday","60","487","Gateway_Usage-DAILY-2024_02_08","2","DAILY","5","2024","","","","","","","","","","",""
"a3HUU0000000Syn2AE","0051U0000028jHJQAY","0","Gateway_Usage-DAILY-2024_02_09","0128W000000axHn","2024-02-09 10:05:17","0051U0000028jHJQAY","2024-02-09 21:30:42","0051U0000028jHJQAY","2024-02-09 21:30:42","","","0","","","","","","","","","","","","2024-02-09 00:00:00","Friday","65","494","Gateway_Usage-DAILY-2024_02_09","2","DAILY","5","2024","","","","","","","","","","",""
"a3HUU0000000TRp2AM","0051U0000028jHJQAY","0","Gateway_Usage-DAILY-2024_02_10","0128W000000axHn","2024-02-12 10:05:22","0051U0000028jHJQAY","2024-02-12 10:05:22","0051U0000028jHJQAY","2024-02-12 10:05:22","","","0","","","","","","","","","","","","2024-02-10 00:00:00","Saturday","0","0","Gateway_Usage-DAILY-2024_02_10","2","DAILY","5","2024","","","","","","","","","","",""
"a3HUU0000000TRq2AM","0051U0000028jHJQAY","0","Gateway_Usage-DAILY-2024_02_11","0128W000000axHn","2024-02-12 10:05:22","0051U0000028jHJQAY","2024-02-12 10:05:22","0051U0000028jHJQAY","2024-02-12 10:05:22","","","0","","","","","","","","","","","","2024-02-11 00:00:00","Sunday","0","0","Gateway_Usage-DAILY-2024_02_11","2","DAILY","6","2024","","","","","","","","","","",""
"a3HUU0000000TRr2AM","0051U0000028jHJQAY","0","Gateway_Usage-DAILY-2024_02_12","0128W000000axHn","2024-02-12 10:05:22","0051U0000028jHJQAY","2024-02-12 23:40:59","0051U0000028jHJQAY","2024-02-12 23:40:59","","","0","","","","","","","","","","","","2024-02-12 00:00:00","Monday","55","469","Gateway_Usage-DAILY-2024_02_12","2","DAILY","6","2024","","","","","","","","","","",""
"a3HUU0000000TlB2AU","0051U0000028jHJQAY","0","Gateway_Usage-DAILY-2024_02_13","0128W000000axHn","2024-02-13 10:05:28","0051U0000028jHJQAY","2024-02-13 23:01:57","0051U0000028jHJQAY","2024-02-13 23:01:57","","","0","","","","","","","","","","","","2024-02-13 00:00:00","Tuesday","33","38","Gateway_Usage-DAILY-2024_02_13","2","DAILY","6","2024","","","","","","","","","","",""
"a3HUU0000000U2v2AE","0051U0000028jHJQAY","0","Gateway_Usage-DAILY-2024_02_14","0128W000000axHn","2024-02-14 10:05:17","0051U0000028jHJQAY","2024-02-14 23:05:35","0051U0000028jHJQAY","2024-02-14 23:05:35","","","0","","","","","","","","","","","","2024-02-14 00:00:00","Wednesday","42","52","Gateway_Usage-DAILY-2024_02_14","2","DAILY","6","2024","","","","","","","","","","",""
"a3HUU0000000USj2AM","0051U0000028jHJQAY","0","Gateway_Usage-DAILY-2024_02_15","0128W000000axHn","2024-02-15 10:05:16","0051U0000028jHJQAY","2024-02-15 22:34:05","0051U0000028jHJQAY","2024-02-15 22:34:05","","","0","","","","","","","","","","","","2024-02-15 00:00:00","Thursday","77","525","Gateway_Usage-DAILY-2024_02_15","2","DAILY","6","2024","","","","","","","","","","",""
"a3HUU0000000Um52AE","0051U0000028jHJQAY","0","Gateway_Usage-DAILY-2024_02_16","0128W000000axHn","2024-02-16 10:05:29","0051U0000028jHJQAY","2024-02-16 22:48:34","0051U0000028jHJQAY","2024-02-16 22:48:34","","","0","","","","","","","","","","","","2024-02-16 00:00:00","Friday","104","578","Gateway_Usage-DAILY-2024_02_16","2","DAILY","6","2024","","","","","","","","","","",""
"a3HUU0000000VLZ2A2","0051U0000028jHJQAY","0","Gateway_Usage-DAILY-2024_02_17","0128W000000axHn","2024-02-17 10:05:14","0051U0000028jHJQAY","2024-02-17 10:05:14","0051U0000028jHJQAY","2024-02-17 10:05:14","","","0","","","","","","","","","","","","2024-02-17 00:00:00","Saturday","1","1","Gateway_Usage-DAILY-2024_02_17","2","DAILY","6","2024","","","","","","","","","","",""
"a3HUU0000000VS12AM","0051U0000028jHJQAY","0","Gateway_Usage-DAILY-2024_02_18","0128W000000axHn","2024-02-18 10:05:07","0051U0000028jHJQAY","2024-02-18 10:05:07","0051U0000028jHJQAY","2024-02-18 10:05:07","","","0","","","","","","","","","","","","2024-02-18 00:00:00","Sunday","1","1","Gateway_Usage-DAILY-2024_02_18","2","DAILY","7","2024","","","","","","","","","","",""
"a3HUU0000000VWr2AM","0051U0000028jHJQAY","0","Gateway_Usage-DAILY-2024_02_19","0128W000000axHn","2024-02-19 10:05:24","0051U0000028jHJQAY","2024-02-19 10:14:47","0051U0000028jHJQAY","2024-02-19 10:14:47","","","0","","","","","","","","","","","","2024-02-19 00:00:00","Monday","49","482","Gateway_Usage-DAILY-2024_02_19","2","DAILY","7","2024","","","","","","","","","","",""
"a3HUU0000000VqD2AU","0051U0000028jHJQAY","0","Gateway_Usage-DAILY-2024_02_20","0128W000000axHn","2024-02-20 10:05:17","0051U0000028jHJQAY","2024-02-20 23:05:18","0051U0000028jHJQAY","2024-02-20 23:05:18","","","0","","","","","","","","","","","","2024-02-20 00:00:00","Tuesday","66","95","Gateway_Usage-DAILY-2024_02_20","2","DAILY","7","2024","","","","","","","","","","",""
"a3HUU0000000WMT2A2","0051U0000028jHJQAY","0","Gateway_Usage-DAILY-2024_02_21","0128W000000axHn","2024-02-21 10:05:19","0051U0000028jHJQAY","2024-02-21 23:00:49","0051U0000028jHJQAY","2024-02-21 23:00:49","","","0","","","","","","","","","","","","2024-02-21 00:00:00","Wednesday","41","52","Gateway_Usage-DAILY-2024_02_21","2","DAILY","7","2024","","","","","","","","","","",""
"a3HUU0000000WpV2AU","0051U0000028jHJQAY","0","Gateway_Usage-DAILY-2024_02_22","0128W000000axHn","2024-02-22 10:05:25","0051U0000028jHJQAY","2024-02-22 23:09:45","0051U0000028jHJQAY","2024-02-22 23:09:45","","","0","","","","","","","","","","","","2024-02-22 00:00:00","Thursday","71","445","Gateway_Usage-DAILY-2024_02_22","2","DAILY","7","2024","","","","","","","","","","",""
"a3HUU0000000X8r2AE","0051U0000028jHJQAY","0","Gateway_Usage-DAILY-2024_02_23","0128W000000axHn","2024-02-23 10:05:26","0051U0000028jHJQAY","2024-02-23 22:59:05","0051U0000028jHJQAY","2024-02-23 22:59:05","","","0","","","","","","","","","","","","2024-02-23 00:00:00","Friday","107","580","Gateway_Usage-DAILY-2024_02_23","2","DAILY","7","2024","","","","","","","","","","",""
"a3HUU0000000XVR2A2","0051U0000028jHJQAY","0","Gateway_Usage-DAILY-2024_02_24","0128W000000axHn","2024-02-26 10:05:27","0051U0000028jHJQAY","2024-02-26 10:05:27","0051U0000028jHJQAY","2024-02-26 10:05:27","","","0","","","","","","","","","","","","2024-02-24 00:00:00","Saturday","0","0","Gateway_Usage-DAILY-2024_02_24","2","DAILY","7","2024","","","","","","","","","","",""
"a3HUU0000000XVS2A2","0051U0000028jHJQAY","0","Gateway_Usage-DAILY-2024_02_25","0128W000000axHn","2024-02-26 10:05:27","0051U0000028jHJQAY","2024-02-26 10:05:27","0051U0000028jHJQAY","2024-02-26 10:05:27","","","0","","","","","","","","","","","","2024-02-25 00:00:00","Sunday","0","0","Gateway_Usage-DAILY-2024_02_25","2","DAILY","8","2024","","","","","","","","","","",""
"a3HUU0000000XVT2A2","0051U0000028jHJQAY","0","Gateway_Usage-DAILY-2024_02_26","0128W000000axHn","2024-02-26 10:05:27","0051U0000028jHJQAY","2024-02-26 23:25:37","0051U0000028jHJQAY","2024-02-26 23:25:37","","","0","","","","","","","","","","","","2024-02-26 00:00:00","Monday","121","574","Gateway_Usage-DAILY-2024_02_26","2","DAILY","8","2024","","","","","","","","","","",""
"a3HUU0000000Y3J2AU","0051U0000028jHJQAY","0","Gateway_Usage-DAILY-2024_02_27","0128W000000axHn","2024-02-27 10:05:21","0051U0000028jHJQAY","2024-02-27 22:54:37","0051U0000028jHJQAY","2024-02-27 22:54:37","","","0","","","","","","","","","","","","2024-02-27 00:00:00","Tuesday","50","55","Gateway_Usage-DAILY-2024_02_27","2","DAILY","8","2024","","","","","","","","","","",""
"a3HUU0000000YOH2A2","0051U0000028jHJQAY","0","Gateway_Usage-DAILY-2024_02_28","0128W000000axHn","2024-02-28 10:05:16","0051U0000028jHJQAY","2024-02-28 23:08:43","0051U0000028jHJQAY","2024-02-28 23:08:43","","","0","","","","","","","","","","","","2024-02-28 00:00:00","Wednesday","71","98","Gateway_Usage-DAILY-2024_02_28","2","DAILY","8","2024","","","","","","","","","","",""
"a3HUU0000000YuX2AU","0051U0000028jHJQAY","0","Gateway_Usage-DAILY-2024_02_29","0128W000000axHn","2024-02-29 10:05:23","0051U0000028jHJQAY","2024-02-29 22:52:09","0051U0000028jHJQAY","2024-02-29 22:52:09","","","0","","","","","","","","","","","","2024-02-29 00:00:00","Thursday","92","723","Gateway_Usage-DAILY-2024_02_29","2","DAILY","8","2024","","","","","","","","","","",""
"a3HUU0000000ZVd2AM","0051U0000028jHJQAY","0","Gateway_Usage-DAILY-2024_03_01","0128W000000axHn","2024-03-01 10:05:33","0051U0000028jHJQAY","2024-03-01 21:47:39","0051U0000028jHJQAY","2024-03-01 21:47:39","","","0","","","","","","","","","","","","2024-03-01 00:00:00","Friday","71","650","Gateway_Usage-DAILY-2024_03_01","3","DAILY","8","2024","","","","","","","","","","",""
"a3HUU0000000aEn2AI","0051U0000028jHJQAY","0","Gateway_Usage-DAILY-2024_03_02","0128W000000axHn","2024-03-04 10:05:15","0051U0000028jHJQAY","2024-03-04 10:05:15","0051U0000028jHJQAY","2024-03-04 10:05:15","","","0","","","","","","","","","","","","2024-03-02 00:00:00","Saturday","0","0","Gateway_Usage-DAILY-2024_03_02","3","DAILY","8","2024","","","","","","","","","","",""
"a3HUU0000000aEo2AI","0051U0000028jHJQAY","0","Gateway_Usage-DAILY-2024_03_03","0128W000000axHn","2024-03-04 10:05:15","0051U0000028jHJQAY","2024-03-04 10:05:15","0051U0000028jHJQAY","2024-03-04 10:05:15","","","0","","","","","","","","","","","","2024-03-03 00:00:00","Sunday","0","0","Gateway_Usage-DAILY-2024_03_03","3","DAILY","9","2024","","","","","","","","","","",""
"a3HUU0000000aEp2AI","0051U0000028jHJQAY","0","Gateway_Usage-DAILY-2024_03_04","0128W000000axHn","2024-03-04 10:05:15","0051U0000028jHJQAY","2024-03-04 23:10:47","0051U0000028jHJQAY","2024-03-04 23:10:47","","","0","","","","","","","","","","","","2024-03-04 00:00:00","Monday","75","604","Gateway_Usage-DAILY-2024_03_04","3","DAILY","9","2024","","","","","","","","","","",""
"a3HUU0000000arV2AQ","0051U0000028jHJQAY","0","Gateway_Usage-DAILY-2024_03_05","0128W000000axHn","2024-03-05 10:05:28","0051U0000028jHJQAY","2024-03-05 23:12:44","0051U0000028jHJQAY","2024-03-05 23:12:44","","","0","","","","","","","","","","","","2024-03-05 00:00:00","Tuesday","55","66","Gateway_Usage-DAILY-2024_03_05","3","DAILY","9","2024","","","","","","","","","","",""
"a3HUU0000000bCT2AY","0051U0000028jHJQAY","0","Gateway_Usage-DAILY-2024_03_06","0128W000000axHn","2024-03-06 10:05:23","0051U0000028jHJQAY","2024-03-06 23:12:54","0051U0000028jHJQAY","2024-03-06 23:12:54","","","0","","","","","","","","","","","","2024-03-06 00:00:00","Wednesday","45","49","Gateway_Usage-DAILY-2024_03_06","3","DAILY","9","2024","","","","","","","","","","",""
"a3HUU0000000bcH2AQ","0051U0000028jHJQAY","0","Gateway_Usage-DAILY-2024_03_07","0128W000000axHn","2024-03-07 10:05:40","0051U0000028jHJQAY","2024-03-07 23:05:35","0051U0000028jHJQAY","2024-03-07 23:05:35","","","0","","","","","","","","","","","","2024-03-07 00:00:00","Thursday","133","569","Gateway_Usage-DAILY-2024_03_07","3","DAILY","9","2024","","","","","","","","","","",""
"a3HUU0000000c5J2AQ","0051U0000028jHJQAY","0","Gateway_Usage-DAILY-2024_03_08","0128W000000axHn","2024-03-08 10:05:19","0051U0000028jHJQAY","2024-03-08 22:59:55","0051U0000028jHJQAY","2024-03-08 22:59:55","","","0","","","","","","","","","","","","2024-03-08 00:00:00","Friday","85","608","Gateway_Usage-DAILY-2024_03_08","3","DAILY","9","2024","","","","","","","","","","",""
"a3HUU0000000cRt2AI","0051U0000028jHJQAY","0","Gateway_Usage-DAILY-2024_03_09","0128W000000axHn","2024-03-09 10:05:13","0051U0000028jHJQAY","2024-03-09 10:05:13","0051U0000028jHJQAY","2024-03-09 10:05:13","","","0","","","","","","","","","","","","2024-03-09 00:00:00","Saturday","1","1","Gateway_Usage-DAILY-2024_03_09","3","DAILY","9","2024","","","","","","","","","","",""
"a3HUU0000000cbZ2AQ","0051U0000028jHJQAY","0","Gateway_Usage-DAILY-2024_03_10","0128W000000axHn","2024-03-11 10:05:25","0051U0000028jHJQAY","2024-03-11 10:05:25","0051U0000028jHJQAY","2024-03-11 10:05:25","","","0","","","","","","","","","","","","2024-03-10 00:00:00","Sunday","0","0","Gateway_Usage-DAILY-2024_03_10","3","DAILY","10","2024","","","","","","","","","","",""
"a3HUU0000000cba2AA","0051U0000028jHJQAY","0","Gateway_Usage-DAILY-2024_03_11","0128W000000axHn","2024-03-11 10:05:25","0051U0000028jHJQAY","2024-03-11 22:50:50","0051U0000028jHJQAY","2024-03-11 22:50:50","","","0","","","","","","","","","","","","2024-03-11 00:00:00","Monday","71","565","Gateway_Usage-DAILY-2024_03_11","3","DAILY","10","2024","","","","","","","","","","",""
"a3HUU0000000cmr2AA","0051U0000028jHJQAY","0","Gateway_Usage-DAILY-2024_03_12","0128W000000axHn","2024-03-12 10:05:49","0051U0000028jHJQAY","2024-03-12 23:05:55","0051U0000028jHJQAY","2024-03-12 23:05:55","","","0","","","","","","","","","","","","2024-03-12 00:00:00","Tuesday","66","81","Gateway_Usage-DAILY-2024_03_12","3","DAILY","10","2024","","","","","","","","","","",""
"a3HUU0000000dRB2AY","0051U0000028jHJQAY","0","Gateway_Usage-DAILY-2024_03_13","0128W000000axHn","2024-03-13 10:05:23","0051U0000028jHJQAY","2024-03-13 22:51:19","0051U0000028jHJQAY","2024-03-13 22:51:19","","","0","","","","","","","","","","","","2024-03-13 00:00:00","Wednesday","38","45","Gateway_Usage-DAILY-2024_03_13","3","DAILY","10","2024","","","","","","","","","","",""
"a3HUU0000000dvp2AA","0051U0000028jHJQAY","0","Gateway_Usage-DAILY-2024_03_14","0128W000000axHn","2024-03-14 10:05:26","0051U0000028jHJQAY","2024-03-14 23:08:56","0051U0000028jHJQAY","2024-03-14 23:08:56","","","0","","","","","","","","","","","","2024-03-14 00:00:00","Thursday","105","538","Gateway_Usage-DAILY-2024_03_14","3","DAILY","10","2024","","","","","","","","","","",""
"a3HUU0000000eQT2AY","0051U0000028jHJQAY","0","Gateway_Usage-DAILY-2024_03_15","0128W000000axHn","2024-03-15 10:05:23","0051U0000028jHJQAY","2024-03-15 23:03:34","0051U0000028jHJQAY","2024-03-15 23:03:34","","","0","","","","","","","","","","","","2024-03-15 00:00:00","Friday","126","747","Gateway_Usage-DAILY-2024_03_15","3","DAILY","10","2024","","","","","","","","","","",""
"a3HUU0000000eqH2AQ","0051U0000028jHJQAY","0","Gateway_Usage-DAILY-2024_03_16","0128W000000axHn","2024-03-16 10:05:15","0051U0000028jHJQAY","2024-03-16 10:05:15","0051U0000028jHJQAY","2024-03-16 10:05:15","","","0","","","","","","","","","","","","2024-03-16 00:00:00","Saturday","1","1","Gateway_Usage-DAILY-2024_03_16","3","DAILY","10","2024","","","","","","","","","","",""
"a3HUU0000000f3B2AQ","0051U0000028jHJQAY","0","Gateway_Usage-DAILY-2024_03_17","0128W000000axHn","2024-03-18 10:05:30","0051U0000028jHJQAY","2024-03-18 10:05:30","0051U0000028jHJQAY","2024-03-18 10:05:30","","","0","","","","","","","","","","","","2024-03-17 00:00:00","Sunday","0","0","Gateway_Usage-DAILY-2024_03_17","3","DAILY","11","2024","","","","","","","","","","",""
"a3HUU0000000f3C2AQ","0051U0000028jHJQAY","0","Gateway_Usage-DAILY-2024_03_18","0128W000000axHn","2024-03-18 10:05:30","0051U0000028jHJQAY","2024-03-18 23:15:13","0051U0000028jHJQAY","2024-03-18 23:15:13","","","0","","","","","","","","","","","","2024-03-18 00:00:00","Monday","71","428","Gateway_Usage-DAILY-2024_03_18","3","DAILY","11","2024","","","","","","","","","","",""
"a3HUU0000000fJJ2AY","0051U0000028jHJQAY","0","Gateway_Usage-DAILY-2024_03_19","0128W000000axHn","2024-03-19 10:05:30","0051U0000028jHJQAY","2024-03-19 23:17:25","0051U0000028jHJQAY","2024-03-19 23:17:25","","","0","","","","","","","","","","","","2024-03-19 00:00:00","Tuesday","35","43","Gateway_Usage-DAILY-2024_03_19","3","DAILY","11","2024","","","","","","","","","","",""
"a3HUU0000000fuP2AQ","0051U0000028jHJQAY","0","Gateway_Usage-DAILY-2024_03_20","0128W000000axHn","2024-03-20 10:05:17","0051U0000028jHJQAY","2024-03-20 23:13:00","0051U0000028jHJQAY","2024-03-20 23:13:00","","","0","","","","","","","","","","","","2024-03-20 00:00:00","Wednesday","72","106","Gateway_Usage-DAILY-2024_03_20","3","DAILY","11","2024","","","","","","","","","","",""
"a3HUU0000000gAX2AY","0051U0000028jHJQAY","0","Gateway_Usage-DAILY-2024_03_21","0128W000000axHn","2024-03-21 10:05:21","0051U0000028jHJQAY","2024-03-21 23:16:57","0051U0000028jHJQAY","2024-03-21 23:16:57","","","0","","","","","","","","","","","","2024-03-21 00:00:00","Thursday","65","355","Gateway_Usage-DAILY-2024_03_21","3","DAILY","11","2024","","","","","","","","","","",""
"a3HUU0000000gNR2AY","0051U0000028jHJQAY","0","Gateway_Usage-DAILY-2024_03_22","0128W000000axHn","2024-03-22 10:05:30","0051U0000028jHJQAY","2024-03-22 23:48:30","0051U0000028jHJQAY","2024-03-22 23:48:30","","","0","","","","","","","","","","","","2024-03-22 00:00:00","Friday","91","473","Gateway_Usage-DAILY-2024_03_22","3","DAILY","11","2024","","","","","","","","","","",""
"a3HUU0000000gld2AA","0051U0000028jHJQAY","0","Gateway_Usage-DAILY-2024_03_23","0128W000000axHn","2024-03-23 10:05:07","0051U0000028jHJQAY","2024-03-23 10:05:07","0051U0000028jHJQAY","2024-03-23 10:05:07","","","0","","","","","","","","","","","","2024-03-23 00:00:00","Saturday","1","1","Gateway_Usage-DAILY-2024_03_23","3","DAILY","11","2024","","","","","","","","","","",""
"a3HUU0000000gyX2AQ","0051U0000028jHJQAY","0","Gateway_Usage-DAILY-2024_03_24","0128W000000axHn","2024-03-25 10:05:24","0051U0000028jHJQAY","2024-03-25 10:05:24","0051U0000028jHJQAY","2024-03-25 10:05:24","","","0","","","","","","","","","","","","2024-03-24 00:00:00","Sunday","0","0","Gateway_Usage-DAILY-2024_03_24","3","DAILY","12","2024","","","","","","","","","","",""
"a3HUU0000000gyY2AQ","0051U0000028jHJQAY","0","Gateway_Usage-DAILY-2024_03_25","0128W000000axHn","2024-03-25 10:05:24","0051U0000028jHJQAY","2024-03-25 23:08:09","0051U0000028jHJQAY","2024-03-25 23:08:09","","","0","","","","","","","","","","","","2024-03-25 00:00:00","Monday","92","461","Gateway_Usage-DAILY-2024_03_25","3","DAILY","12","2024","","","","","","","","","","",""
"a3HUU0000000hEf2AI","0051U0000028jHJQAY","0","Gateway_Usage-DAILY-2024_03_26","0128W000000axHn","2024-03-26 10:05:15","0051U0000028jHJQAY","2024-03-26 22:58:19","0051U0000028jHJQAY","2024-03-26 22:58:19","","","0","","","","","","","","","","","","2024-03-26 00:00:00","Tuesday","30","41","Gateway_Usage-DAILY-2024_03_26","3","DAILY","12","2024","","","","","","","","","","",""
"a3HUU0000000hZd2AI","0051U0000028jHJQAY","0","Gateway_Usage-DAILY-2024_03_27","0128W000000axHn","2024-03-27 10:05:17","0051U0000028jHJQAY","2024-03-27 23:17:39","0051U0000028jHJQAY","2024-03-27 23:17:39","","","0","","","","","","","","","","","","2024-03-27 00:00:00","Wednesday","43","49","Gateway_Usage-DAILY-2024_03_27","3","DAILY","12","2024","","","","","","","","","","",""
"a3HUU0000000ho92AA","0051U0000028jHJQAY","0","Gateway_Usage-DAILY-2024_03_28","0128W000000axHn","2024-03-28 10:05:16","0051U0000028jHJQAY","2024-03-28 22:59:59","0051U0000028jHJQAY","2024-03-28 22:59:59","","","0","","","","","","","","","","","","2024-03-28 00:00:00","Thursday","144","785","Gateway_Usage-DAILY-2024_03_28","3","DAILY","12","2024","","","","","","","","","","",""
"a3HUU0000000iCL2AY","0051U0000028jHJQAY","0","Gateway_Usage-DAILY-2024_03_29","0128W000000axHn","2024-03-29 10:05:25","0051U0000028jHJQAY","2024-03-29 10:15:39","0051U0000028jHJQAY","2024-03-29 10:15:39","","","0","","","","","","","","","","","","2024-03-29 00:00:00","Friday","52","512","Gateway_Usage-DAILY-2024_03_29","3","DAILY","12","2024","","","","","","","","","","",""
"a3HUU0000000ilp2AA","0051U0000028jHJQAY","0","Gateway_Usage-DAILY-2024_03_30","0128W000000axHn","2024-04-01 10:05:28","0051U0000028jHJQAY","2024-04-01 10:05:28","0051U0000028jHJQAY","2024-04-01 10:05:28","","","0","","","","","","","","","","","","2024-03-30 00:00:00","Saturday","0","0","Gateway_Usage-DAILY-2024_03_30","3","DAILY","12","2024","","","","","","","","","","",""
"a3HUU0000000ilq2AA","0051U0000028jHJQAY","0","Gateway_Usage-DAILY-2024_03_31","0128W000000axHn","2024-04-01 10:05:28","0051U0000028jHJQAY","2024-04-01 10:05:28","0051U0000028jHJQAY","2024-04-01 10:05:28","","","0","","","","","","","","","","","","2024-03-31 00:00:00","Sunday","0","0","Gateway_Usage-DAILY-2024_03_31","3","DAILY","13","2024","","","","","","","","","","",""
"a3HUU0000000ilr2AA","0051U0000028jHJQAY","0","Gateway_Usage-DAILY-2024_04_01","0128W000000axHn","2024-04-01 10:05:28","0051U0000028jHJQAY","2024-04-01 23:13:13","0051U0000028jHJQAY","2024-04-01 23:13:13","","","0","","","","","","","","","","","","2024-04-01 00:00:00","Monday","91","553","Gateway_Usage-DAILY-2024_04_01","4","DAILY","13","2024","","","","","","","","","","",""
"a3HUU0000000ivV2AQ","0051U0000028jHJQAY","0","Gateway_Usage-DAILY-2024_04_02","0128W000000axHn","2024-04-02 10:05:13","0051U0000028jHJQAY","2024-04-02 23:22:08","0051U0000028jHJQAY","2024-04-02 23:22:08","","","0","","","","","","","","","","","","2024-04-02 00:00:00","Tuesday","40","48","Gateway_Usage-DAILY-2024_04_02","4","DAILY","13","2024","","","","","","","","","","",""
"a3HUU0000000jI52AI","0051U0000028jHJQAY","0","Gateway_Usage-DAILY-2024_04_03","0128W000000axHn","2024-04-03 10:05:21","0051U0000028jHJQAY","2024-04-03 23:17:46","0051U0000028jHJQAY","2024-04-03 23:17:46","","","0","","","","","","","","","","","","2024-04-03 00:00:00","Wednesday","29","38","Gateway_Usage-DAILY-2024_04_03","4","DAILY","13","2024","","","","","","","","","","",""
"a3HUU0000000jmj2AA","0051U0000028jHJQAY","0","Gateway_Usage-DAILY-2024_04_04","0128W000000axHn","2024-04-04 10:05:21","0051U0000028jHJQAY","2024-04-04 22:55:50","0051U0000028jHJQAY","2024-04-04 22:55:50","","","0","","","","","","","","","","","","2024-04-04 00:00:00","Thursday","73","469","Gateway_Usage-DAILY-2024_04_04","4","DAILY","13","2024","","","","","","","","","","",""
"a3HUU0000000k4T2AQ","0051U0000028jHJQAY","0","Gateway_Usage-DAILY-2024_04_05","0128W000000axHn","2024-04-05 10:05:28","0051U0000028jHJQAY","2024-04-05 23:16:07","0051U0000028jHJQAY","2024-04-05 23:16:07","","","0","","","","","","","","","","","","2024-04-05 00:00:00","Friday","75","518","Gateway_Usage-DAILY-2024_04_05","4","DAILY","13","2024","","","","","","","","","","",""
"a3HUU0000000kIz2AI","0051U0000028jHJQAY","0","Gateway_Usage-DAILY-2024_04_06","0128W000000axHn","2024-04-06 10:05:07","0051U0000028jHJQAY","2024-04-06 10:05:07","0051U0000028jHJQAY","2024-04-06 10:05:07","","","0","","","","","","","","","","","","2024-04-06 00:00:00","Saturday","1","1","Gateway_Usage-DAILY-2024_04_06","4","DAILY","13","2024","","","","","","","","","","",""
"a3HUU0000000kUH2AY","0051U0000028jHJQAY","0","Gateway_Usage-DAILY-2024_04_07","0128W000000axHn","2024-04-08 10:05:23","0051U0000028jHJQAY","2024-04-08 10:05:23","0051U0000028jHJQAY","2024-04-08 10:05:23","","","0","","","","","","","","","","","","2024-04-07 00:00:00","Sunday","0","0","Gateway_Usage-DAILY-2024_04_07","4","DAILY","14","2024","","","","","","","","","","",""
"a3HUU0000000kUI2AY","0051U0000028jHJQAY","0","Gateway_Usage-DAILY-2024_04_08","0128W000000axHn","2024-04-08 10:05:23","0051U0000028jHJQAY","2024-04-08 23:16:38","0051U0000028jHJQAY","2024-04-08 23:16:38","","","0","","","","","","","","","","","","2024-04-08 00:00:00","Monday","63","483","Gateway_Usage-DAILY-2024_04_08","4","DAILY","14","2024","","","","","","","","","","",""
"a3HUU0000000km12AA","0051U0000028jHJQAY","0","Gateway_Usage-DAILY-2024_04_09","0128W000000axHn","2024-04-09 10:05:19","0051U0000028jHJQAY","2024-04-09 23:20:56","0051U0000028jHJQAY","2024-04-09 23:20:56","","","0","","","","","","","","","","","","2024-04-09 00:00:00","Tuesday","42","45","Gateway_Usage-DAILY-2024_04_09","4","DAILY","14","2024","","","","","","","","","","",""
"a3HUU0000000l6z2AA","0051U0000028jHJQAY","0","Gateway_Usage-DAILY-2024_04_10","0128W000000axHn","2024-04-10 10:05:14","0051U0000028jHJQAY","2024-04-10 23:19:30","0051U0000028jHJQAY","2024-04-10 23:19:30","","","0","","","","","","","","","","","","2024-04-10 00:00:00","Wednesday","47","60","Gateway_Usage-DAILY-2024_04_10","4","DAILY","14","2024","","","","","","","","","","",""
"a3HUU0000000lQL2AY","0051U0000028jHJQAY","0","Gateway_Usage-DAILY-2024_04_11","0128W000000axHn","2024-04-11 10:05:24","0051U0000028jHJQAY","2024-04-11 23:15:16","0051U0000028jHJQAY","2024-04-11 23:15:16","","","0","","","","","","","","","","","","2024-04-11 00:00:00","Thursday","83","433","Gateway_Usage-DAILY-2024_04_11","4","DAILY","14","2024","","","","","","","","","","",""
"a3HUU0000000lYP2AY","0051U0000028jHJQAY","0","Gateway_Usage-DAILY-2024_04_12","0128W000000axHn","2024-04-12 10:05:27","0051U0000028jHJQAY","2024-04-12 21:55:42","0051U0000028jHJQAY","2024-04-12 21:55:42","","","0","","","","","","","","","","","","2024-04-12 00:00:00","Friday","66","499","Gateway_Usage-DAILY-2024_04_12","4","DAILY","14","2024","","","","","","","","","","",""
"a3HUU0000000lwb2AA","0051U0000028jHJQAY","0","Gateway_Usage-DAILY-2024_04_13","0128W000000axHn","2024-04-13 10:05:13","0051U0000028jHJQAY","2024-04-13 10:05:13","0051U0000028jHJQAY","2024-04-13 10:05:13","","","0","","","","","","","","","","","","2024-04-13 00:00:00","Saturday","1","1","Gateway_Usage-DAILY-2024_04_13","4","DAILY","14","2024","","","","","","","","","","",""
"a3HUU0000000m4f2AA","0051U0000028jHJQAY","0","Gateway_Usage-DAILY-2024_04_14","0128W000000axHn","2024-04-15 10:05:16","0051U0000028jHJQAY","2024-04-15 10:05:16","0051U0000028jHJQAY","2024-04-15 10:05:16","","","0","","","","","","","","","","","","2024-04-14 00:00:00","Sunday","0","0","Gateway_Usage-DAILY-2024_04_14","4","DAILY","15","2024","","","","","","","","","","",""
"a3HUU0000000m4g2AA","0051U0000028jHJQAY","0","Gateway_Usage-DAILY-2024_04_15","0128W000000axHn","2024-04-15 10:05:16","0051U0000028jHJQAY","2024-04-15 22:59:33","0051U0000028jHJQAY","2024-04-15 22:59:33","","","0","","","","","","","","","","","","2024-04-15 00:00:00","Monday","159","1180","Gateway_Usage-DAILY-2024_04_15","4","DAILY","15","2024","","","","","","","","","","",""
"a3HUU0000000mJB2AY","0051U0000028jHJQAY","0","Gateway_Usage-DAILY-2024_04_16","0128W000000axHn","2024-04-16 10:05:15","0051U0000028jHJQAY","2024-04-16 19:19:59","0051U0000028jHJQAY","2024-04-16 19:19:59","","","0","","","","","","","","","","","","2024-04-16 00:00:00","Tuesday","40","355","Gateway_Usage-DAILY-2024_04_16","4","DAILY","15","2024","","","","","","","","","","",""
"a3HUU0000000mhN2AQ","0051U0000028jHJQAY","0","Gateway_Usage-DAILY-2024_04_17","0128W000000axHn","2024-04-17 10:05:20","0051U0000028jHJQAY","2024-04-17 22:50:12","0051U0000028jHJQAY","2024-04-17 22:50:12","","","0","","","","","","","","","","","","2024-04-17 00:00:00","Wednesday","18","24","Gateway_Usage-DAILY-2024_04_17","4","DAILY","15","2024","","","","","","","","","","",""
"a3HUU0000000n0j2AA","0051U0000028jHJQAY","0","Gateway_Usage-DAILY-2024_04_18","0128W000000axHn","2024-04-18 10:05:20","0051U0000028jHJQAY","2024-04-18 23:13:41","0051U0000028jHJQAY","2024-04-18 23:13:41","","","0","","","","","","","","","","","","2024-04-18 00:00:00","Thursday","92","531","Gateway_Usage-DAILY-2024_04_18","4","DAILY","15","2024","","","","","","","","","","",""
"a3HUU0000000nK52AI","0051U0000028jHJQAY","0","Gateway_Usage-DAILY-2024_04_19","0128W000000axHn","2024-04-19 10:05:26","0051U0000028jHJQAY","2024-04-19 23:04:00","0051U0000028jHJQAY","2024-04-19 23:04:00","","","0","","","","","","","","","","","","2024-04-19 00:00:00","Friday","76","410","Gateway_Usage-DAILY-2024_04_19","4","DAILY","15","2024","","","","","","","","","","",""
"a3HUU0000000ntZ2AQ","0051U0000028jHJQAY","0","Gateway_Usage-DAILY-2024_04_20","0128W000000axHn","2024-04-22 10:05:16","0051U0000028jHJQAY","2024-04-22 10:05:16","0051U0000028jHJQAY","2024-04-22 10:05:16","","","0","","","","","","","","","","","","2024-04-20 00:00:00","Saturday","0","0","Gateway_Usage-DAILY-2024_04_20","4","DAILY","15","2024","","","","","","","","","","",""
"a3HUU0000000nta2AA","0051U0000028jHJQAY","0","Gateway_Usage-DAILY-2024_04_21","0128W000000axHn","2024-04-22 10:05:16","0051U0000028jHJQAY","2024-04-22 10:05:16","0051U0000028jHJQAY","2024-04-22 10:05:16","","","0","","","","","","","","","","","","2024-04-21 00:00:00","Sunday","0","0","Gateway_Usage-DAILY-2024_04_21","4","DAILY","16","2024","","","","","","","","","","",""
"a3HUU0000000ntb2AA","0051U0000028jHJQAY","0","Gateway_Usage-DAILY-2024_04_22","0128W000000axHn","2024-04-22 10:05:16","0051U0000028jHJQAY","2024-04-22 23:24:05","0051U0000028jHJQAY","2024-04-22 23:24:05","","","0","","","","","","","","","","","","2024-04-22 00:00:00","Monday","63","367","Gateway_Usage-DAILY-2024_04_22","4","DAILY","16","2024","","","","","","","","","","",""
"a3HUU0000000oCv2AI","0051U0000028jHJQAY","0","Gateway_Usage-DAILY-2024_04_23","0128W000000axHn","2024-04-23 10:05:25","0051U0000028jHJQAY","2024-04-23 23:20:21","0051U0000028jHJQAY","2024-04-23 23:20:21","","","0","","","","","","","","","","","","2024-04-23 00:00:00","Tuesday","40","53","Gateway_Usage-DAILY-2024_04_23","4","DAILY","16","2024","","","","","","","","","","",""
"a3HUU0000000oT32AI","0051U0000028jHJQAY","0","Gateway_Usage-DAILY-2024_04_24","0128W000000axHn","2024-04-24 10:05:10","0051U0000028jHJQAY","2024-04-24 22:30:58","0051U0000028jHJQAY","2024-04-24 22:30:58","","","0","","","","","","","","","","","","2024-04-24 00:00:00","Wednesday","23","26","Gateway_Usage-DAILY-2024_04_24","4","DAILY","16","2024","","","","","","","","","","",""
"a3HUU0000000omP2AQ","0051U0000028jHJQAY","0","Gateway_Usage-DAILY-2024_04_25","0128W000000axHn","2024-04-25 10:05:24","0051U0000028jHJQAY","2024-04-25 23:19:23","0051U0000028jHJQAY","2024-04-25 23:19:23","","","0","","","","","","","","","","","","2024-04-25 00:00:00","Thursday","89","368","Gateway_Usage-DAILY-2024_04_25","4","DAILY","16","2024","","","","","","","","","","",""
"a3HUU0000000pKH2AY","0051U0000028jHJQAY","0","Gateway_Usage-DAILY-2024_04_26","0128W000000axHn","2024-04-26 10:05:16","0051U0000028jHJQAY","2024-04-26 22:56:42","0051U0000028jHJQAY","2024-04-26 22:56:42","","","0","","","","","","","","","","","","2024-04-26 00:00:00","Friday","79","409","Gateway_Usage-DAILY-2024_04_26","4","DAILY","16","2024","","","","","","","","","","",""
"a3HUU0000000paP2AQ","0051U0000028jHJQAY","0","Gateway_Usage-DAILY-2024_04_27","0128W000000axHn","2024-04-27 10:05:19","0051U0000028jHJQAY","2024-04-27 10:05:47","0051U0000028jHJQAY","2024-04-27 10:05:47","","","0","","","","","","","","","","","","2024-04-27 00:00:00","Saturday","3","29","Gateway_Usage-DAILY-2024_04_27","4","DAILY","16","2024","","","","","","","","","","",""
"a3HUU0000000sQD2AY","0051U0000028jHJQAY","0","Gateway_Usage-DAILY-2024_04_28","0128W000000axHn","2024-04-29 10:05:18","0051U0000028jHJQAY","2024-04-29 10:05:18","0051U0000028jHJQAY","2024-04-29 10:05:18","","","0","","","","","","","","","","","","2024-04-28 00:00:00","Sunday","0","0","Gateway_Usage-DAILY-2024_04_28","4","DAILY","17","2024","","","","","","","","","","",""
"a3HUU0000000sQE2AY","0051U0000028jHJQAY","0","Gateway_Usage-DAILY-2024_04_29","0128W000000axHn","2024-04-29 10:05:18","0051U0000028jHJQAY","2024-04-29 23:22:35","0051U0000028jHJQAY","2024-04-29 23:22:35","","","0","","","","","","","","","","","","2024-04-29 00:00:00","Monday","94","390","Gateway_Usage-DAILY-2024_04_29","4","DAILY","17","2024","","","","","","","","","","",""
"a3HUU0000000sd72AA","0051U0000028jHJQAY","0","Gateway_Usage-DAILY-2024_04_30","0128W000000axHn","2024-04-30 10:05:14","0051U0000028jHJQAY","2024-04-30 23:19:31","0051U0000028jHJQAY","2024-04-30 23:19:31","","","0","","","","","","","","","","","","2024-04-30 00:00:00","Tuesday","79","368","Gateway_Usage-DAILY-2024_04_30","4","DAILY","17","2024","","","","","","","","","","",""
"a3HUU0000000sq12AA","0051U0000028jHJQAY","0","Gateway_Usage-DAILY-2024_05_01","0128W000000axHn","2024-05-01 10:05:17","0051U0000028jHJQAY","2024-05-01 23:15:36","0051U0000028jHJQAY","2024-05-01 23:15:36","","","0","","","","","","","","","","","","2024-05-01 00:00:00","Wednesday","44","77","Gateway_Usage-DAILY-2024_05_01","5","DAILY","17","2024","","","","","","","","","","",""
"a3HUU0000000t692AA","0051U0000028jHJQAY","0","Gateway_Usage-DAILY-2024_05_02","0128W000000axHn","2024-05-02 10:05:29","0051U0000028jHJQAY","2024-05-02 23:10:44","0051U0000028jHJQAY","2024-05-02 23:10:44","","","0","","","","","","","","","","","","2024-05-02 00:00:00","Thursday","43","313","Gateway_Usage-DAILY-2024_05_02","5","DAILY","17","2024","","","","","","","","","","",""
"a3HUU0000000tVx2AI","0051U0000028jHJQAY","0","Gateway_Usage-DAILY-2024_05_03","0128W000000axHn","2024-05-03 10:05:17","0051U0000028jHJQAY","2024-05-03 23:21:36","0051U0000028jHJQAY","2024-05-03 23:21:36","","","0","","","","","","","","","","","","2024-05-03 00:00:00","Friday","83","524","Gateway_Usage-DAILY-2024_05_03","5","DAILY","17","2024","","","","","","","","","","",""
"a3HUU0000000tyz2AA","0051U0000028jHJQAY","0","Gateway_Usage-DAILY-2024_05_04","0128W000000axHn","2024-05-06 10:05:23","0051U0000028jHJQAY","2024-05-06 10:05:23","0051U0000028jHJQAY","2024-05-06 10:05:23","","","0","","","","","","","","","","","","2024-05-04 00:00:00","Saturday","0","0","Gateway_Usage-DAILY-2024_05_04","5","DAILY","17","2024","","","","","","","","","","",""
"a3HUU0000000tz02AA","0051U0000028jHJQAY","0","Gateway_Usage-DAILY-2024_05_05","0128W000000axHn","2024-05-06 10:05:23","0051U0000028jHJQAY","2024-05-06 10:05:23","0051U0000028jHJQAY","2024-05-06 10:05:23","","","0","","","","","","","","","","","","2024-05-05 00:00:00","Sunday","0","0","Gateway_Usage-DAILY-2024_05_05","5","DAILY","18","2024","","","","","","","","","","",""
"a3HUU0000000tz12AA","0051U0000028jHJQAY","0","Gateway_Usage-DAILY-2024_05_06","0128W000000axHn","2024-05-06 10:05:23","0051U0000028jHJQAY","2024-05-06 23:17:38","0051U0000028jHJQAY","2024-05-06 23:17:38","","","0","","","","","","","","","","","","2024-05-06 00:00:00","Monday","85","485","Gateway_Usage-DAILY-2024_05_06","5","DAILY","18","2024","","","","","","","","","","",""
"a3HUU0000000uIL2AY","0051U0000028jHJQAY","0","Gateway_Usage-DAILY-2024_05_07","0128W000000axHn","2024-05-07 10:05:20","0051U0000028jHJQAY","2024-05-07 23:10:41","0051U0000028jHJQAY","2024-05-07 23:10:41","","","0","","","","","","","","","","","","2024-05-07 00:00:00","Tuesday","52","60","Gateway_Usage-DAILY-2024_05_07","5","DAILY","18","2024","","","","","","","","","","",""
"a3HUU0000000uQP2AY","0051U0000028jHJQAY","0","Gateway_Usage-DAILY-2024_05_08","0128W000000axHn","2024-05-08 10:05:12","0051U0000028jHJQAY","2024-05-08 23:21:52","0051U0000028jHJQAY","2024-05-08 23:21:52","","","0","","","","","","","","","","","","2024-05-08 00:00:00","Wednesday","43","49","Gateway_Usage-DAILY-2024_05_08","5","DAILY","18","2024","","","","","","","","","","",""
"a3HUU0000000uob2AA","0051U0000028jHJQAY","0","Gateway_Usage-DAILY-2024_05_09","0128W000000axHn","2024-05-09 10:05:13","0051U0000028jHJQAY","2024-05-09 23:27:02","0051U0000028jHJQAY","2024-05-09 23:27:02","","","0","","","","","","","","","","","","2024-05-09 00:00:00","Thursday","76","408","Gateway_Usage-DAILY-2024_05_09","5","DAILY","18","2024","","","","","","","","","","",""
"a3HUU0000000v9Z2AQ","0051U0000028jHJQAY","0","Gateway_Usage-DAILY-2024_05_10","0128W000000axHn","2024-05-10 10:05:18","0051U0000028jHJQAY","2024-05-10 23:20:07","0051U0000028jHJQAY","2024-05-10 23:20:07","","","0","","","","","","","","","","","","2024-05-10 00:00:00","Friday","79","483","Gateway_Usage-DAILY-2024_05_10","5","DAILY","18","2024","","","","","","","","","","",""
"a3HUU0000000vzB2AQ","0051U0000028jHJQAY","0","Gateway_Usage-DAILY-2024_05_11","0128W000000axHn","2024-05-13 10:05:25","0051U0000028jHJQAY","2024-05-13 10:05:25","0051U0000028jHJQAY","2024-05-13 10:05:25","","","0","","","","","","","","","","","","2024-05-11 00:00:00","Saturday","0","0","Gateway_Usage-DAILY-2024_05_11","5","DAILY","18","2024","","","","","","","","","","",""
"a3HUU0000000vzC2AQ","0051U0000028jHJQAY","0","Gateway_Usage-DAILY-2024_05_12","0128W000000axHn","2024-05-13 10:05:25","0051U0000028jHJQAY","2024-05-13 10:05:25","0051U0000028jHJQAY","2024-05-13 10:05:25","","","0","","","","","","","","","","","","2024-05-12 00:00:00","Sunday","0","0","Gateway_Usage-DAILY-2024_05_12","5","DAILY","19","2024","","","","","","","","","","",""
"a3HUU0000000vzD2AQ","0051U0000028jHJQAY","0","Gateway_Usage-DAILY-2024_05_13","0128W000000axHn","2024-05-13 10:05:25","0051U0000028jHJQAY","2024-05-13 23:21:19","0051U0000028jHJQAY","2024-05-13 23:21:19","","","0","","","","","","","","","","","","2024-05-13 00:00:00","Monday","53","423","Gateway_Usage-DAILY-2024_05_13","5","DAILY","19","2024","","","","","","","","","","",""
"a3HUU0000000wX32AI","0051U0000028jHJQAY","0","Gateway_Usage-DAILY-2024_05_14","0128W000000axHn","2024-05-14 10:05:19","0051U0000028jHJQAY","2024-05-14 23:24:28","0051U0000028jHJQAY","2024-05-14 23:24:28","","","0","","","","","","","","","","","","2024-05-14 00:00:00","Tuesday","50","58","Gateway_Usage-DAILY-2024_05_14","5","DAILY","19","2024","","","","","","","","","","",""
"a3HUU0000000wjx2AA","0051U0000028jHJQAY","0","Gateway_Usage-DAILY-2024_05_15","0128W000000axHn","2024-05-15 10:05:13","0051U0000028jHJQAY","2024-05-15 23:14:11","0051U0000028jHJQAY","2024-05-15 23:14:11","","","0","","","","","","","","","","","","2024-05-15 00:00:00","Wednesday","125","753","Gateway_Usage-DAILY-2024_05_15","5","DAILY","19","2024","","","","","","","","","","",""
"a3HUU0000000xHp2AI","0051U0000028jHJQAY","0","Gateway_Usage-DAILY-2024_05_16","0128W000000axHn","2024-05-16 10:05:22","0051U0000028jHJQAY","2024-05-16 23:01:16","0051U0000028jHJQAY","2024-05-16 23:01:16","","","0","","","","","","","","","","","","2024-05-16 00:00:00","Thursday","51","75","Gateway_Usage-DAILY-2024_05_16","5","DAILY","19","2024","","","","","","","","","","",""
"a3HUU0000000xo52AA","0051U0000028jHJQAY","0","Gateway_Usage-DAILY-2024_05_17","0128W000000axHn","2024-05-17 10:05:19","0051U0000028jHJQAY","2024-05-17 23:09:06","0051U0000028jHJQAY","2024-05-17 23:09:06","","","0","","","","","","","","","","","","2024-05-17 00:00:00","Friday","94","529","Gateway_Usage-DAILY-2024_05_17","5","DAILY","19","2024","","","","","","","","","","",""
"a3HUU0000000yVd2AI","0051U0000028jHJQAY","0","Gateway_Usage-DAILY-2024_05_18","0128W000000axHn","2024-05-20 10:05:16","0051U0000028jHJQAY","2024-05-20 10:05:16","0051U0000028jHJQAY","2024-05-20 10:05:16","","","0","","","","","","","","","","","","2024-05-18 00:00:00","Saturday","0","0","Gateway_Usage-DAILY-2024_05_18","5","DAILY","19","2024","","","","","","","","","","",""
"a3HUU0000000yVe2AI","0051U0000028jHJQAY","0","Gateway_Usage-DAILY-2024_05_19","0128W000000axHn","2024-05-20 10:05:16","0051U0000028jHJQAY","2024-05-20 10:05:16","0051U0000028jHJQAY","2024-05-20 10:05:16","","","0","","","","","","","","","","","","2024-05-19 00:00:00","Sunday","0","0","Gateway_Usage-DAILY-2024_05_19","5","DAILY","20","2024","","","","","","","","","","",""
"a3HUU0000000yVf2AI","0051U0000028jHJQAY","0","Gateway_Usage-DAILY-2024_05_20","0128W000000axHn","2024-05-20 10:05:16","0051U0000028jHJQAY","2024-05-20 23:12:24","0051U0000028jHJQAY","2024-05-20 23:12:24","","","0","","","","","","","","","","","","2024-05-20 00:00:00","Monday","82","510","Gateway_Usage-DAILY-2024_05_20","5","DAILY","20","2024","","","","","","","","","","",""
"a3HUU0000000zGP2AY","0051U0000028jHJQAY","0","Gateway_Usage-DAILY-2024_05_21","0128W000000axHn","2024-05-21 10:05:30","0051U0000028jHJQAY","2024-05-21 22:57:39","0051U0000028jHJQAY","2024-05-21 22:57:39","","","0","","","","","","","","","","","","2024-05-21 00:00:00","Tuesday","15","24","Gateway_Usage-DAILY-2024_05_21","5","DAILY","20","2024","","","","","","","","","","",""
"a3HUU0000000zhp2AA","0051U0000028jHJQAY","0","Gateway_Usage-DAILY-2024_05_22","0128W000000axHn","2024-05-22 10:05:41","0051U0000028jHJQAY","2024-05-22 23:25:14","0051U0000028jHJQAY","2024-05-22 23:25:14","","","0","","","","","","","","","","","","2024-05-22 00:00:00","Wednesday","24","36","Gateway_Usage-DAILY-2024_05_22","5","DAILY","20","2024","","","","","","","","","","",""
"a3HUU00000010Ar2AI","0051U0000028jHJQAY","0","Gateway_Usage-DAILY-2024_05_23","0128W000000axHn","2024-05-23 10:05:25","0051U0000028jHJQAY","2024-05-23 23:34:30","0051U0000028jHJQAY","2024-05-23 23:34:30","","","0","","","","","","","","","","","","2024-05-23 00:00:00","Thursday","76","471","Gateway_Usage-DAILY-2024_05_23","5","DAILY","20","2024","","","","","","","","","","",""
"a3HUU00000010Vp2AI","0051U0000028jHJQAY","0","Gateway_Usage-DAILY-2024_05_24","0128W000000axHn","2024-05-24 10:05:21","0051U0000028jHJQAY","2024-05-24 23:33:32","0051U0000028jHJQAY","2024-05-24 23:33:32","","","0","","","","","","","","","","","","2024-05-24 00:00:00","Friday","83","531","Gateway_Usage-DAILY-2024_05_24","5","DAILY","20","2024","","","","","","","","","","",""
"a3HUU00000011jd2AA","0051U0000028jHJQAY","0","Gateway_Usage-DAILY-2024_05_25","0128W000000axHn","2024-05-27 10:05:21","0051U0000028jHJQAY","2024-05-27 10:05:21","0051U0000028jHJQAY","2024-05-27 10:05:21","","","0","","","","","","","","","","","","2024-05-25 00:00:00","Saturday","0","0","Gateway_Usage-DAILY-2024_05_25","5","DAILY","20","2024","","","","","","","","","","",""
"a3HUU00000011je2AA","0051U0000028jHJQAY","0","Gateway_Usage-DAILY-2024_05_26","0128W000000axHn","2024-05-27 10:05:21","0051U0000028jHJQAY","2024-05-27 10:05:21","0051U0000028jHJQAY","2024-05-27 10:05:21","","","0","","","","","","","","","","","","2024-05-26 00:00:00","Sunday","0","0","Gateway_Usage-DAILY-2024_05_26","5","DAILY","21","2024","","","","","","","","","","",""
"a3HUU00000011jf2AA","0051U0000028jHJQAY","0","Gateway_Usage-DAILY-2024_05_27","0128W000000axHn","2024-05-27 10:05:21","0051U0000028jHJQAY","2024-05-27 10:14:24","0051U0000028jHJQAY","2024-05-27 10:14:24","","","0","","","","","","","","","","","","2024-05-27 00:00:00","Monday","47","470","Gateway_Usage-DAILY-2024_05_27","5","DAILY","21","2024","","","","","","","","","","",""
"a3HUU00000011q52AA","0051U0000028jHJQAY","0","Gateway_Usage-DAILY-2024_05_28","0128W000000axHn","2024-05-28 10:05:24","0051U0000028jHJQAY","2024-05-28 23:17:08","0051U0000028jHJQAY","2024-05-28 23:17:08","","","0","","","","","","","","","","","","2024-05-28 00:00:00","Tuesday","50","69","Gateway_Usage-DAILY-2024_05_28","5","DAILY","21","2024","","","","","","","","","","",""
"a3HUU00000012Sn2AI","0051U0000028jHJQAY","0","Gateway_Usage-DAILY-2024_05_29","0128W000000axHn","2024-05-29 10:05:23","0051U0000028jHJQAY","2024-05-29 23:07:14","0051U0000028jHJQAY","2024-05-29 23:07:14","","","0","","","","","","","","","","","","2024-05-29 00:00:00","Wednesday","30","64","Gateway_Usage-DAILY-2024_05_29","5","DAILY","21","2024","","","","","","","","","","",""
"a3HUU000000133t2AA","0051U0000028jHJQAY","0","Gateway_Usage-DAILY-2024_05_30","0128W000000axHn","2024-05-30 10:05:15","0051U0000028jHJQAY","2024-05-30 23:04:37","0051U0000028jHJQAY","2024-05-30 23:04:37","","","0","","","","","","","","","","","","2024-05-30 00:00:00","Thursday","123","840","Gateway_Usage-DAILY-2024_05_30","5","DAILY","21","2024","","","","","","","","","","",""
"a3HUU00000013ez2AA","0051U0000028jHJQAY","0","Gateway_Usage-DAILY-2024_05_31","0128W000000axHn","2024-05-31 10:05:13","0051U0000028jHJQAY","2024-05-31 23:31:30","0051U0000028jHJQAY","2024-05-31 23:31:30","","","0","","","","","","","","","","","","2024-05-31 00:00:00","Friday","126","711","Gateway_Usage-DAILY-2024_05_31","5","DAILY","21","2024","","","","","","","","","","",""
"a3HUU00000014kj2AA","0051U0000028jHJQAY","0","Gateway_Usage-DAILY-2024_06_01","0128W000000axHn","2024-06-01 10:05:08","0051U0000028jHJQAY","2024-06-01 10:05:08","0051U0000028jHJQAY","2024-06-01 10:05:08","","","0","","","","","","","","","","","","2024-06-01 00:00:00","Saturday","1","1","Gateway_Usage-DAILY-2024_06_01","6","DAILY","21","2024","","","","","","","","","","",""
"a3HUU000000152T2AQ","0051U0000028jHJQAY","0","Gateway_Usage-DAILY-2024_06_02","0128W000000axHn","2024-06-03 10:05:16","0051U0000028jHJQAY","2024-06-03 10:05:16","0051U0000028jHJQAY","2024-06-03 10:05:16","","","0","","","","","","","","","","","","2024-06-02 00:00:00","Sunday","0","0","Gateway_Usage-DAILY-2024_06_02","6","DAILY","22","2024","","","","","","","","","","",""
"a3HUU000000152U2AQ","0051U0000028jHJQAY","0","Gateway_Usage-DAILY-2024_06_03","0128W000000axHn","2024-06-03 10:05:16","0051U0000028jHJQAY","2024-06-03 22:26:32","0051U0000028jHJQAY","2024-06-03 22:26:32","","","0","","","","","","","","","","","","2024-06-03 00:00:00","Monday","68","632","Gateway_Usage-DAILY-2024_06_03","6","DAILY","22","2024","","","","","","","","","","",""
"a3HUU000000161l2AA","0051U0000028jHJQAY","0","Gateway_Usage-DAILY-2024_06_04","0128W000000axHn","2024-06-04 10:05:17","0051U0000028jHJQAY","2024-06-04 23:05:58","0051U0000028jHJQAY","2024-06-04 23:05:58","","","0","","","","","","","","","","","","2024-06-04 00:00:00","Tuesday","41","54","Gateway_Usage-DAILY-2024_06_04","6","DAILY","22","2024","","","","","","","","","","",""
"a3HUU000000172f2AA","0051U0000028jHJQAY","0","Gateway_Usage-DAILY-2024_06_05","0128W000000axHn","2024-06-05 10:05:20","0051U0000028jHJQAY","2024-06-05 21:15:56","0051U0000028jHJQAY","2024-06-05 21:15:56","","","0","","","","","","","","","","","","2024-06-05 00:00:00","Wednesday","31","42","Gateway_Usage-DAILY-2024_06_05","6","DAILY","22","2024","","","","","","","","","","",""
"a3HUU00000017nR2AQ","0051U0000028jHJQAY","0","Gateway_Usage-DAILY-2024_06_06","0128W000000axHn","2024-06-06 10:05:21","0051U0000028jHJQAY","2024-06-06 23:27:23","0051U0000028jHJQAY","2024-06-06 23:27:23","","","0","","","","","","","","","","","","2024-06-06 00:00:00","Thursday","118","617","Gateway_Usage-DAILY-2024_06_06","6","DAILY","22","2024","","","","","","","","","","",""
"a3HUU00000018YD2AY","0051U0000028jHJQAY","0","Gateway_Usage-DAILY-2024_06_07","0128W000000axHn","2024-06-07 10:05:15","0051U0000028jHJQAY","2024-06-07 23:29:42","0051U0000028jHJQAY","2024-06-07 23:29:42","","","0","","","","","","","","","","","","2024-06-07 00:00:00","Friday","103","445","Gateway_Usage-DAILY-2024_06_07","6","DAILY","22","2024","","","","","","","","","","",""
"a3HUU00000019Np2AI","0051U0000028jHJQAY","0","Gateway_Usage-DAILY-2024_06_08","0128W000000axHn","2024-06-08 10:05:07","0051U0000028jHJQAY","2024-06-08 10:05:07","0051U0000028jHJQAY","2024-06-08 10:05:07","","","0","","","","","","","","","","","","2024-06-08 00:00:00","Saturday","1","3","Gateway_Usage-DAILY-2024_06_08","6","DAILY","22","2024","","","","","","","","","","",""
"a3HUU0000001Lbt2AE","0051U0000028jHJQAY","0","Gateway_Usage-DAILY-2024_06_09","0128W000000axHn","2024-06-10 10:05:12","0051U0000028jHJQAY","2024-06-10 10:05:12","0051U0000028jHJQAY","2024-06-10 10:05:12","","","0","","","","","","","","","","","","2024-06-09 00:00:00","Sunday","0","0","Gateway_Usage-DAILY-2024_06_09","6","DAILY","23","2024","","","","","","","","","","",""
"a3HUU0000001Lbu2AE","0051U0000028jHJQAY","0","Gateway_Usage-DAILY-2024_06_10","0128W000000axHn","2024-06-10 10:05:12","0051U0000028jHJQAY","2024-06-10 23:21:48","0051U0000028jHJQAY","2024-06-10 23:21:48","","","0","","","","","","","","","","","","2024-06-10 00:00:00","Monday","77","402","Gateway_Usage-DAILY-2024_06_10","6","DAILY","23","2024","","","","","","","","","","",""
"a3HUU0000001MRV2A2","0051U0000028jHJQAY","0","Gateway_Usage-DAILY-2024_06_11","0128W000000axHn","2024-06-11 10:05:21","0051U0000028jHJQAY","2024-06-11 23:26:12","0051U0000028jHJQAY","2024-06-11 23:26:12","","","0","","","","","","","","","","","","2024-06-11 00:00:00","Tuesday","61","67","Gateway_Usage-DAILY-2024_06_11","6","DAILY","23","2024","","","","","","","","","","",""
"a3HUU0000001MzN2AU","0051U0000028jHJQAY","0","Gateway_Usage-DAILY-2024_06_12","0128W000000axHn","2024-06-12 10:05:12","0051U0000028jHJQAY","2024-06-12 23:31:10","0051U0000028jHJQAY","2024-06-12 23:31:10","","","0","","","","","","","","","","","","2024-06-12 00:00:00","Wednesday","30","44","Gateway_Usage-DAILY-2024_06_12","6","DAILY","23","2024","","","","","","","","","","",""
"a3HUU0000001Nx32AE","0051U0000028jHJQAY","0","Gateway_Usage-DAILY-2024_06_13","0128W000000axHn","2024-06-13 10:05:20","0051U0000028jHJQAY","2024-06-13 23:31:49","0051U0000028jHJQAY","2024-06-13 23:31:49","","","0","","","","","","","","","","","","2024-06-13 00:00:00","Thursday","89","368","Gateway_Usage-DAILY-2024_06_13","6","DAILY","23","2024","","","","","","","","","","",""
"a3HUU0000001OgD2AU","0051U0000028jHJQAY","0","Gateway_Usage-DAILY-2024_06_14","0128W000000axHn","2024-06-14 10:05:19","0051U0000028jHJQAY","2024-06-14 23:30:46","0051U0000028jHJQAY","2024-06-14 23:30:46","","","0","","","","","","","","","","","","2024-06-14 00:00:00","Friday","106","539","Gateway_Usage-DAILY-2024_06_14","6","DAILY","23","2024","","","","","","","","","","",""
"a3HUU0000001PZ32AM","0051U0000028jHJQAY","0","Gateway_Usage-DAILY-2024_06_15","0128W000000axHn","2024-06-15 10:05:27","0051U0000028jHJQAY","2024-06-15 10:05:27","0051U0000028jHJQAY","2024-06-15 10:05:27","","","0","","","","","","","","","","","","2024-06-15 00:00:00","Saturday","1","8","Gateway_Usage-DAILY-2024_06_15","6","DAILY","23","2024","","","","","","","","","","",""
"a3HUU0000001PcH2AU","0051U0000028jHJQAY","0","Gateway_Usage-DAILY-2024_06_16","0128W000000axHn","2024-06-16 10:05:20","0051U0000028jHJQAY","2024-06-16 10:05:20","0051U0000028jHJQAY","2024-06-16 10:05:20","","","0","","","","","","","","","","","","2024-06-16 00:00:00","Sunday","1","7","Gateway_Usage-DAILY-2024_06_16","6","DAILY","24","2024","","","","","","","","","","",""
"a3HUU0000001Pvd2AE","0051U0000028jHJQAY","0","Gateway_Usage-DAILY-2024_06_17","0128W000000axHn","2024-06-17 10:05:18","0051U0000028jHJQAY","2024-06-17 23:06:08","0051U0000028jHJQAY","2024-06-17 23:06:08","","","0","","","","","","","","","","","","2024-06-17 00:00:00","Monday","58","422","Gateway_Usage-DAILY-2024_06_17","6","DAILY","24","2024","","","","","","","","","","",""
"a3HUU0000001Qjd2AE","0051U0000028jHJQAY","0","Gateway_Usage-DAILY-2024_06_18","0128W000000axHn","2024-06-18 10:05:24","0051U0000028jHJQAY","2024-06-18 23:06:25","0051U0000028jHJQAY","2024-06-18 23:06:25","","","0","","","","","","","","","","","","2024-06-18 00:00:00","Tuesday","23","44","Gateway_Usage-DAILY-2024_06_18","6","DAILY","24","2024","","","","","","","","","","",""
"a3HUU0000001RkX2AU","0051U0000028jHJQAY","0","Gateway_Usage-DAILY-2024_06_19","0128W000000axHn","2024-06-19 10:05:15","0051U0000028jHJQAY","2024-06-19 23:10:21","0051U0000028jHJQAY","2024-06-19 23:10:21","","","0","","","","","","","","","","","","2024-06-19 00:00:00","Wednesday","39","53","Gateway_Usage-DAILY-2024_06_19","6","DAILY","24","2024","","","","","","","","","","",""
"a3HUU0000001Swj2AE","0051U0000028jHJQAY","0","Gateway_Usage-DAILY-2024_06_20","0128W000000axHn","2024-06-20 10:05:21","0051U0000028jHJQAY","2024-06-20 23:25:13","0051U0000028jHJQAY","2024-06-20 23:25:13","","","0","","","","","","","","","","","","2024-06-20 00:00:00","Thursday","75","411","Gateway_Usage-DAILY-2024_06_20","6","DAILY","24","2024","","","","","","","","","","",""
"a3HUU0000001Tsn2AE","0051U0000028jHJQAY","0","Gateway_Usage-DAILY-2024_06_21","0128W000000axHn","2024-06-21 10:05:19","0051U0000028jHJQAY","2024-06-21 23:23:22","0051U0000028jHJQAY","2024-06-21 23:23:22","","","0","","","","","","","","","","","","2024-06-21 00:00:00","Friday","94","476","Gateway_Usage-DAILY-2024_06_21","6","DAILY","24","2024","","","","","","","","","","",""
"a3HUU0000001VTB2A2","0051U0000028jHJQAY","0","Gateway_Usage-DAILY-2024_06_22","0128W000000axHn","2024-06-22 10:05:19","0051U0000028jHJQAY","2024-06-22 10:05:19","0051U0000028jHJQAY","2024-06-22 10:05:19","","","0","","","","","","","","","","","","2024-06-22 00:00:00","Saturday","1","8","Gateway_Usage-DAILY-2024_06_22","6","DAILY","24","2024","","","","","","","","","","",""
"a3HUU0000001VY12AM","0051U0000028jHJQAY","0","Gateway_Usage-DAILY-2024_06_23","0128W000000axHn","2024-06-23 10:05:11","0051U0000028jHJQAY","2024-06-23 10:05:11","0051U0000028jHJQAY","2024-06-23 10:05:11","","","0","","","","","","","","","","","","2024-06-23 00:00:00","Sunday","1","8","Gateway_Usage-DAILY-2024_06_23","6","DAILY","25","2024","","","","","","","","","","",""
"a3HUU0000001Vcr2AE","0051U0000028jHJQAY","0","Gateway_Usage-DAILY-2024_06_24","0128W000000axHn","2024-06-24 10:05:11","0051U0000028jHJQAY","2024-06-24 23:17:06","0051U0000028jHJQAY","2024-06-24 23:17:06","","","0","","","","","","","","","","","","2024-06-24 00:00:00","Monday","74","437","Gateway_Usage-DAILY-2024_06_24","6","DAILY","25","2024","","","","","","","","","","",""
"a3HUU0000001WfN2AU","0051U0000028jHJQAY","0","Gateway_Usage-DAILY-2024_06_25","0128W000000axHn","2024-06-25 10:05:20","0051U0000028jHJQAY","2024-06-25 23:16:09","0051U0000028jHJQAY","2024-06-25 23:16:09","","","0","","","","","","","","","","","","2024-06-25 00:00:00","Tuesday","42","64","Gateway_Usage-DAILY-2024_06_25","6","DAILY","25","2024","","","","","","","","","","",""
"a3HUU0000001YMD2A2","0051U0000028jHJQAY","0","Gateway_Usage-DAILY-2024_06_26","0128W000000axHn","2024-06-26 10:05:13","0051U0000028jHJQAY","2024-06-26 23:30:09","0051U0000028jHJQAY","2024-06-26 23:30:09","","","0","","","","","","","","","","","","2024-06-26 00:00:00","Wednesday","47","63","Gateway_Usage-DAILY-2024_06_26","6","DAILY","25","2024","","","","","","","","","","",""
"a3HUU0000001ZRx2AM","0051U0000028jHJQAY","0","Gateway_Usage-DAILY-2024_06_27","0128W000000axHn","2024-06-27 10:05:23","0051U0000028jHJQAY","2024-06-27 23:31:22","0051U0000028jHJQAY","2024-06-27 23:31:22","","","0","","","","","","","","","","","","2024-06-27 00:00:00","Thursday","57","354","Gateway_Usage-DAILY-2024_06_27","6","DAILY","25","2024","","","","","","","","","","",""
"a3HUU0000001a7t2AA","0051U0000028jHJQAY","0","Gateway_Usage-DAILY-2024_06_28","0128W000000axHn","2024-06-28 10:05:15","0051U0000028jHJQAY","2024-06-28 23:26:41","0051U0000028jHJQAY","2024-06-28 23:26:41","","","0","","","","","","","","","","","","2024-06-28 00:00:00","Friday","130","882","Gateway_Usage-DAILY-2024_06_28","6","DAILY","25","2024","","","","","","","","","","",""
"a3HUU0000001b7B2AQ","0051U0000028jHJQAY","0","Gateway_Usage-DAILY-2024_06_29","0128W000000axHn","2024-06-29 10:05:30","0051U0000028jHJQAY","2024-06-29 10:05:40","0051U0000028jHJQAY","2024-06-29 10:05:40","","","0","","","","","","","","","","","","2024-06-29 00:00:00","Saturday","2","11","Gateway_Usage-DAILY-2024_06_29","6","DAILY","25","2024","","","","","","","","","","",""
"a3HUU0000001bC12AI","0051U0000028jHJQAY","0","Gateway_Usage-DAILY-2024_06_30","0128W000000axHn","2024-07-01 10:05:21","0051U0000028jHJQAY","2024-07-01 10:05:21","0051U0000028jHJQAY","2024-07-01 10:05:21","","","0","","","","","","","","","","","","2024-06-30 00:00:00","Sunday","0","0","Gateway_Usage-DAILY-2024_06_30","6","DAILY","26","2024","","","","","","","","","","",""
"a3HUU0000001bC22AI","0051U0000028jHJQAY","0","Gateway_Usage-DAILY-2024_07_01","0128W000000axHn","2024-07-01 10:05:21","0051U0000028jHJQAY","2024-07-01 23:34:34","0051U0000028jHJQAY","2024-07-01 23:34:34","","","0","","","","","","","","","","","","2024-07-01 00:00:00","Monday","148","656","Gateway_Usage-DAILY-2024_07_01","7","DAILY","26","2024","","","","","","","","","","",""
"a3HUU0000001d0v2AA","0051U0000028jHJQAY","0","Gateway_Usage-DAILY-2024_07_02","0128W000000axHn","2024-07-02 10:05:12","0051U0000028jHJQAY","2024-07-02 23:34:17","0051U0000028jHJQAY","2024-07-02 23:34:17","","","0","","","","","","","","","","","","2024-07-02 00:00:00","Tuesday","74","83","Gateway_Usage-DAILY-2024_07_02","7","DAILY","26","2024","","","","","","","","","","",""
"a3HUU0000001eLB2AY","0051U0000028jHJQAY","0","Gateway_Usage-DAILY-2024_07_03","0128W000000axHn","2024-07-03 10:05:27","0051U0000028jHJQAY","2024-07-03 23:49:29","0051U0000028jHJQAY","2024-07-03 23:49:29","","","0","","","","","","","","","","","","2024-07-03 00:00:00","Wednesday","78","89","Gateway_Usage-DAILY-2024_07_03","7","DAILY","26","2024","","","","","","","","","","",""
"a3HUU0000001fqj2AA","0051U0000028jHJQAY","0","Gateway_Usage-DAILY-2024_07_04","0128W000000axHn","2024-07-04 10:05:14","0051U0000028jHJQAY","2024-07-04 10:10:48","0051U0000028jHJQAY","2024-07-04 10:10:48","","","0","","","","","","","","","","","","2024-07-04 00:00:00","Thursday","31","299","Gateway_Usage-DAILY-2024_07_04","7","DAILY","26","2024","","","","","","","","","","",""
"a3HUU0000001fyn2AA","0051U0000028jHJQAY","0","Gateway_Usage-DAILY-2024_07_05","0128W000000axHn","2024-07-05 10:05:14","0051U0000028jHJQAY","2024-07-05 23:39:19","0051U0000028jHJQAY","2024-07-05 23:39:19","","","0","","","","","","","","","","","","2024-07-05 00:00:00","Friday","111","484","Gateway_Usage-DAILY-2024_07_05","7","DAILY","26","2024","","","","","","","","","","",""
"a3HUU0000001gGX2AY","0051U0000028jHJQAY","0","Gateway_Usage-DAILY-2024_07_06","0128W000000axHn","2024-07-06 10:05:10","0051U0000028jHJQAY","2024-07-06 10:05:10","0051U0000028jHJQAY","2024-07-06 10:05:10","","","0","","","","","","","","","","","","2024-07-06 00:00:00","Saturday","1","2","Gateway_Usage-DAILY-2024_07_06","7","DAILY","26","2024","","","","","","","","","","",""
"a3HUU0000001gMz2AI","0051U0000028jHJQAY","0","Gateway_Usage-DAILY-2024_07_07","0128W000000axHn","2024-07-08 10:05:31","0051U0000028jHJQAY","2024-07-08 10:05:31","0051U0000028jHJQAY","2024-07-08 10:05:31","","","0","","","","","","","","","","","","2024-07-07 00:00:00","Sunday","0","0","Gateway_Usage-DAILY-2024_07_07","7","DAILY","27","2024","","","","","","","","","","",""
"a3HUU0000001gN02AI","0051U0000028jHJQAY","0","Gateway_Usage-DAILY-2024_07_08","0128W000000axHn","2024-07-08 10:05:31","0051U0000028jHJQAY","2024-07-08 23:35:47","0051U0000028jHJQAY","2024-07-08 23:35:47","","","0","","","","","","","","","","","","2024-07-08 00:00:00","Monday","73","420","Gateway_Usage-DAILY-2024_07_08","7","DAILY","27","2024","","","","","","","","","","",""
"a3HUU0000001h2v2AA","0051U0000028jHJQAY","0","Gateway_Usage-DAILY-2024_07_09","0128W000000axHn","2024-07-09 10:05:21","0051U0000028jHJQAY","2024-07-09 23:38:18","0051U0000028jHJQAY","2024-07-09 23:38:18","","","0","","","","","","","","","","","","2024-07-09 00:00:00","Tuesday","32","36","Gateway_Usage-DAILY-2024_07_09","7","DAILY","27","2024","","","","","","","","","","",""
"a3HUU0000001iYT2AY","0051U0000028jHJQAY","0","Gateway_Usage-DAILY-2024_07_10","0128W000000axHn","2024-07-10 10:16:20","0051U0000028jHJQAY","2024-07-10 23:35:24","0051U0000028jHJQAY","2024-07-10 23:35:24","","","0","","","","","","","","","","","","2024-07-10 00:00:00","Wednesday","74","90","Gateway_Usage-DAILY-2024_07_10","7","DAILY","27","2024","","","","","","","","","","",""
"a3HUU0000001jzB2AQ","0051U0000028jHJQAY","0","Gateway_Usage-DAILY-2024_07_11","0128W000000axHn","2024-07-11 10:05:24","0051U0000028jHJQAY","2024-07-11 23:39:30","0051U0000028jHJQAY","2024-07-11 23:39:30","","","0","","","","","","","","","","","","2024-07-11 00:00:00","Thursday","97","354","Gateway_Usage-DAILY-2024_07_11","7","DAILY","27","2024","","","","","","","","","","",""
"a3HUU0000001l6X2AQ","0051U0000028jHJQAY","0","Gateway_Usage-DAILY-2024_07_12","0128W000000axHn","2024-07-12 10:05:19","0051U0000028jHJQAY","2024-07-12 23:23:19","0051U0000028jHJQAY","2024-07-12 23:23:19","","","0","","","","","","","","","","","","2024-07-12 00:00:00","Friday","115","453","Gateway_Usage-DAILY-2024_07_12","7","DAILY","27","2024","","","","","","","","","","",""
"a3HUU0000001m2b2AA","0051U0000028jHJQAY","0","Gateway_Usage-DAILY-2024_07_13","0128W000000axHn","2024-07-13 10:05:24","0051U0000028jHJQAY","2024-07-13 10:05:24","0051U0000028jHJQAY","2024-07-13 10:05:24","","","0","","","","","","","","","","","","2024-07-13 00:00:00","Saturday","1","2","Gateway_Usage-DAILY-2024_07_13","7","DAILY","27","2024","","","","","","","","","","",""
"a3HUU0000001mLx2AI","0051U0000028jHJQAY","0","Gateway_Usage-DAILY-2024_07_14","0128W000000axHn","2024-07-15 10:05:20","0051U0000028jHJQAY","2024-07-15 10:05:20","0051U0000028jHJQAY","2024-07-15 10:05:20","","","0","","","","","","","","","","","","2024-07-14 00:00:00","Sunday","0","0","Gateway_Usage-DAILY-2024_07_14","7","DAILY","28","2024","","","","","","","","","","",""
"a3HUU0000001mLy2AI","0051U0000028jHJQAY","0","Gateway_Usage-DAILY-2024_07_15","0128W000000axHn","2024-07-15 10:05:20","0051U0000028jHJQAY","2024-07-15 23:32:41","0051U0000028jHJQAY","2024-07-15 23:32:41","","","0","","","","","","","","","","","","2024-07-15 00:00:00","Monday","114","534","Gateway_Usage-DAILY-2024_07_15","7","DAILY","28","2024","","","","","","","","","","",""
"a3HUU0000001o7d2AA","0051U0000028jHJQAY","0","Gateway_Usage-DAILY-2024_07_16","0128W000000axHn","2024-07-16 10:05:18","0051U0000028jHJQAY","2024-07-16 23:35:23","0051U0000028jHJQAY","2024-07-16 23:35:23","","","0","","","","","","","","","","","","2024-07-16 00:00:00","Tuesday","73","99","Gateway_Usage-DAILY-2024_07_16","7","DAILY","28","2024","","","","","","","","","","",""
"a3HUU0000001pYL2AY","0051U0000028jHJQAY","0","Gateway_Usage-DAILY-2024_07_17","0128W000000axHn","2024-07-17 10:05:13","0051U0000028jHJQAY","2024-07-17 23:03:53","0051U0000028jHJQAY","2024-07-17 23:03:53","","","0","","","","","","","","","","","","2024-07-17 00:00:00","Wednesday","38","46","Gateway_Usage-DAILY-2024_07_17","7","DAILY","28","2024","","","","","","","","","","",""
"a3HUU0000001qKj2AI","0051U0000028jHJQAY","0","Gateway_Usage-DAILY-2024_07_18","0128W000000axHn","2024-07-18 10:05:14","0051U0000028jHJQAY","2024-07-18 23:30:36","0051U0000028jHJQAY","2024-07-18 23:30:36","","","0","","","","","","","","","","","","2024-07-18 00:00:00","Thursday","98","395","Gateway_Usage-DAILY-2024_07_18","7","DAILY","28","2024","","","","","","","","","","",""
"a3HUU0000001rVJ2AY","0051U0000028jHJQAY","0","Gateway_Usage-DAILY-2024_07_19","0128W000000axHn","2024-07-19 10:05:25","0051U0000028jHJQAY","2024-07-19 23:44:55","0051U0000028jHJQAY","2024-07-19 23:44:55","","","0","","","","","","","","","","","","2024-07-19 00:00:00","Friday","108","517","Gateway_Usage-DAILY-2024_07_19","7","DAILY","28","2024","","","","","","","","","","",""
"a3HUU0000001s9d2AA","0051U0000028jHJQAY","0","Gateway_Usage-DAILY-2024_07_20","0128W000000axHn","2024-07-20 10:05:13","0051U0000028jHJQAY","2024-07-20 10:05:13","0051U0000028jHJQAY","2024-07-20 10:05:13","","","0","","","","","","","","","","","","2024-07-20 00:00:00","Saturday","1","2","Gateway_Usage-DAILY-2024_07_20","7","DAILY","28","2024","","","","","","","","","","",""
"a3HUU0000001sSz2AI","0051U0000028jHJQAY","0","Gateway_Usage-DAILY-2024_07_21","0128W000000axHn","2024-07-22 10:05:12","0051U0000028jHJQAY","2024-07-22 10:05:12","0051U0000028jHJQAY","2024-07-22 10:05:12","","","0","","","","","","","","","","","","2024-07-21 00:00:00","Sunday","0","0","Gateway_Usage-DAILY-2024_07_21","7","DAILY","29","2024","","","","","","","","","","",""
"a3HUU0000001sT02AI","0051U0000028jHJQAY","0","Gateway_Usage-DAILY-2024_07_22","0128W000000axHn","2024-07-22 10:05:12","0051U0000028jHJQAY","2024-07-22 23:34:36","0051U0000028jHJQAY","2024-07-22 23:34:36","","","0","","","","","","","","","","","","2024-07-22 00:00:00","Monday","116","482","Gateway_Usage-DAILY-2024_07_22","7","DAILY","29","2024","","","","","","","","","","",""
"a3HUU0000001u4z2AA","0051U0000028jHJQAY","0","Gateway_Usage-DAILY-2024_07_23","0128W000000axHn","2024-07-23 10:05:18","0051U0000028jHJQAY","2024-07-23 23:41:47","0051U0000028jHJQAY","2024-07-23 23:41:47","","","0","","","","","","","","","","","","2024-07-23 00:00:00","Tuesday","65","78","Gateway_Usage-DAILY-2024_07_23","7","DAILY","29","2024","","","","","","","","","","",""
"a3HUU0000001v7V2AQ","0051U0000028jHJQAY","0","Gateway_Usage-DAILY-2024_07_24","0128W000000axHn","2024-07-24 10:05:10","0051U0000028jHJQAY","2024-07-24 23:31:28","0051U0000028jHJQAY","2024-07-24 23:31:28","","","0","","","","","","","","","","","","2024-07-24 00:00:00","Wednesday","62","67","Gateway_Usage-DAILY-2024_07_24","7","DAILY","29","2024","","","","","","","","","","",""
"a3HUU0000001vx72AA","0051U0000028jHJQAY","0","Gateway_Usage-DAILY-2024_07_25","0128W000000axHn","2024-07-25 10:05:41","0051U0000028jHJQAY","2024-07-25 10:11:40","0051U0000028jHJQAY","2024-07-25 10:11:40","","","0","","","","","","","","","","","","2024-07-25 00:00:00","Thursday","34","337","Gateway_Usage-DAILY-2024_07_25","7","DAILY","29","2024","","","","","","","","","","",""
"a3HUU0000001xCX2AY","0051U0000028jHJQAY","0","Gateway_Usage-DAILY-2024_07_26","0128W000000axHn","2024-07-26 10:05:18","0051U0000028jHJQAY","2024-07-26 22:10:30","0051U0000028jHJQAY","2024-07-26 22:10:30","","","0","","","","","","","","","","","","2024-07-26 00:00:00","Friday","162","1180","Gateway_Usage-DAILY-2024_07_26","7","DAILY","29","2024","","","","","","","","","","",""
"a3HUU0000001ya12AA","0051U0000028jHJQAY","0","Gateway_Usage-DAILY-2024_07_27","0128W000000axHn","2024-07-28 10:05:08","0051U0000028jHJQAY","2024-07-28 10:05:08","0051U0000028jHJQAY","2024-07-28 10:05:08","","","0","","","","","","","","","","","","2024-07-27 00:00:00","Saturday","0","0","Gateway_Usage-DAILY-2024_07_27","7","DAILY","29","2024","","","","","","","","","","",""
"a3HUU0000001ya22AA","0051U0000028jHJQAY","0","Gateway_Usage-DAILY-2024_07_28","0128W000000axHn","2024-07-28 10:05:08","0051U0000028jHJQAY","2024-07-28 10:05:08","0051U0000028jHJQAY","2024-07-28 10:05:08","","","0","","","","","","","","","","","","2024-07-28 00:00:00","Sunday","1","1","Gateway_Usage-DAILY-2024_07_28","7","DAILY","30","2024","","","","","","","","","","",""
"a3HUU0000001yyD2AQ","0051U0000028jHJQAY","0","Gateway_Usage-DAILY-2024_07_29","0128W000000axHn","2024-07-29 10:05:18","0051U0000028jHJQAY","2024-07-29 23:26:56","0051U0000028jHJQAY","2024-07-29 23:26:56","","","0","","","","","","","","","","","","2024-07-29 00:00:00","Monday","127","622","Gateway_Usage-DAILY-2024_07_29","7","DAILY","30","2024","","","","","","","","","","",""
"a3HUU0000001zvt2AA","0051U0000028jHJQAY","0","Gateway_Usage-DAILY-2024_07_30","0128W000000axHn","2024-07-30 10:05:14","0051U0000028jHJQAY","2024-07-30 23:27:32","0051U0000028jHJQAY","2024-07-30 23:27:32","","","0","","","","","","","","","","","","2024-07-30 00:00:00","Tuesday","78","220","Gateway_Usage-DAILY-2024_07_30","7","DAILY","30","2024","","","","","","","","","","",""
"a3HUU00000021zJ2AQ","0051U0000028jHJQAY","0","Gateway_Usage-DAILY-2024_07_31","0128W000000axHn","2024-07-31 12:29:58","0051U0000028jHJQAY","2024-07-31 23:36:53","0051U0000028jHJQAY","2024-07-31 23:36:53","","","0","","","","","","","","","","","","2024-07-31 00:00:00","Wednesday","57","57","Gateway_Usage-DAILY-2024_07_31","7","DAILY","30","2024","","","","","","","","","","",""
"a3HUU00000022dd2AA","0051U0000028jHJQAY","0","Gateway_Usage-DAILY-2024_08_01","0128W000000axHn","2024-08-01 10:05:21","0051U0000028jHJQAY","2024-08-01 23:31:53","0051U0000028jHJQAY","2024-08-01 23:31:53","","","0","","","","","","","","","","","","2024-08-01 00:00:00","Thursday","103","534","Gateway_Usage-DAILY-2024_08_01","8","DAILY","30","2024","","","","","","","","","","",""
"a3HUU00000024SX2AY","0051U0000028jHJQAY","0","Gateway_Usage-DAILY-2024_08_02","0128W000000axHn","2024-08-02 10:05:18","0051U0000028jHJQAY","2024-08-02 23:12:06","0051U0000028jHJQAY","2024-08-02 23:12:06","","","0","","","","","","","","","","","","2024-08-02 00:00:00","Friday","84","602","Gateway_Usage-DAILY-2024_08_02","8","DAILY","30","2024","","","","","","","","","","",""
"a3HUU00000026692AA","0051U0000028jHJQAY","0","Gateway_Usage-DAILY-2024_08_03","0128W000000axHn","2024-08-05 10:06:54","0051U0000028jHJQAY","2024-08-05 10:06:54","0051U0000028jHJQAY","2024-08-05 10:06:54","","","0","","","","","","","","","","","","2024-08-03 00:00:00","Saturday","0","0","Gateway_Usage-DAILY-2024_08_03","8","DAILY","30","2024","","","","","","","","","","",""
"a3HUU000000266A2AQ","0051U0000028jHJQAY","0","Gateway_Usage-DAILY-2024_08_04","0128W000000axHn","2024-08-05 10:06:54","0051U0000028jHJQAY","2024-08-05 10:06:54","0051U0000028jHJQAY","2024-08-05 10:06:54","","","0","","","","","","","","","","","","2024-08-04 00:00:00","Sunday","0","0","Gateway_Usage-DAILY-2024_08_04","8","DAILY","31","2024","","","","","","","","","","",""
"a3HUU000000266B2AQ","0051U0000028jHJQAY","0","Gateway_Usage-DAILY-2024_08_05","0128W000000axHn","2024-08-05 10:06:54","0051U0000028jHJQAY","2024-08-05 23:19:48","0051U0000028jHJQAY","2024-08-05 23:19:48","","","0","","","","","","","","","","","","2024-08-05 00:00:00","Monday","92","590","Gateway_Usage-DAILY-2024_08_05","8","DAILY","31","2024","","","","","","","","","","",""
"a3HUU00000027732AA","0051U0000028jHJQAY","0","Gateway_Usage-DAILY-2024_08_06","0128W000000axHn","2024-08-06 10:05:10","0051U0000028jHJQAY","2024-08-06 23:46:37","0051U0000028jHJQAY","2024-08-06 23:46:37","","","0","","","","","","","","","","","","2024-08-06 00:00:00","Tuesday","55","63","Gateway_Usage-DAILY-2024_08_06","8","DAILY","31","2024","","","","","","","","","","",""
"a3HUU00000027wf2AA","0051U0000028jHJQAY","0","Gateway_Usage-DAILY-2024_08_07","0128W000000axHn","2024-08-07 10:05:12","0051U0000028jHJQAY","2024-08-07 23:31:54","0051U0000028jHJQAY","2024-08-07 23:31:54","","","0","","","","","","","","","","","","2024-08-07 00:00:00","Wednesday","75","86","Gateway_Usage-DAILY-2024_08_07","8","DAILY","31","2024","","","","","","","","","","",""
"a3HUU000000297F2AQ","0051U0000028jHJQAY","0","Gateway_Usage-DAILY-2024_08_08","0128W000000axHn","2024-08-08 10:05:16","0051U0000028jHJQAY","2024-08-08 23:24:12","0051U0000028jHJQAY","2024-08-08 23:24:12","","","0","","","","","","","","","","","","2024-08-08 00:00:00","Thursday","100","491","Gateway_Usage-DAILY-2024_08_08","8","DAILY","31","2024","","","","","","","","","","",""
"a3HUU00000029on2AA","0051U0000028jHJQAY","0","Gateway_Usage-DAILY-2024_08_09","0128W000000axHn","2024-08-09 10:05:12","0051U0000028jHJQAY","2024-08-09 23:35:46","0051U0000028jHJQAY","2024-08-09 23:35:46","","","0","","","","","","","","","","","","2024-08-09 00:00:00","Friday","108","585","Gateway_Usage-DAILY-2024_08_09","8","DAILY","31","2024","","","","","","","","","","",""
"a3HUU0000002Ao52AE","0051U0000028jHJQAY","0","Gateway_Usage-DAILY-2024_08_10","0128W000000axHn","2024-08-10 10:05:10","0051U0000028jHJQAY","2024-08-10 10:05:10","0051U0000028jHJQAY","2024-08-10 10:05:10","","","0","","","","","","","","","","","","2024-08-10 00:00:00","Saturday","1","1","Gateway_Usage-DAILY-2024_08_10","8","DAILY","31","2024","","","","","","","","","","",""
"a3HUU0000002BAf2AM","0051U0000028jHJQAY","0","Gateway_Usage-DAILY-2024_08_11","0128W000000axHn","2024-08-12 11:02:55","0051U0000028jHJQAY","2024-08-12 11:02:55","0051U0000028jHJQAY","2024-08-12 11:02:55","","","0","","","","","","","","","","","","2024-08-11 00:00:00","Sunday","0","0","Gateway_Usage-DAILY-2024_08_11","8","DAILY","32","2024","","","","","","","","","","",""
"a3HUU0000002BAg2AM","0051U0000028jHJQAY","0","Gateway_Usage-DAILY-2024_08_12","0128W000000axHn","2024-08-12 11:02:55","0051U0000028jHJQAY","2024-08-12 23:07:39","0051U0000028jHJQAY","2024-08-12 23:07:39","","","0","","","","","","","","","","","","2024-08-12 00:00:00","Monday","109","577","Gateway_Usage-DAILY-2024_08_12","8","DAILY","32","2024","","","","","","","","","","",""
"a3HUU0000002CQ52AM","0051U0000028jHJQAY","0","Gateway_Usage-DAILY-2024_08_13","0128W000000axHn","2024-08-13 10:05:16","0051U0000028jHJQAY","2024-08-13 23:05:18","0051U0000028jHJQAY","2024-08-13 23:05:18","","","0","","","","","","","","","","","","2024-08-13 00:00:00","Tuesday","17","22","Gateway_Usage-DAILY-2024_08_13","8","DAILY","32","2024","","","","","","","","","","",""
"a3HUU0000002D4P2AU","0051U0000028jHJQAY","0","Gateway_Usage-DAILY-2024_08_14","0128W000000axHn","2024-08-14 10:05:12","0051U0000028jHJQAY","2024-08-14 23:25:22","0051U0000028jHJQAY","2024-08-14 23:25:22","","","0","","","","","","","","","","","","2024-08-14 00:00:00","Wednesday","57","64","Gateway_Usage-DAILY-2024_08_14","8","DAILY","32","2024","","","","","","","","","","",""
"a3HUU0000002Dij2AE","0051U0000028jHJQAY","0","Gateway_Usage-DAILY-2024_08_15","0128W000000axHn","2024-08-15 10:05:26","0051U0000028jHJQAY","2024-08-15 23:06:53","0051U0000028jHJQAY","2024-08-15 23:06:53","","","0","","","","","","","","","","","","2024-08-15 00:00:00","Thursday","94","458","Gateway_Usage-DAILY-2024_08_15","8","DAILY","32","2024","","","","","","","","","","",""
"a3HUU0000002EWj2AM","0051U0000028jHJQAY","0","Gateway_Usage-DAILY-2024_08_16","0128W000000axHn","2024-08-16 10:05:22","0051U0000028jHJQAY","2024-08-16 23:13:03","0051U0000028jHJQAY","2024-08-16 23:13:03","","","0","","","","","","","","","","","","2024-08-16 00:00:00","Friday","97","482","Gateway_Usage-DAILY-2024_08_16","8","DAILY","32","2024","","","","","","","","","","",""
"a3HUU0000002FkX2AU","0051U0000028jHJQAY","0","Gateway_Usage-DAILY-2024_08_17","0128W000000axHn","2024-08-19 10:05:13","0051U0000028jHJQAY","2024-08-19 10:05:13","0051U0000028jHJQAY","2024-08-19 10:05:13","","","0","","","","","","","","","","","","2024-08-17 00:00:00","Saturday","0","0","Gateway_Usage-DAILY-2024_08_17","8","DAILY","32","2024","","","","","","","","","","",""
"a3HUU0000002FkY2AU","0051U0000028jHJQAY","0","Gateway_Usage-DAILY-2024_08_18","0128W000000axHn","2024-08-19 10:05:13","0051U0000028jHJQAY","2024-08-19 10:05:13","0051U0000028jHJQAY","2024-08-19 10:05:13","","","0","","","","","","","","","","","","2024-08-18 00:00:00","Sunday","0","0","Gateway_Usage-DAILY-2024_08_18","8","DAILY","33","2024","","","","","","","","","","",""
"a3HUU0000002FkZ2AU","0051U0000028jHJQAY","0","Gateway_Usage-DAILY-2024_08_19","0128W000000axHn","2024-08-19 10:05:13","0051U0000028jHJQAY","2024-08-19 23:01:52","0051U0000028jHJQAY","2024-08-19 23:01:52","","","0","","","","","","","","","","","","2024-08-19 00:00:00","Monday","76","430","Gateway_Usage-DAILY-2024_08_19","8","DAILY","33","2024","","","","","","","","","","",""
"a3HUU0000002Ga92AE","0051U0000028jHJQAY","0","Gateway_Usage-DAILY-2024_08_20","0128W000000axHn","2024-08-20 10:05:23","0051U0000028jHJQAY","2024-08-20 23:28:27","0051U0000028jHJQAY","2024-08-20 23:28:27","","","0","","","","","","","","","","","","2024-08-20 00:00:00","Tuesday","50","77","Gateway_Usage-DAILY-2024_08_20","8","DAILY","33","2024","","","","","","","","","","",""
"a3HUU0000002IC92AM","0051U0000028jHJQAY","0","Gateway_Usage-DAILY-2024_08_21","0128W000000axHn","2024-08-21 10:05:12","0051U0000028jHJQAY","2024-08-22 03:37:15","0051U0000028jHJQAY","2024-08-22 03:37:15","","","0","","","","","","","","","","","","2024-08-21 00:00:00","Wednesday","149","508","Gateway_Usage-DAILY-2024_08_21","8","DAILY","33","2024","","","","","","","","","","",""
"a3HUU0000002JbF2AU","0051U0000028jHJQAY","0","Gateway_Usage-DAILY-2024_08_22","0128W000000axHn","2024-08-22 10:05:22","0051U0000028jHJQAY","2024-08-22 23:37:17","0051U0000028jHJQAY","2024-08-22 23:37:17","","","0","","","","","","","","","","","","2024-08-22 00:00:00","Thursday","50","136","Gateway_Usage-DAILY-2024_08_22","8","DAILY","33","2024","","","","","","","","","","",""
"a3HUU0000002O6H2AU","0051U0000028jHJQAY","0","Gateway_Usage-DAILY-2024_08_23","0128W000000axHn","2024-08-23 10:05:21","0051U0000028jHJQAY","2024-08-23 23:14:32","0051U0000028jHJQAY","2024-08-23 23:14:32","","","0","","","","","","","","","","","","2024-08-23 00:00:00","Friday","84","459","Gateway_Usage-DAILY-2024_08_23","8","DAILY","33","2024","","","","","","","","","","",""
"a3HUU0000002PqL2AU","0051U0000028jHJQAY","0","Gateway_Usage-DAILY-2024_08_24","0128W000000axHn","2024-08-24 10:05:21","0051U0000028jHJQAY","2024-08-24 10:05:22","0051U0000028jHJQAY","2024-08-24 10:05:22","","","0","","","","","","","","","","","","2024-08-24 00:00:00","Saturday","2","10","Gateway_Usage-DAILY-2024_08_24","8","DAILY","33","2024","","","","","","","","","","",""
"a3HUU0000002Q9h2AE","0051U0000028jHJQAY","0","Gateway_Usage-DAILY-2024_08_25","0128W000000axHn","2024-08-26 10:05:14","0051U0000028jHJQAY","2024-08-26 10:05:14","0051U0000028jHJQAY","2024-08-26 10:05:14","","","0","","","","","","","","","","","","2024-08-25 00:00:00","Sunday","0","0","Gateway_Usage-DAILY-2024_08_25","8","DAILY","34","2024","","","","","","","","","","",""
"a3HUU0000002Q9i2AE","0051U0000028jHJQAY","0","Gateway_Usage-DAILY-2024_08_26","0128W000000axHn","2024-08-26 10:05:14","0051U0000028jHJQAY","2024-08-26 23:49:07","0051U0000028jHJQAY","2024-08-26 23:49:07","","","0","","","","","","","","","","","","2024-08-26 00:00:00","Monday","79","438","Gateway_Usage-DAILY-2024_08_26","8","DAILY","34","2024","","","","","","","","","","",""
"a3HUU0000002Rtl2AE","0051U0000028jHJQAY","0","Gateway_Usage-DAILY-2024_08_27","0128W000000axHn","2024-08-27 10:05:20","0051U0000028jHJQAY","2024-08-27 23:31:25","0051U0000028jHJQAY","2024-08-27 23:31:25","","","0","","","","","","","","","","","","2024-08-27 00:00:00","Tuesday","43","50","Gateway_Usage-DAILY-2024_08_27","8","DAILY","34","2024","","","","","","","","","","",""
"a3HUU0000002TvZ2AU","0051U0000028jHJQAY","0","Gateway_Usage-DAILY-2024_08_28","0128W000000axHn","2024-08-28 10:05:14","0051U0000028jHJQAY","2024-08-28 23:23:26","0051U0000028jHJQAY","2024-08-28 23:23:26","","","0","","","","","","","","","","","","2024-08-28 00:00:00","Wednesday","37","66","Gateway_Usage-DAILY-2024_08_28","8","DAILY","34","2024","","19","","","","","","","","",""
"a3HUU0000002VMH2A2","0051U0000028jHJQAY","0","Gateway_Usage-DAILY-2024_08_29","0128W000000axHn","2024-08-29 10:05:16","0051U0000028jHJQAY","2024-08-29 23:32:30","0051U0000028jHJQAY","2024-08-29 23:32:30","","","0","","","","","","","","","","","","2024-08-29 00:00:00","Thursday","82","415","Gateway_Usage-DAILY-2024_08_29","8","DAILY","34","2024","","33","","","","","","","","",""
"a3HUU0000002Wbh2AE","0051U0000028jHJQAY","0","Gateway_Usage-DAILY-2024_08_30","0128W000000axHn","2024-08-30 10:05:16","0051U0000028jHJQAY","2024-08-30 23:43:20","0051U0000028jHJQAY","2024-08-30 23:43:20","","","0","","","","","","","","","","","","2024-08-30 00:00:00","Friday","158","922","Gateway_Usage-DAILY-2024_08_30","8","DAILY","34","2024","","245","","","","","","","","",""
"a3HUU0000002XKr2AM","0051U0000028jHJQAY","0","Gateway_Usage-DAILY-2024_08_31","0128W000000axHn","2024-08-31 10:05:15","0051U0000028jHJQAY","2024-08-31 10:05:15","0051U0000028jHJQAY","2024-08-31 10:05:15","","","0","","","","","","","","","","","","2024-08-31 00:00:00","Saturday","1","1","Gateway_Usage-DAILY-2024_08_31","8","DAILY","34","2024","","1","","","","","","","","",""
"a3HUU0000002Xfp2AE","0051U0000028jHJQAY","0","Gateway_Usage-DAILY-2024_09_01","0128W000000axHn","2024-09-02 10:05:10","0051U0000028jHJQAY","2024-09-02 10:05:10","0051U0000028jHJQAY","2024-09-02 10:05:10","","","0","","","","","","","","","","","","2024-09-01 00:00:00","Sunday","0","0","Gateway_Usage-DAILY-2024_09_01","9","DAILY","35","2024","","0","","","","","","","","",""
"a3HUU0000002Xfq2AE","0051U0000028jHJQAY","0","Gateway_Usage-DAILY-2024_09_02","0128W000000axHn","2024-09-02 10:05:10","0051U0000028jHJQAY","2024-09-02 10:19:20","0051U0000028jHJQAY","2024-09-02 10:19:20","","","0","","","","","","","","","","","","2024-09-02 00:00:00","Monday","84","640","Gateway_Usage-DAILY-2024_09_02","9","DAILY","35","2024","","42","","","","","","","","",""
"a3HUU0000002Y0n2AE","0051U0000028jHJQAY","0","Gateway_Usage-DAILY-2024_09_03","0128W000000axHn","2024-09-03 10:05:06","0051U0000028jHJQAY","2024-09-03 22:04:41","0051U0000028jHJQAY","2024-09-03 22:04:41","","","0","","","","","","","","","","","","2024-09-03 00:00:00","Tuesday","40","43","Gateway_Usage-DAILY-2024_09_03","9","DAILY","35","2024","","15","","","","","","","","",""
"a3HUU0000002Yf72AE","0051U0000028jHJQAY","0","Gateway_Usage-DAILY-2024_09_04","0128W000000axHn","2024-09-04 10:05:10","0051U0000028jHJQAY","2024-09-04 21:22:12","0051U0000028jHJQAY","2024-09-04 21:22:12","","","0","","","","","","","","","","","","2024-09-04 00:00:00","Wednesday","31","34","Gateway_Usage-DAILY-2024_09_04","9","DAILY","35","2024","","15","","","","","","","","",""
"a3HUU0000002aU12AI","0051U0000028jHJQAY","0","Gateway_Usage-DAILY-2024_09_05","0128W000000axHn","2024-09-05 10:05:10","0051U0000028jHJQAY","2024-09-05 22:47:15","0051U0000028jHJQAY","2024-09-05 22:47:15","","","0","","","","","","","","","","","","2024-09-05 00:00:00","Thursday","96","596","Gateway_Usage-DAILY-2024_09_05","9","DAILY","35","2024","","34","","","","","","","","",""
"a3HUU0000002bLF2AY","0051U0000028jHJQAY","0","Gateway_Usage-DAILY-2024_09_06","0128W000000axHn","2024-09-06 10:05:06","0051U0000028jHJQAY","2024-09-06 22:40:22","0051U0000028jHJQAY","2024-09-06 22:40:22","","","0","","","","","","","","","","","","2024-09-06 00:00:00","Friday","99","626","Gateway_Usage-DAILY-2024_09_06","9","DAILY","35","2024","","42","","","","","","","","",""
"a3HUU0000002c1B2AQ","0051U0000028jHJQAY","0","Gateway_Usage-DAILY-2024_09_07","0128W000000axHn","2024-09-07 10:05:19","0051U0000028jHJQAY","2024-09-07 10:05:20","0051U0000028jHJQAY","2024-09-07 10:05:20","","","0","","","","","","","","","","","","2024-09-07 00:00:00","Saturday","2","10","Gateway_Usage-DAILY-2024_09_07","9","DAILY","35","2024","","3","","","","","","","","",""
"a3HUU0000002c612AA","0051U0000028jHJQAY","0","Gateway_Usage-DAILY-2024_09_08","0128W000000axHn","2024-09-08 10:05:18","0051U0000028jHJQAY","2024-09-08 10:05:18","0051U0000028jHJQAY","2024-09-08 10:05:18","","","0","","","","","","","","","","","","2024-09-08 00:00:00","Sunday","1","3","Gateway_Usage-DAILY-2024_09_08","9","DAILY","36","2024","","0","","","","","","","","",""
"a3HUU0000002c9F2AQ","0051U0000028jHJQAY","0","Gateway_Usage-DAILY-2024_09_09","0128W000000axHn","2024-09-09 10:09:41","0051U0000028jHJQAY","2024-09-09 21:26:10","0051U0000028jHJQAY","2024-09-09 21:26:10","","","0","","","","","","","","","","","","2024-09-09 00:00:00","Monday","107","608","Gateway_Usage-DAILY-2024_09_09","9","DAILY","36","2024","","17","","","","","","","","",""
"a3HUU0000002d5J2AQ","0051U0000028jHJQAY","0","Gateway_Usage-DAILY-2024_09_10","0128W000000axHn","2024-09-10 10:05:11","0051U0000028jHJQAY","2024-09-10 22:02:59","0051U0000028jHJQAY","2024-09-10 22:02:59","","","0","","","","","","","","","","","","2024-09-10 00:00:00","Tuesday","36","52","Gateway_Usage-DAILY-2024_09_10","9","DAILY","36","2024","","12","","","","","","","","",""
"a3HUU0000002e4b2AA","0051U0000028jHJQAY","0","Gateway_Usage-DAILY-2024_09_11","0128W000000axHn","2024-09-11 10:05:09","0051U0000028jHJQAY","2024-09-11 22:09:20","0051U0000028jHJQAY","2024-09-11 22:09:20","","","0","","","","","","","","","","","","2024-09-11 00:00:00","Wednesday","27","40","Gateway_Usage-DAILY-2024_09_11","9","DAILY","36","2024","","10","","","","","","","","",""
"a3HUU0000002fiD2AQ","0051U0000028jHJQAY","0","Gateway_Usage-DAILY-2024_09_12","0128W000000axHn","2024-09-12 10:05:20","0051U0000028jHJQAY","2024-09-12 22:49:44","0051U0000028jHJQAY","2024-09-12 22:49:44","","","0","","","","","","","","","","","","2024-09-12 00:00:00","Thursday","86","560","Gateway_Usage-DAILY-2024_09_12","9","DAILY","36","2024","","28","","","","","","","","",""
"a3HUU0000002gsn2AA","0051U0000028jHJQAY","0","Gateway_Usage-DAILY-2024_09_13","0128W000000axHn","2024-09-13 10:05:16","0051U0000028jHJQAY","2024-09-13 22:31:57","0051U0000028jHJQAY","2024-09-13 22:31:57","","","0","","","","","","","","","","","","2024-09-13 00:00:00","Friday","112","704","Gateway_Usage-DAILY-2024_09_13","9","DAILY","36","2024","","93","","","","","","","","",""
"a3HUU0000002hs52AA","0051U0000028jHJQAY","0","Gateway_Usage-DAILY-2024_09_14","0128W000000axHn","2024-09-14 10:05:17","0051U0000028jHJQAY","2024-09-14 10:05:38","0051U0000028jHJQAY","2024-09-14 10:05:38","","","0","","","","","","","","","","","","2024-09-14 00:00:00","Saturday","3","10","Gateway_Usage-DAILY-2024_09_14","9","DAILY","36","2024","","1","","","","","","","","",""
"a3HUU0000002hyX2AQ","0051U0000028jHJQAY","0","Gateway_Usage-DAILY-2024_09_15","0128W000000axHn","2024-09-15 10:05:14","0051U0000028jHJQAY","2024-09-15 10:05:14","0051U0000028jHJQAY","2024-09-15 10:05:14","","","0","","","","","","","","","","","","2024-09-15 00:00:00","Sunday","1","1","Gateway_Usage-DAILY-2024_09_15","9","DAILY","37","2024","","0","","","","","","","","",""
"a3HUU0000002i4z2AA","0051U0000028jHJQAY","0","Gateway_Usage-DAILY-2024_09_16","0128W000000axHn","2024-09-16 10:05:19","0051U0000028jHJQAY","2024-09-16 22:54:17","0051U0000028jHJQAY","2024-09-16 22:54:17","","","0","","","","","","","","","","","","2024-09-16 00:00:00","Monday","103","646","Gateway_Usage-DAILY-2024_09_16","9","DAILY","37","2024","","30","","","","","","","","",""
"a3HUU0000002isz2AA","0051U0000028jHJQAY","0","Gateway_Usage-DAILY-2024_09_17","0128W000000axHn","2024-09-17 10:05:08","0051U0000028jHJQAY","2024-09-17 20:51:59","0051U0000028jHJQAY","2024-09-17 20:51:59","","","0","","","","","","","","","","","","2024-09-17 00:00:00","Tuesday","50","69","Gateway_Usage-DAILY-2024_09_17","9","DAILY","37","2024","","15","","","","","","","","",""
"a3HUU0000002kBd2AI","0051U0000028jHJQAY","0","Gateway_Usage-DAILY-2024_09_18","0128W000000axHn","2024-09-18 10:58:11","0051U0000028jHJQAY","2024-09-18 23:03:31","0051U0000028jHJQAY","2024-09-18 23:03:31","","","0","","","","","","","","","","","","2024-09-18 00:00:00","Wednesday","40","51","Gateway_Usage-DAILY-2024_09_18","9","DAILY","37","2024","","12","","","","","","","","",""
"a3HUU0000002lu52AA","0051U0000028jHJQAY","0","Gateway_Usage-DAILY-2024_09_19","0128W000000axHn","2024-09-19 10:05:10","0051U0000028jHJQAY","2024-09-19 19:56:46","0051U0000028jHJQAY","2024-09-19 19:56:46","","","0","","","","","","","","","","","","2024-09-19 00:00:00","Thursday","87","633","Gateway_Usage-DAILY-2024_09_19","9","DAILY","37","2024","","17","","","","","","","","",""
"a3HUU0000002nRF2AY","0051U0000028jHJQAY","0","Gateway_Usage-DAILY-2024_09_20","0128W000000axHn","2024-09-20 10:05:07","0051U0000028jHJQAY","2024-09-20 23:27:01","0051U0000028jHJQAY","2024-09-20 23:27:01","","","0","","","","","","","","","","","","2024-09-20 00:00:00","Friday","155","734","Gateway_Usage-DAILY-2024_09_20","9","DAILY","37","2024","","54","","","","","","","","",""
"a3HUU0000002of32AA","0051U0000028jHJQAY","0","Gateway_Usage-DAILY-2024_09_21","0128W000000axHn","2024-09-21 10:05:23","0051U0000028jHJQAY","2024-09-21 15:11:11","0051U0000028jHJQAY","2024-09-21 15:11:11","","","0","","","","","","","","","","","","2024-09-21 00:00:00","Saturday","4","12","Gateway_Usage-DAILY-2024_09_21","9","DAILY","37","2024","","1","","","","","","","","",""
"a3HUU0000002pJN2AY","0051U0000028jHJQAY","0","Gateway_Usage-DAILY-2024_09_22","0128W000000axHn","2024-09-22 10:05:36","0051U0000028jHJQAY","2024-09-22 10:05:36","0051U0000028jHJQAY","2024-09-22 10:05:36","","","0","","","","","","","","","","","","2024-09-22 00:00:00","Sunday","1","8","Gateway_Usage-DAILY-2024_09_22","9","DAILY","38","2024","","0","","","","","","","","",""
"a3HUU0000002peL2AQ","0051U0000028jHJQAY","0","Gateway_Usage-DAILY-2024_09_23","0128W000000axHn","2024-09-23 10:05:23","0051U0000028jHJQAY","2024-09-23 23:42:34","0051U0000028jHJQAY","2024-09-23 23:42:34","","","0","","","","","","","","","","","","2024-09-23 00:00:00","Monday","145","696","Gateway_Usage-DAILY-2024_09_23","9","DAILY","38","2024","","21","","","","","","","","",""
"a3HUU0000002rBV2AY","0051U0000028jHJQAY","0","Gateway_Usage-DAILY-2024_09_24","0128W000000axHn","2024-09-24 10:05:22","0051U0000028jHJQAY","2024-09-24 23:55:07","0051U0000028jHJQAY","2024-09-24 23:55:07","","","0","","","","","","","","","","","","2024-09-24 00:00:00","Tuesday","51","60","Gateway_Usage-DAILY-2024_09_24","9","DAILY","38","2024","","7","","","","","","","","",""
"a3HUU0000002slt2AA","0051U0000028jHJQAY","0","Gateway_Usage-DAILY-2024_09_25","0128W000000axHn","2024-09-25 10:05:12","0051U0000028jHJQAY","2024-09-25 23:22:25","0051U0000028jHJQAY","2024-09-25 23:22:25","","","0","","","","","","","","","","","","2024-09-25 00:00:00","Wednesday","46","49","Gateway_Usage-DAILY-2024_09_25","9","DAILY","38","2024","","9","","","","","","","","",""
"a3HUU0000002uSj2AI","0051U0000028jHJQAY","0","Gateway_Usage-DAILY-2024_09_26","0128W000000axHn","2024-09-26 10:05:16","0051U0000028jHJQAY","2024-09-26 23:38:49","0051U0000028jHJQAY","2024-09-26 23:38:49","","","0","","","","","","","","","","","","2024-09-26 00:00:00","Thursday","75","75","Gateway_Usage-DAILY-2024_09_26","9","DAILY","38","2024","","9","","","","","","","","",""
"a3HUU0000002wEP2AY","0051U0000028jHJQAY","0","Gateway_Usage-DAILY-2024_09_27","0128W000000axHn","2024-09-27 10:05:15","0051U0000028jHJQAY","2024-09-27 23:14:20","0051U0000028jHJQAY","2024-09-27 23:14:20","","","0","","","","","","","","","","","","2024-09-27 00:00:00","Friday","307","1874","Gateway_Usage-DAILY-2024_09_27","9","DAILY","38","2024","","274","","","","","","","","",""
"a3HUU0000002xLl2AI","0051U0000028jHJQAY","0","Gateway_Usage-DAILY-2024_09_28","0128W000000axHn","2024-09-28 10:05:07","0051U0000028jHJQAY","2024-09-28 15:00:41","0051U0000028jHJQAY","2024-09-28 15:00:41","","","0","","","","","","","","","","","","2024-09-28 00:00:00","Saturday","3","5","Gateway_Usage-DAILY-2024_09_28","9","DAILY","38","2024","","1","","","","","","","","",""
"a3HUU0000002y3J2AQ","0051U0000028jHJQAY","0","Gateway_Usage-DAILY-2024_09_29","0128W000000axHn","2024-09-30 10:05:17","0051U0000028jHJQAY","2024-09-30 10:05:17","0051U0000028jHJQAY","2024-09-30 10:05:17","","","0","","","","","","","","","","","","2024-09-29 00:00:00","Sunday","0","0","Gateway_Usage-DAILY-2024_09_29","9","DAILY","39","2024","","0","","","","","","","","",""
"a3HUU0000002y3K2AQ","0051U0000028jHJQAY","0","Gateway_Usage-DAILY-2024_09_30","0128W000000axHn","2024-09-30 10:05:17","0051U0000028jHJQAY","2024-09-30 23:36:34","0051U0000028jHJQAY","2024-09-30 23:36:34","","","0","","","","","","","","","","","","2024-09-30 00:00:00","Monday","180","875","Gateway_Usage-DAILY-2024_09_30","9","DAILY","39","2024","","39","","","","","","","","",""
"a3HUU00000030GP2AY","0051U0000028jHJQAY","0","Gateway_Usage-DAILY-2024_10_01","0128W000000axHn","2024-10-01 10:05:09","0051U0000028jHJQAY","2024-10-01 23:28:38","0051U0000028jHJQAY","2024-10-01 23:28:38","","","0","","","","","","","","","","","","2024-10-01 00:00:00","Tuesday","77","103","Gateway_Usage-DAILY-2024_10_01","10","DAILY","39","2024","","25","","","","","","","","",""
"a3HUU00000032Zx2AI","0051U0000028jHJQAY","0","Gateway_Usage-DAILY-2024_10_02","0128W000000axHn","2024-10-02 10:05:12","0051U0000028jHJQAY","2024-10-02 23:43:17","0051U0000028jHJQAY","2024-10-02 23:43:17","","","0","","","","","","","","","","","","2024-10-02 00:00:00","Wednesday","68","71","Gateway_Usage-DAILY-2024_10_02","10","DAILY","39","2024","","10","","","","","","","","",""
"a3HUU00000034VJ2AY","0051U0000028jHJQAY","0","Gateway_Usage-DAILY-2024_10_03","0128W000000axHn","2024-10-03 10:05:13","0051U0000028jHJQAY","2024-10-03 23:48:29","0051U0000028jHJQAY","2024-10-03 23:48:29","","","0","","","","","","","","","","","","2024-10-03 00:00:00","Thursday","150","740","Gateway_Usage-DAILY-2024_10_03","10","DAILY","39","2024","","30","","","","","","","","",""
"a3HUU00000036gn2AA","0051U0000028jHJQAY","0","Gateway_Usage-DAILY-2024_10_04","0128W000000axHn","2024-10-04 10:05:08","0051U0000028jHJQAY","2024-10-04 23:38:47","0051U0000028jHJQAY","2024-10-04 23:38:47","","","0","","","","","","","","","","","","2024-10-04 00:00:00","Friday","152","839","Gateway_Usage-DAILY-2024_10_04","10","DAILY","39","2024","","42","","","","","","","","",""
"a3HUU00000039OX2AY","0051U0000028jHJQAY","0","Gateway_Usage-DAILY-2024_10_05","0128W000000axHn","2024-10-05 10:05:08","0051U0000028jHJQAY","2024-10-05 10:05:08","0051U0000028jHJQAY","2024-10-05 10:05:08","","","0","","","","","","","","","","","","2024-10-05 00:00:00","Saturday","1","1","Gateway_Usage-DAILY-2024_10_05","10","DAILY","39","2024","","0","","","","","","","","",""
"a3HUU0000003AHN2A2","0051U0000028jHJQAY","0","Gateway_Usage-DAILY-2024_10_06","0128W000000axHn","2024-10-07 10:27:58","0051U0000028jHJQAY","2024-10-07 10:27:58","0051U0000028jHJQAY","2024-10-07 10:27:58","","","0","","","","","","","","","","","","2024-10-06 00:00:00","Sunday","0","0","Gateway_Usage-DAILY-2024_10_06","10","DAILY","40","2024","","0","","","","","","","","",""
"a3HUU0000003AHO2A2","0051U0000028jHJQAY","0","Gateway_Usage-DAILY-2024_10_07","0128W000000axHn","2024-10-07 10:27:58","0051U0000028jHJQAY","2024-10-07 23:51:32","0051U0000028jHJQAY","2024-10-07 23:51:32","","","0","","","","","","","","","","","","2024-10-07 00:00:00","Monday","146","810","Gateway_Usage-DAILY-2024_10_07","10","DAILY","40","2024","","17","","","","","","","","",""
"a3HUU0000003CB72AM","0051U0000028jHJQAY","0","Gateway_Usage-DAILY-2024_10_08","0128W000000axHn","2024-10-08 10:05:23","0051U0000028jHJQAY","2024-10-09 00:04:35","0051U0000028jHJQAY","2024-10-09 00:04:35","","","0","","","","","","","","","","","","2024-10-08 00:00:00","Tuesday","70","74","Gateway_Usage-DAILY-2024_10_08","10","DAILY","40","2024","","6","","","","","","","","",""
"a3HUU0000003Ew52AE","0051U0000028jHJQAY","0","Gateway_Usage-DAILY-2024_10_09","0128W000000axHn","2024-10-09 10:05:20","0051U0000028jHJQAY","2024-10-09 23:42:49","0051U0000028jHJQAY","2024-10-09 23:42:49","","","0","","","","","","","","","","","","2024-10-09 00:00:00","Wednesday","70","71","Gateway_Usage-DAILY-2024_10_09","10","DAILY","40","2024","","13","","","","","","","","",""
"a3HUU0000003Htx2AE","0051U0000028jHJQAY","0","Gateway_Usage-DAILY-2024_10_10","0128W000000axHn","2024-10-10 10:05:05","0051U0000028jHJQAY","2024-10-10 23:53:41","0051U0000028jHJQAY","2024-10-10 23:53:41","","","0","","","","","","","","","","","","2024-10-10 00:00:00","Thursday","125","660","Gateway_Usage-DAILY-2024_10_10","10","DAILY","40","2024","","24","","","","","","","","",""
"a3HUU0000003KBt2AM","0051U0000028jHJQAY","0","Gateway_Usage-DAILY-2024_10_11","0128W000000axHn","2024-10-11 10:05:20","0051U0000028jHJQAY","2024-10-11 23:49:12","0051U0000028jHJQAY","2024-10-11 23:49:12","","","0","","","","","","","","","","","","2024-10-11 00:00:00","Friday","151","766","Gateway_Usage-DAILY-2024_10_11","10","DAILY","40","2024","","38","","","","","","","","",""
"a3HUU0000003MFJ2A2","0051U0000028jHJQAY","0","Gateway_Usage-DAILY-2024_10_12","0128W000000axHn","2024-10-12 14:29:09","0051U0000028jHJQAY","2024-10-12 17:01:13","0051U0000028jHJQAY","2024-10-12 17:01:13","","","0","","","","","","","","","","","","2024-10-12 00:00:00","Saturday","3","3","Gateway_Usage-DAILY-2024_10_12","10","DAILY","40","2024","","1","","","","","","","","",""
"a3HUU0000003Mgj2AE","0051U0000028jHJQAY","0","Gateway_Usage-DAILY-2024_10_13","0128W000000axHn","2024-10-14 10:05:14","0051U0000028jHJQAY","2024-10-14 10:05:14","0051U0000028jHJQAY","2024-10-14 10:05:14","","","0","","","","","","","","","","","","2024-10-13 00:00:00","Sunday","0","0","Gateway_Usage-DAILY-2024_10_13","10","DAILY","41","2024","","0","","","","","","","","",""
"a3HUU0000003Mgk2AE","0051U0000028jHJQAY","0","Gateway_Usage-DAILY-2024_10_14","0128W000000axHn","2024-10-14 10:05:14","0051U0000028jHJQAY","2024-10-14 23:44:40","0051U0000028jHJQAY","2024-10-14 23:44:40","","","0","","","","","","","","","","","","2024-10-14 00:00:00","Monday","144","729","Gateway_Usage-DAILY-2024_10_14","10","DAILY","41","2024","","7","","","","","","","","",""
"a3HUU0000003Ogv2AE","0051U0000028jHJQAY","0","Gateway_Usage-DAILY-2024_10_15","0128W000000axHn","2024-10-15 10:05:14","0051U0000028jHJQAY","2024-10-15 23:53:22","0051U0000028jHJQAY","2024-10-15 23:53:22","","","0","","","","","","","","","","","","2024-10-15 00:00:00","Tuesday","112","216","Gateway_Usage-DAILY-2024_10_15","10","DAILY","41","2024","","72","","","","","","","","",""
"a3HUU0000003RZx2AM","0051U0000028jHJQAY","0","Gateway_Usage-DAILY-2024_10_16","0128W000000axHn","2024-10-16 10:05:15","0051U0000028jHJQAY","2024-10-17 00:01:48","0051U0000028jHJQAY","2024-10-17 00:01:48","","","0","","","","","","","","","","","","2024-10-16 00:00:00","Wednesday","113","130","Gateway_Usage-DAILY-2024_10_16","10","DAILY","41","2024","","26","","","","","","","","",""
"a3HUU0000003UHh2AM","0051U0000028jHJQAY","0","Gateway_Usage-DAILY-2024_10_17","0128W000000axHn","2024-10-17 10:05:20","0051U0000028jHJQAY","2024-10-17 23:59:33","0051U0000028jHJQAY","2024-10-17 23:59:33","","","0","","","","","","","","","","","","2024-10-17 00:00:00","Thursday","120","603","Gateway_Usage-DAILY-2024_10_17","10","DAILY","41","2024","","12","","","","","","","","",""
"a3HUU0000003Whh2AE","0051U0000028jHJQAY","0","Gateway_Usage-DAILY-2024_10_18","0128W000000axHn","2024-10-18 10:05:20","0051U0000028jHJQAY","2024-10-18 23:35:54","0051U0000028jHJQAY","2024-10-18 23:35:54","","","0","","","","","","","","","","","","2024-10-18 00:00:00","Friday","147","830","Gateway_Usage-DAILY-2024_10_18","10","DAILY","41","2024","","70","","","","","","","","",""
"a3HUU0000003ZcL2AU","0051U0000028jHJQAY","0","Gateway_Usage-DAILY-2024_10_19","0128W000000axHn","2024-10-19 10:05:26","0051U0000028jHJQAY","2024-10-19 10:05:27","0051U0000028jHJQAY","2024-10-19 10:05:27","","","0","","","","","","","","","","","","2024-10-19 00:00:00","Saturday","2","3","Gateway_Usage-DAILY-2024_10_19","10","DAILY","41","2024","","1","","","","","","","","",""
"a3HUU0000003aJt2AI","0051U0000028jHJQAY","0","Gateway_Usage-DAILY-2024_10_20","0128W000000axHn","2024-10-21 10:05:07","0051U0000028jHJQAY","2024-10-21 10:05:07","0051U0000028jHJQAY","2024-10-21 10:05:07","","","0","","","","","","","","","","","","2024-10-20 00:00:00","Sunday","0","0","Gateway_Usage-DAILY-2024_10_20","10","DAILY","42","2024","","0","","","","","","","","",""
"a3HUU0000003aJu2AI","0051U0000028jHJQAY","0","Gateway_Usage-DAILY-2024_10_21","0128W000000axHn","2024-10-21 10:05:07","0051U0000028jHJQAY","2024-10-21 23:20:23","0051U0000028jHJQAY","2024-10-21 23:20:23","","","0","","","","","","","","","","","","2024-10-21 00:00:00","Monday","115","749","Gateway_Usage-DAILY-2024_10_21","10","DAILY","42","2024","","19","","","","","","","","",""
"a3HUU0000003d4r2AA","0051U0000028jHJQAY","0","Gateway_Usage-DAILY-2024_10_22","0128W000000axHn","2024-10-22 10:05:16","0051U0000028jHJQAY","2024-10-22 23:02:51","0051U0000028jHJQAY","2024-10-22 23:02:51","","","0","","","","","","","","","","","","2024-10-22 00:00:00","Tuesday","41","44","Gateway_Usage-DAILY-2024_10_22","10","DAILY","42","2024","","10","","","","","","","","",""
"a3HUU0000003gnV2AQ","0051U0000028jHJQAY","0","Gateway_Usage-DAILY-2024_10_23","0128W000000axHn","2024-10-23 10:05:08","0051U0000028jHJQAY","2024-10-24 01:28:05","0051U0000028jHJQAY","2024-10-24 01:28:05","","","0","","","","","","","","","","","","2024-10-23 00:00:00","Wednesday","47","55","Gateway_Usage-DAILY-2024_10_23","10","DAILY","42","2024","","15","","","","","","","","",""
"a3HUU0000003im52AA","0051U0000028jHJQAY","0","Gateway_Usage-DAILY-2024_10_24","0128W000000axHn","2024-10-24 10:05:19","0051U0000028jHJQAY","2024-10-25 00:05:11","0051U0000028jHJQAY","2024-10-25 00:05:11","","","0","","","","","","","","","","","","2024-10-24 00:00:00","Thursday","121","563","Gateway_Usage-DAILY-2024_10_24","10","DAILY","42","2024","","13","","","","","","","","",""
"a3HUU0000003muX2AQ","0051U0000028jHJQAY","0","Gateway_Usage-DAILY-2024_10_25","0128W000000axHn","2024-10-25 10:05:29","0051U0000028jHJQAY","2024-10-25 23:57:29","0051U0000028jHJQAY","2024-10-25 23:57:29","","","0","","","","","","","","","","","","2024-10-25 00:00:00","Friday","137","648","Gateway_Usage-DAILY-2024_10_25","10","DAILY","42","2024","","31","","","","","","","","",""
"a3HUU0000003qYL2AY","0051U0000028jHJQAY","0","Gateway_Usage-DAILY-2024_10_26","0128W000000axHn","2024-10-28 10:05:18","0051U0000028jHJQAY","2024-10-28 10:05:18","0051U0000028jHJQAY","2024-10-28 10:05:18","","","0","","","","","","","","","","","","2024-10-26 00:00:00","Saturday","0","0","Gateway_Usage-DAILY-2024_10_26","10","DAILY","42","2024","","0","","","","","","","","",""
"a3HUU0000003qYM2AY","0051U0000028jHJQAY","0","Gateway_Usage-DAILY-2024_10_27","0128W000000axHn","2024-10-28 10:05:18","0051U0000028jHJQAY","2024-10-28 10:05:18","0051U0000028jHJQAY","2024-10-28 10:05:18","","","0","","","","","","","","","","","","2024-10-27 00:00:00","Sunday","0","0","Gateway_Usage-DAILY-2024_10_27","10","DAILY","43","2024","","0","","","","","","","","",""
"a3HUU0000003qYN2AY","0051U0000028jHJQAY","0","Gateway_Usage-DAILY-2024_10_28","0128W000000axHn","2024-10-28 10:05:18","0051U0000028jHJQAY","2024-10-28 23:02:47","0051U0000028jHJQAY","2024-10-28 23:02:47","","","0","","","","","","","","","","","","2024-10-28 00:00:00","Monday","112","603","Gateway_Usage-DAILY-2024_10_28","10","DAILY","43","2024","","29","","","","","","","","",""
"a3HUU0000003tHh2AI","0051U0000028jHJQAY","0","Gateway_Usage-DAILY-2024_10_29","0128W000000axHn","2024-10-29 10:05:12","0051U0000028jHJQAY","2024-10-29 23:21:49","0051U0000028jHJQAY","2024-10-29 23:21:49","","","0","","","","","","","","","","","","2024-10-29 00:00:00","Tuesday","48","64","Gateway_Usage-DAILY-2024_10_29","10","DAILY","43","2024","","25","","","","","","","","",""
"a3HUU0000003vbF2AQ","0051U0000028jHJQAY","0","Gateway_Usage-DAILY-2024_10_30","0128W000000axHn","2024-10-30 10:05:17","0051U0000028jHJQAY","2024-10-30 23:33:30","0051U0000028jHJQAY","2024-10-30 23:33:30","","","0","","","","","","","","","","","","2024-10-30 00:00:00","Wednesday","184","1023","Gateway_Usage-DAILY-2024_10_30","10","DAILY","43","2024","","232","","","","","","","","",""
"a3HUU0000003yR32AI","0051U0000028jHJQAY","0","Gateway_Usage-DAILY-2024_10_31","0128W000000axHn","2024-10-31 10:05:11","0051U0000028jHJQAY","2024-10-31 23:45:08","0051U0000028jHJQAY","2024-10-31 23:45:08","","","0","","","","","","","","","","","","2024-10-31 00:00:00","Thursday","75","80","Gateway_Usage-DAILY-2024_10_31","10","DAILY","43","2024","","10","","","","","","","","",""
"a3HUU0000003zer2AA","0051U0000028jHJQAY","0","Gateway_Usage-DAILY-2024_11_01","0128W000000axHn","2024-11-01 10:05:10","0051U0000028jHJQAY","2024-11-01 23:10:07","0051U0000028jHJQAY","2024-11-01 23:10:07","","","0","","","","","","","","","","","","2024-11-01 00:00:00","Friday","130","804","Gateway_Usage-DAILY-2024_11_01","11","DAILY","43","2024","","87","","","","","","","","",""
"a3HUU00000040av2AA","0051U0000028jHJQAY","0","Gateway_Usage-DAILY-2024_11_02","0128W000000axHn","2024-11-02 10:05:41","0051U0000028jHJQAY","2024-11-02 10:05:41","0051U0000028jHJQAY","2024-11-02 10:05:41","","","0","","","","","","","","","","","","2024-11-02 00:00:00","Saturday","1","2","Gateway_Usage-DAILY-2024_11_02","11","DAILY","43","2024","","0","","","","","","","","",""
"a3HUU00000040uH2AQ","0051U0000028jHJQAY","0","Gateway_Usage-DAILY-2024_11_03","0128W000000axHn","2024-11-04 10:05:16","0051U0000028jHJQAY","2024-11-04 10:05:16","0051U0000028jHJQAY","2024-11-04 10:05:16","","","0","","","","","","","","","","","","2024-11-03 00:00:00","Sunday","0","0","Gateway_Usage-DAILY-2024_11_03","11","DAILY","44","2024","","0","","","","","","","","",""
"a3HUU00000040uI2AQ","0051U0000028jHJQAY","0","Gateway_Usage-DAILY-2024_11_04","0128W000000axHn","2024-11-04 10:05:16","0051U0000028jHJQAY","2024-11-04 23:26:19","0051U0000028jHJQAY","2024-11-04 23:26:19","","","0","","","","","","","","","","","","2024-11-04 00:00:00","Monday","132","752","Gateway_Usage-DAILY-2024_11_04","11","DAILY","44","2024","","28","","","","","","","","",""
"a3HUU00000042Kz2AI","0051U0000028jHJQAY","0","Gateway_Usage-DAILY-2024_11_05","0128W000000axHn","2024-11-05 10:05:07","0051U0000028jHJQAY","2024-11-05 10:05:45","0051U0000028jHJQAY","2024-11-05 10:05:45","","","0","","","","","","","","","","","","2024-11-05 00:00:00","Tuesday","10","16","Gateway_Usage-DAILY-2024_11_05","11","DAILY","44","2024","","10","","","","","","","","",""
"a3HUU00000043gr2AA","0051U0000028jHJQAY","0","Gateway_Usage-DAILY-2024_11_06","0128W000000axHn","2024-11-06 10:05:21","0051U0000028jHJQAY","2024-11-06 23:25:44","0051U0000028jHJQAY","2024-11-06 23:25:44","","","0","","","","","","","","","","","","2024-11-06 00:00:00","Wednesday","50","52","Gateway_Usage-DAILY-2024_11_06","11","DAILY","44","2024","","11","","","","","","","","",""
"a3HUU00000045172AA","0051U0000028jHJQAY","0","Gateway_Usage-DAILY-2024_11_07","0128W000000axHn","2024-11-07 10:05:26","0051U0000028jHJQAY","2024-11-07 23:34:49","0051U0000028jHJQAY","2024-11-07 23:34:49","","","0","","","","","","","","","","","","2024-11-07 00:00:00","Thursday","113","698","Gateway_Usage-DAILY-2024_11_07","11","DAILY","44","2024","","19","","","","","","","","",""
"a3HUU000000494j2AA","0051U0000028jHJQAY","0","Gateway_Usage-DAILY-2024_11_08","0128W000000axHn","2024-11-08 10:05:15","0051U0000028jHJQAY","2024-11-08 23:52:08","0051U0000028jHJQAY","2024-11-08 23:52:08","","","0","","","","","","","","","","","","2024-11-08 00:00:00","Friday","155","790","Gateway_Usage-DAILY-2024_11_08","11","DAILY","44","2024","","43","","","","","","","","",""
"a3HUU0000004BMf2AM","0051U0000028jHJQAY","0","Gateway_Usage-DAILY-2024_11_09","0128W000000axHn","2024-11-11 10:05:11","0051U0000028jHJQAY","2024-11-11 10:05:11","0051U0000028jHJQAY","2024-11-11 10:05:11","","","0","","","","","","","","","","","","2024-11-09 00:00:00","Saturday","0","0","Gateway_Usage-DAILY-2024_11_09","11","DAILY","44","2024","","0","","","","","","","","",""
"a3HUU0000004BMg2AM","0051U0000028jHJQAY","0","Gateway_Usage-DAILY-2024_11_10","0128W000000axHn","2024-11-11 10:05:11","0051U0000028jHJQAY","2024-11-11 10:05:11","0051U0000028jHJQAY","2024-11-11 10:05:11","","","0","","","","","","","","","","","","2024-11-10 00:00:00","Sunday","0","0","Gateway_Usage-DAILY-2024_11_10","11","DAILY","45","2024","","0","","","","","","","","",""
"a3HUU0000004BMh2AM","0051U0000028jHJQAY","0","Gateway_Usage-DAILY-2024_11_11","0128W000000axHn","2024-11-11 10:05:11","0051U0000028jHJQAY","2024-11-11 23:52:08","0051U0000028jHJQAY","2024-11-11 23:52:08","","","0","","","","","","","","","","","","2024-11-11 00:00:00","Monday","127","710","Gateway_Usage-DAILY-2024_11_11","11","DAILY","45","2024","","22","","","","","","","","",""
"a3HUU0000004CLx2AM","0051U0000028jHJQAY","0","Gateway_Usage-DAILY-2024_11_12","0128W000000axHn","2024-11-12 10:05:27","0051U0000028jHJQAY","2024-11-12 23:50:41","0051U0000028jHJQAY","2024-11-12 23:50:41","","","0","","","","","","","","","","","","2024-11-12 00:00:00","Tuesday","62","66","Gateway_Usage-DAILY-2024_11_12","11","DAILY","45","2024","","9","","","","","","","","",""
"a3HUU0000004EkL2AU","0051U0000028jHJQAY","0","Gateway_Usage-DAILY-2024_11_13","0128W000000axHn","2024-11-13 10:05:11","0051U0000028jHJQAY","2024-11-13 23:34:12","0051U0000028jHJQAY","2024-11-13 23:34:12","","","0","","","","","","","","","","","","2024-11-13 00:00:00","Wednesday","55","57","Gateway_Usage-DAILY-2024_11_13","11","DAILY","45","2024","","13","","","","","","","","",""
"a3HUU0000004Inx2AE","0051U0000028jHJQAY","0","Gateway_Usage-DAILY-2024_11_14","0128W000000axHn","2024-11-14 10:05:27","0051U0000028jHJQAY","2024-11-14 23:36:32","0051U0000028jHJQAY","2024-11-14 23:36:32","","","0","","","","","","","","","","","","2024-11-14 00:00:00","Thursday","127","637","Gateway_Usage-DAILY-2024_11_14","11","DAILY","45","2024","","29","","","","","","","","",""
"a3HUU0000004Lp32AE","0051U0000028jHJQAY","0","Gateway_Usage-DAILY-2024_11_15","0128W000000axHn","2024-11-15 10:05:10","0051U0000028jHJQAY","2024-11-15 23:28:08","0051U0000028jHJQAY","2024-11-15 23:28:08","","","0","","","","","","","","","","","","2024-11-15 00:00:00","Friday","139","703","Gateway_Usage-DAILY-2024_11_15","11","DAILY","45","2024","","106","","","","","","","","",""
"a3HUU0000004NR32AM","0051U0000028jHJQAY","0","Gateway_Usage-DAILY-2024_11_16","0128W000000axHn","2024-11-18 10:05:10","0051U0000028jHJQAY","2024-11-18 10:05:10","0051U0000028jHJQAY","2024-11-18 10:05:10","","","0","","","","","","","","","","","","2024-11-16 00:00:00","Saturday","0","0","Gateway_Usage-DAILY-2024_11_16","11","DAILY","45","2024","","0","","","","","","","","",""
"a3HUU0000004NR42AM","0051U0000028jHJQAY","0","Gateway_Usage-DAILY-2024_11_17","0128W000000axHn","2024-11-18 10:05:10","0051U0000028jHJQAY","2024-11-18 10:05:10","0051U0000028jHJQAY","2024-11-18 10:05:10","","","0","","","","","","","","","","","","2024-11-17 00:00:00","Sunday","0","0","Gateway_Usage-DAILY-2024_11_17","11","DAILY","46","2024","","0","","","","","","","","",""
"a3HUU0000004NR52AM","0051U0000028jHJQAY","0","Gateway_Usage-DAILY-2024_11_18","0128W000000axHn","2024-11-18 10:05:10","0051U0000028jHJQAY","2024-11-18 23:34:10","0051U0000028jHJQAY","2024-11-18 23:34:10","","","0","","","","","","","","","","","","2024-11-18 00:00:00","Monday","97","588","Gateway_Usage-DAILY-2024_11_18","11","DAILY","46","2024","","19","","","","","","","","",""
"a3HUU0000004OYP2A2","0051U0000028jHJQAY","0","Gateway_Usage-DAILY-2024_11_19","0128W000000axHn","2024-11-19 10:05:31","0051U0000028jHJQAY","2024-11-19 23:44:59","0051U0000028jHJQAY","2024-11-19 23:44:59","","","0","","","","","","","","","","","","2024-11-19 00:00:00","Tuesday","51","53","Gateway_Usage-DAILY-2024_11_19","11","DAILY","46","2024","","9","","","","","","","","",""
"a3HUU0000004QaD2AU","0051U0000028jHJQAY","0","Gateway_Usage-DAILY-2024_11_20","0128W000000axHn","2024-11-20 10:05:26","0051U0000028jHJQAY","2024-11-20 23:48:27","0051U0000028jHJQAY","2024-11-20 23:48:27","","","0","","","","","","","","","","","","2024-11-20 00:00:00","Wednesday","39","67","Gateway_Usage-DAILY-2024_11_20","11","DAILY","46","2024","","34","","","","","","","","",""
"a3HUU0000004S2X2AU","0051U0000028jHJQAY","0","Gateway_Usage-DAILY-2024_11_21","0128W000000axHn","2024-11-21 10:05:20","0051U0000028jHJQAY","2024-11-21 23:53:30","0051U0000028jHJQAY","2024-11-21 23:53:30","","","0","","","","","","","","","","","","2024-11-21 00:00:00","Thursday","105","525","Gateway_Usage-DAILY-2024_11_21","11","DAILY","46","2024","","25","","","","","","","","",""
"a3HUU0000004UKT2A2","0051U0000028jHJQAY","0","Gateway_Usage-DAILY-2024_11_22","0128W000000axHn","2024-11-22 10:05:28","0051U0000028jHJQAY","2024-11-22 23:17:01","0051U0000028jHJQAY","2024-11-22 23:17:01","","","0","","","","","","","","","","","","2024-11-22 00:00:00","Friday","110","585","Gateway_Usage-DAILY-2024_11_22","11","DAILY","46","2024","","35","","","","","","","","",""
"a3HUU0000004Wfd2AE","0051U0000028jHJQAY","0","Gateway_Usage-DAILY-2024_11_23","0128W000000axHn","2024-11-25 10:05:16","0051U0000028jHJQAY","2024-11-25 10:05:16","0051U0000028jHJQAY","2024-11-25 10:05:16","","","0","","","","","","","","","","","","2024-11-23 00:00:00","Saturday","0","0","Gateway_Usage-DAILY-2024_11_23","11","DAILY","46","2024","","0","","","","","","","","",""
"a3HUU0000004Wfe2AE","0051U0000028jHJQAY","0","Gateway_Usage-DAILY-2024_11_24","0128W000000axHn","2024-11-25 10:05:16","0051U0000028jHJQAY","2024-11-25 10:05:16","0051U0000028jHJQAY","2024-11-25 10:05:16","","","0","","","","","","","","","","","","2024-11-24 00:00:00","Sunday","0","0","Gateway_Usage-DAILY-2024_11_24","11","DAILY","47","2024","","0","","","","","","","","",""
"a3HUU0000004Wff2AE","0051U0000028jHJQAY","0","Gateway_Usage-DAILY-2024_11_25","0128W000000axHn","2024-11-25 10:05:16","0051U0000028jHJQAY","2024-11-25 23:21:03","0051U0000028jHJQAY","2024-11-25 23:21:03","","","0","","","","","","","","","","","","2024-11-25 00:00:00","Monday","98","568","Gateway_Usage-DAILY-2024_11_25","11","DAILY","47","2024","","20","","","","","","","","",""
"a3HUU0000004YW92AM","0051U0000028jHJQAY","0","Gateway_Usage-DAILY-2024_11_26","0128W000000axHn","2024-11-26 10:05:12","0051U0000028jHJQAY","2024-11-26 22:59:32","0051U0000028jHJQAY","2024-11-26 22:59:32","","","0","","","","","","","","","","","","2024-11-26 00:00:00","Tuesday","58","61","Gateway_Usage-DAILY-2024_11_26","11","DAILY","47","2024","","5","","","","","","","","",""
"a3HUU0000004ZSD2A2","0051U0000028jHJQAY","0","Gateway_Usage-DAILY-2024_11_27","0128W000000axHn","2024-11-27 10:05:25","0051U0000028jHJQAY","2024-11-27 23:51:08","0051U0000028jHJQAY","2024-11-27 23:51:08","","","0","","","","","","","","","","","","2024-11-27 00:00:00","Wednesday","123","583","Gateway_Usage-DAILY-2024_11_27","11","DAILY","47","2024","","26","","","","","","","","",""
"a3HUU0000004b7R2AQ","0051U0000028jHJQAY","0","Gateway_Usage-DAILY-2024_11_28","0128W000000axHn","2024-11-28 10:05:13","0051U0000028jHJQAY","2024-11-28 10:06:21","0051U0000028jHJQAY","2024-11-28 10:06:21","","","0","","","","","","","","","","","","2024-11-28 00:00:00","Thursday","14","40","Gateway_Usage-DAILY-2024_11_28","11","DAILY","47","2024","","13","","","","","","","","",""
"a3HUU0000004bNZ2AY","0051U0000028jHJQAY","0","Gateway_Usage-DAILY-2024_11_29","0128W000000axHn","2024-11-29 10:05:12","0051U0000028jHJQAY","2024-11-29 23:20:40","0051U0000028jHJQAY","2024-11-29 23:20:40","","","0","","","","","","","","","","","","2024-11-29 00:00:00","Friday","230","1081","Gateway_Usage-DAILY-2024_11_29","11","DAILY","47","2024","","286","","","","","","","","",""
"a3HUU0000004bvR2AQ","0051U0000028jHJQAY","0","Gateway_Usage-DAILY-2024_11_30","0128W000000axHn","2024-11-30 10:05:11","0051U0000028jHJQAY","2024-11-30 10:05:15","0051U0000028jHJQAY","2024-11-30 10:05:15","","","0","","","","","","","","","","","","2024-11-30 00:00:00","Saturday","2","2","Gateway_Usage-DAILY-2024_11_30","11","DAILY","47","2024","","1","","","","","","","","",""
"a3HUU0000004cgD2AQ","0051U0000028jHJQAY","0","Gateway_Usage-DAILY-2024_12_01","0128W000000axHn","2024-12-02 10:05:31","0051U0000028jHJQAY","2024-12-02 10:05:31","0051U0000028jHJQAY","2024-12-02 10:05:31","","","0","","","","","","","","","","","","2024-12-01 00:00:00","Sunday","0","0","Gateway_Usage-DAILY-2024_12_01","12","DAILY","48","2024","","0","","","","","","","","",""
"a3HUU0000004cgE2AQ","0051U0000028jHJQAY","0","Gateway_Usage-DAILY-2024_12_02","0128W000000axHn","2024-12-02 10:05:31","0051U0000028jHJQAY","2024-12-02 23:46:01","0051U0000028jHJQAY","2024-12-02 23:46:01","","","0","","","","","","","","","","","","2024-12-02 00:00:00","Monday","149","791","Gateway_Usage-DAILY-2024_12_02","12","DAILY","48","2024","","46","","","","","","","","",""
"a3HUU0000004eDN2AY","0051U0000028jHJQAY","0","Gateway_Usage-DAILY-2024_12_03","0128W000000axHn","2024-12-03 10:05:12","0051U0000028jHJQAY","2024-12-03 23:51:01","0051U0000028jHJQAY","2024-12-03 23:51:01","","","0","","","","","","","","","","","","2024-12-03 00:00:00","Tuesday","55","62","Gateway_Usage-DAILY-2024_12_03","12","DAILY","48","2024","","17","","","","","","","","",""
"a3HUU0000004fe52AA","0051U0000028jHJQAY","0","Gateway_Usage-DAILY-2024_12_04","0128W000000axHn","2024-12-04 10:05:14","0051U0000028jHJQAY","2024-12-04 23:42:17","0051U0000028jHJQAY","2024-12-04 23:42:17","","","0","","","","","","","","","","","","2024-12-04 00:00:00","Wednesday","74","82","Gateway_Usage-DAILY-2024_12_04","12","DAILY","48","2024","","17","","","","","","","","",""
"a3HUU0000004hUb2AI","0051U0000028jHJQAY","0","Gateway_Usage-DAILY-2024_12_05","0128W000000axHn","2024-12-05 10:05:15","0051U0000028jHJQAY","2024-12-05 23:43:28","0051U0000028jHJQAY","2024-12-05 23:43:28","","","0","","","","","","","","","","","","2024-12-05 00:00:00","Thursday","119","654","Gateway_Usage-DAILY-2024_12_05","12","DAILY","48","2024","","20","","","","","","","","",""
"a3HUU0000004j4z2AA","0051U0000028jHJQAY","0","Gateway_Usage-DAILY-2024_12_06","0128W000000axHn","2024-12-06 10:05:14","0051U0000028jHJQAY","2024-12-06 23:30:29","0051U0000028jHJQAY","2024-12-06 23:30:29","","","0","","","","","","","","","","","","2024-12-06 00:00:00","Friday","141","764","Gateway_Usage-DAILY-2024_12_06","12","DAILY","48","2024","","49","","","","","","","","",""
"a3HUU0000004lQ92AI","0051U0000028jHJQAY","0","Gateway_Usage-DAILY-2024_12_07","0128W000000axHn","2024-12-09 10:05:16","0051U0000028jHJQAY","2024-12-09 10:05:16","0051U0000028jHJQAY","2024-12-09 10:05:16","","","0","","","","","","","","","","","","2024-12-07 00:00:00","Saturday","0","0","Gateway_Usage-DAILY-2024_12_07","12","DAILY","48","2024","","0","","","","","","","","",""
"a3HUU0000004lQA2AY","0051U0000028jHJQAY","0","Gateway_Usage-DAILY-2024_12_08","0128W000000axHn","2024-12-09 10:05:16","0051U0000028jHJQAY","2024-12-09 10:05:16","0051U0000028jHJQAY","2024-12-09 10:05:16","","","0","","","","","","","","","","","","2024-12-08 00:00:00","Sunday","0","0","Gateway_Usage-DAILY-2024_12_08","12","DAILY","49","2024","","0","","","","","","","","",""
"a3HUU0000004lQB2AY","0051U0000028jHJQAY","0","Gateway_Usage-DAILY-2024_12_09","0128W000000axHn","2024-12-09 10:05:16","0051U0000028jHJQAY","2024-12-09 23:07:58","0051U0000028jHJQAY","2024-12-09 23:07:58","","","0","","","","","","","","","","","","2024-12-09 00:00:00","Monday","126","714","Gateway_Usage-DAILY-2024_12_09","12","DAILY","49","2024","","8","","","","","","","","",""
"a3HUU0000004n6z2AA","0051U0000028jHJQAY","0","Gateway_Usage-DAILY-2024_12_10","0128W000000axHn","2024-12-10 10:05:16","0051U0000028jHJQAY","2024-12-10 23:13:22","0051U0000028jHJQAY","2024-12-10 23:13:22","","","0","","","","","","","","","","","","2024-12-10 00:00:00","Tuesday","50","56","Gateway_Usage-DAILY-2024_12_10","12","DAILY","49","2024","","13","","","","","","","","",""
"a3HUU0000004p8n2AA","0051U0000028jHJQAY","0","Gateway_Usage-DAILY-2024_12_11","0128W000000axHn","2024-12-11 10:05:08","0051U0000028jHJQAY","2024-12-11 22:15:54","0051U0000028jHJQAY","2024-12-11 22:15:54","","","0","","","","","","","","","","","","2024-12-11 00:00:00","Wednesday","13","17","Gateway_Usage-DAILY-2024_12_11","12","DAILY","49","2024","","10","","","","","","","","",""
"a3HUU0000004rnJ2AQ","0051U0000028jHJQAY","0","Gateway_Usage-DAILY-2024_12_12","0128W000000axHn","2024-12-12 10:05:17","0051U0000028jHJQAY","2024-12-12 23:35:39","0051U0000028jHJQAY","2024-12-12 23:35:39","","","0","","","","","","","","","","","","2024-12-12 00:00:00","Thursday","129","688","Gateway_Usage-DAILY-2024_12_12","12","DAILY","49","2024","","26","","","","","","","","",""
"a3HUU0000004tSX2AY","0051U0000028jHJQAY","0","Gateway_Usage-DAILY-2024_12_13","0128W000000axHn","2024-12-13 10:05:27","0051U0000028jHJQAY","2024-12-14 00:04:28","0051U0000028jHJQAY","2024-12-14 00:04:28","","","0","","","","","","","","","","","","2024-12-13 00:00:00","Friday","139","836","Gateway_Usage-DAILY-2024_12_13","12","DAILY","49","2024","","105","","","","","","","","",""
"a3HUU0000004uV32AI","0051U0000028jHJQAY","0","Gateway_Usage-DAILY-2024_12_14","0128W000000axHn","2024-12-14 10:05:10","0051U0000028jHJQAY","2024-12-14 10:05:11","0051U0000028jHJQAY","2024-12-14 10:05:11","","","0","","","","","","","","","","","","2024-12-14 00:00:00","Saturday","2","2","Gateway_Usage-DAILY-2024_12_14","12","DAILY","49","2024","","0","","","","","","","","",""
"a3HUU0000004v7l2AA","0051U0000028jHJQAY","0","Gateway_Usage-DAILY-2024_12_15","0128W000000axHn","2024-12-16 10:05:08","0051U0000028jHJQAY","2024-12-16 10:05:08","0051U0000028jHJQAY","2024-12-16 10:05:08","","","0","","","","","","","","","","","","2024-12-15 00:00:00","Sunday","0","0","Gateway_Usage-DAILY-2024_12_15","12","DAILY","50","2024","","0","","","","","","","","",""
"a3HUU0000004v7m2AA","0051U0000028jHJQAY","0","Gateway_Usage-DAILY-2024_12_16","0128W000000axHn","2024-12-16 10:05:08","0051U0000028jHJQAY","2024-12-16 23:34:09","0051U0000028jHJQAY","2024-12-16 23:34:09","","","0","","","","","","","","","","","","2024-12-16 00:00:00","Monday","146","793","Gateway_Usage-DAILY-2024_12_16","12","DAILY","50","2024","","33","","","","","","","","",""
"a3HUU0000004w732AA","0051U0000028jHJQAY","0","Gateway_Usage-DAILY-2024_12_17","0128W000000axHn","2024-12-17 10:05:24","0051U0000028jHJQAY","2024-12-17 23:17:49","0051U0000028jHJQAY","2024-12-17 23:17:49","","","0","","","","","","","","","","","","2024-12-17 00:00:00","Tuesday","73","76","Gateway_Usage-DAILY-2024_12_17","12","DAILY","50","2024","","13","","","","","","","","",""
"a3HUU0000004y2P2AQ","0051U0000028jHJQAY","0","Gateway_Usage-DAILY-2024_12_18","0128W000000axHn","2024-12-18 10:05:19","0051U0000028jHJQAY","2024-12-18 23:30:28","0051U0000028jHJQAY","2024-12-18 23:30:28","","","0","","","","","","","","","","","","2024-12-18 00:00:00","Wednesday","73","83","Gateway_Usage-DAILY-2024_12_18","12","DAILY","50","2024","","15","","","","","","","","",""
"a3HUU0000004zL32AI","0051U0000028jHJQAY","0","Gateway_Usage-DAILY-2024_12_19","0128W000000axHn","2024-12-19 10:05:17","0051U0000028jHJQAY","2024-12-19 23:46:46","0051U0000028jHJQAY","2024-12-19 23:46:46","","","0","","","","","","","","","","","","2024-12-19 00:00:00","Thursday","108","506","Gateway_Usage-DAILY-2024_12_19","12","DAILY","50","2024","","23","","","","","","","","",""
"a3HUU00000051Mr2AI","0051U0000028jHJQAY","0","Gateway_Usage-DAILY-2024_12_20","0128W000000axHn","2024-12-20 10:05:27","0051U0000028jHJQAY","2024-12-20 23:33:01","0051U0000028jHJQAY","2024-12-20 23:33:01","","","0","","","","","","","","","","","","2024-12-20 00:00:00","Friday","125","640","Gateway_Usage-DAILY-2024_12_20","12","DAILY","50","2024","","61","","","","","","","","",""
"a3HUU00000053LR2AY","0051U0000028jHJQAY","0","Gateway_Usage-DAILY-2024_12_21","0128W000000axHn","2024-12-21 10:05:06","0051U0000028jHJQAY","2024-12-21 10:05:06","0051U0000028jHJQAY","2024-12-21 10:05:06","","","0","","","","","","","","","","","","2024-12-21 00:00:00","Saturday","1","1","Gateway_Usage-DAILY-2024_12_21","12","DAILY","50","2024","","1","","","","","","","","",""
"a3HUU00000053tJ2AQ","0051U0000028jHJQAY","0","Gateway_Usage-DAILY-2024_12_22","0128W000000axHn","2024-12-23 10:05:14","0051U0000028jHJQAY","2024-12-23 10:05:14","0051U0000028jHJQAY","2024-12-23 10:05:14","","","0","","","","","","","","","","","","2024-12-22 00:00:00","Sunday","0","0","Gateway_Usage-DAILY-2024_12_22","12","DAILY","51","2024","","0","","","","","","","","",""
"a3HUU00000053tK2AQ","0051U0000028jHJQAY","0","Gateway_Usage-DAILY-2024_12_23","0128W000000axHn","2024-12-23 10:05:14","0051U0000028jHJQAY","2024-12-23 22:42:40","0051U0000028jHJQAY","2024-12-23 22:42:40","","","0","","","","","","","","","","","","2024-12-23 00:00:00","Monday","97","566","Gateway_Usage-DAILY-2024_12_23","12","DAILY","51","2024","","27","","","","","","","","",""
"a3HUU00000055Th2AI","0051U0000028jHJQAY","0","Gateway_Usage-DAILY-2024_12_24","0128W000000axHn","2024-12-24 10:05:08","0051U0000028jHJQAY","2024-12-24 19:20:59","0051U0000028jHJQAY","2024-12-24 19:20:59","","","0","","","","","","","","","","","","2024-12-24 00:00:00","Tuesday","67","67","Gateway_Usage-DAILY-2024_12_24","12","DAILY","51","2024","","10","","","","","","","","",""
"a3HUU00000056Hh2AI","0051U0000028jHJQAY","0","Gateway_Usage-DAILY-2024_12_25","0128W000000axHn","2024-12-25 10:05:14","0051U0000028jHJQAY","2024-12-25 10:05:43","0051U0000028jHJQAY","2024-12-25 10:05:43","","","0","","","","","","","","","","","","2024-12-25 00:00:00","Wednesday","9","16","Gateway_Usage-DAILY-2024_12_25","12","DAILY","51","2024","","5","","","","","","","","",""
"a3HUU00000057P32AI","0051U0000028jHJQAY","0","Gateway_Usage-DAILY-2024_12_26","0128W000000axHn","2024-12-26 10:05:09","0051U0000028jHJQAY","2024-12-26 23:44:13","0051U0000028jHJQAY","2024-12-26 23:44:13","","","0","","","","","","","","","","","","2024-12-26 00:00:00","Thursday","118","531","Gateway_Usage-DAILY-2024_12_26","12","DAILY","51","2024","","24","","","","","","","","",""
"a3HUU00000058Zd2AI","0051U0000028jHJQAY","0","Gateway_Usage-DAILY-2024_12_27","0128W000000axHn","2024-12-27 10:05:06","0051U0000028jHJQAY","2024-12-27 23:29:30","0051U0000028jHJQAY","2024-12-27 23:29:30","","","0","","","","","","","","","","","","2024-12-27 00:00:00","Friday","125","622","Gateway_Usage-DAILY-2024_12_27","12","DAILY","51","2024","","49","","","","","","","","",""
"a3HUU0000005Aht2AE","0051U0000028jHJQAY","0","Gateway_Usage-DAILY-2024_12_28","0128W000000axHn","2024-12-28 10:05:10","0051U0000028jHJQAY","2024-12-28 10:05:25","0051U0000028jHJQAY","2024-12-28 10:05:25","","","0","","","","","","","","","","","","2024-12-28 00:00:00","Saturday","4","5","Gateway_Usage-DAILY-2024_12_28","12","DAILY","51","2024","","3","","","","","","","","",""
"a3HUU0000005B9J2AU","0051U0000028jHJQAY","0","Gateway_Usage-DAILY-2024_12_29","0128W000000axHn","2024-12-30 10:05:11","0051U0000028jHJQAY","2024-12-30 10:05:11","0051U0000028jHJQAY","2024-12-30 10:05:11","","","0","","","","","","","","","","","","2024-12-29 00:00:00","Sunday","0","0","Gateway_Usage-DAILY-2024_12_29","12","DAILY","52","2024","","0","","","","","","","","",""
"a3HUU0000005B9K2AU","0051U0000028jHJQAY","0","Gateway_Usage-DAILY-2024_12_30","0128W000000axHn","2024-12-30 10:05:11","0051U0000028jHJQAY","2024-12-30 23:55:34","0051U0000028jHJQAY","2024-12-30 23:55:34","","","0","","","","","","","","","","","","2024-12-30 00:00:00","Monday","190","1013","Gateway_Usage-DAILY-2024_12_30","12","DAILY","52","2024","","238","","","","","","","","",""
"a3HUU0000005EyP2AU","0051U0000028jHJQAY","0","Gateway_Usage-DAILY-2024_12_31","0128W000000axHn","2024-12-31 10:05:21","0051U0000028jHJQAY","2024-12-31 10:05:21","0051U0000028jHJQAY","2024-12-31 10:05:21","","","0","","","","","","","","","","","","2024-12-31 00:00:00","Tuesday","1","2","Gateway_Usage-DAILY-2024_12_31","12","DAILY","52","2024","","1","","","","","","","","",""
"a3HUU0000005Hg92AE","0051U0000028jHJQAY","0","Gateway_Usage-DAILY-2025_01_01","0128W000000axHn","2025-01-01 10:05:11","0051U0000028jHJQAY","2025-01-01 10:06:34","0051U0000028jHJQAY","2025-01-01 10:06:34","","","0","","","","","","","","","","","","2025-01-01 00:00:00","Wednesday","19","31","Gateway_Usage-DAILY-2025_01_01","1","DAILY","52","2025","","17","","","","","","","","",""
"a3HUU0000005HrR2AU","0051U0000028jHJQAY","0","Gateway_Usage-DAILY-2025_01_02","0128W000000axHn","2025-01-02 10:05:10","0051U0000028jHJQAY","2025-01-02 23:12:55","0051U0000028jHJQAY","2025-01-02 23:12:55","","","0","","","","","","","","","","","","2025-01-02 00:00:00","Thursday","117","730","Gateway_Usage-DAILY-2025_01_02","1","DAILY","52","2025","","32","","","","","","","","",""
"a3HUU0000005KMH2A2","0051U0000028jHJQAY","0","Gateway_Usage-DAILY-2025_01_03","0128W000000axHn","2025-01-03 10:05:11","0051U0000028jHJQAY","2025-01-03 23:59:35","0051U0000028jHJQAY","2025-01-03 23:59:35","","","0","","","","","","","","","","","","2025-01-03 00:00:00","Friday","159","785","Gateway_Usage-DAILY-2025_01_03","1","DAILY","52","2025","","43","","","","","","","","",""
"a3HUU0000005O052AE","0051U0000028jHJQAY","0","Gateway_Usage-DAILY-2025_01_04","0128W000000axHn","2025-01-06 10:05:07","0051U0000028jHJQAY","2025-01-06 10:05:07","0051U0000028jHJQAY","2025-01-06 10:05:07","","","0","","","","","","","","","","","","2025-01-04 00:00:00","Saturday","0","0","Gateway_Usage-DAILY-2025_01_04","1","DAILY","52","2025","","0","","","","","","","","",""
"a3HUU0000005O062AE","0051U0000028jHJQAY","0","Gateway_Usage-DAILY-2025_01_05","0128W000000axHn","2025-01-06 10:05:07","0051U0000028jHJQAY","2025-01-06 10:05:07","0051U0000028jHJQAY","2025-01-06 10:05:07","","","0","","","","","","","","","","","","2025-01-05 00:00:00","Sunday","0","0","Gateway_Usage-DAILY-2025_01_05","1","DAILY","1","2025","","0","","","","","","","","",""
"a3HUU0000005O072AE","0051U0000028jHJQAY","0","Gateway_Usage-DAILY-2025_01_06","0128W000000axHn","2025-01-06 10:05:07","0051U0000028jHJQAY","2025-01-06 10:18:38","0051U0000028jHJQAY","2025-01-06 10:18:38","","","0","","","","","","","","","","","","2025-01-06 00:00:00","Monday","88","691","Gateway_Usage-DAILY-2025_01_06","1","DAILY","1","2025","","10","","","","","","","","",""
"a3HUU0000005QQ52AM","0051U0000028jHJQAY","0","Gateway_Usage-DAILY-2025_01_07","0128W000000axHn","2025-01-07 10:05:21","0051U0000028jHJQAY","2025-01-07 23:02:36","0051U0000028jHJQAY","2025-01-07 23:02:36","","","0","","","","","","","","","","","","2025-01-07 00:00:00","Tuesday","28","29","Gateway_Usage-DAILY-2025_01_07","1","DAILY","1","2025","","5","","","","","","","","",""
"a3HUU0000005Tvp2AE","0051U0000028jHJQAY","0","Gateway_Usage-DAILY-2025_01_08","0128W000000axHn","2025-01-08 10:05:20","0051U0000028jHJQAY","2025-01-08 22:58:15","0051U0000028jHJQAY","2025-01-08 22:58:15","","","0","","","","","","","","","","","","2025-01-08 00:00:00","Wednesday","25","27","Gateway_Usage-DAILY-2025_01_08","1","DAILY","1","2025","","11","","","","","","","","",""
"a3HUU0000005W0r2AE","0051U0000028jHJQAY","0","Gateway_Usage-DAILY-2025_01_09","0128W000000axHn","2025-01-09 10:05:16","0051U0000028jHJQAY","2025-01-09 19:41:11","0051U0000028jHJQAY","2025-01-09 19:41:11","","","0","","","","","","","","","","","","2025-01-09 00:00:00","Thursday","92","694","Gateway_Usage-DAILY-2025_01_09","1","DAILY","1","2025","","23","","","","","","","","",""
"a3HUU0000005YvV2AU","0051U0000028jHJQAY","0","Gateway_Usage-DAILY-2025_01_10","0128W000000axHn","2025-01-10 10:05:13","0051U0000028jHJQAY","2025-01-10 23:39:11","0051U0000028jHJQAY","2025-01-10 23:39:11","","","0","","","","","","","","","","","","2025-01-10 00:00:00","Friday","136","753","Gateway_Usage-DAILY-2025_01_10","1","DAILY","1","2025","","39","","","","","","","","",""
"a3HUU0000005c4f2AA","0051U0000028jHJQAY","0","Gateway_Usage-DAILY-2025_01_11","0128W000000axHn","2025-01-11 10:05:15","0051U0000028jHJQAY","2025-01-11 15:00:22","0051U0000028jHJQAY","2025-01-11 15:00:22","","","0","","","","","","","","","","","","2025-01-11 00:00:00","Saturday","3","12","Gateway_Usage-DAILY-2025_01_11","1","DAILY","1","2025","","2","","","","","","","","",""
"a3HUU0000005cHZ2AY","0051U0000028jHJQAY","0","Gateway_Usage-DAILY-2025_01_12","0128W000000axHn","2025-01-12 10:05:30","0051U0000028jHJQAY","2025-01-12 15:00:43","0051U0000028jHJQAY","2025-01-12 15:00:43","","","0","","","","","","","","","","","","2025-01-12 00:00:00","Sunday","2","4","Gateway_Usage-DAILY-2025_01_12","1","DAILY","2","2025","","0","","","","","","","","",""
"a3HUU0000005cUT2AY","0051U0000028jHJQAY","0","Gateway_Usage-DAILY-2025_01_13","0128W000000axHn","2025-01-13 10:05:09","0051U0000028jHJQAY","2025-01-14 00:08:13","0051U0000028jHJQAY","2025-01-14 00:08:13","","","0","","","","","","","","","","","","2025-01-13 00:00:00","Monday","140","739","Gateway_Usage-DAILY-2025_01_13","1","DAILY","2","2025","","18","","","","","","","","",""
"a3HUU0000005fov2AA","0051U0000028jHJQAY","0","Gateway_Usage-DAILY-2025_01_14","0128W000000axHn","2025-01-14 10:05:18","0051U0000028jHJQAY","2025-01-14 23:42:55","0051U0000028jHJQAY","2025-01-14 23:42:55","","","0","","","","","","","","","","","","2025-01-14 00:00:00","Tuesday","56","68","Gateway_Usage-DAILY-2025_01_14","1","DAILY","2","2025","","11","","","","","","","","",""
"a3HUU0000005iwT2AQ","0051U0000028jHJQAY","0","Gateway_Usage-DAILY-2025_01_15","0128W000000axHn","2025-01-15 10:05:15","0051U0000028jHJQAY","2025-01-15 23:21:12","0051U0000028jHJQAY","2025-01-15 23:21:12","","","0","","","","","","","","","","","","2025-01-15 00:00:00","Wednesday","72","164","Gateway_Usage-DAILY-2025_01_15","1","DAILY","2","2025","","75","","","","","","","","",""
"a3HUU0000005m412AA","0051U0000028jHJQAY","0","Gateway_Usage-DAILY-2025_01_16","0128W000000axHn","2025-01-16 10:05:13","0051U0000028jHJQAY","2025-01-16 23:33:41","0051U0000028jHJQAY","2025-01-16 23:33:41","","","0","","","","","","","","","","","","2025-01-16 00:00:00","Thursday","121","666","Gateway_Usage-DAILY-2025_01_16","1","DAILY","2","2025","","29","","","","","","","","",""
"a3HUU0000005ox32AA","0051U0000028jHJQAY","0","Gateway_Usage-DAILY-2025_01_17","0128W000000axHn","2025-01-17 10:05:10","0051U0000028jHJQAY","2025-01-17 23:34:05","0051U0000028jHJQAY","2025-01-17 23:34:05","","","0","","","","","","","","","","","","2025-01-17 00:00:00","Friday","142","811","Gateway_Usage-DAILY-2025_01_17","1","DAILY","2","2025","","43","","","","","","","","",""
"a3HUU0000005ri12AA","0051U0000028jHJQAY","0","Gateway_Usage-DAILY-2025_01_18","0128W000000axHn","2025-01-18 10:05:09","0051U0000028jHJQAY","2025-01-18 10:05:16","0051U0000028jHJQAY","2025-01-18 10:05:16","","","0","","","","","","","","","","","","2025-01-18 00:00:00","Saturday","2","3","Gateway_Usage-DAILY-2025_01_18","1","DAILY","2","2025","","0","","","","","","","","",""
"a3HUU0000005sML2AY","0051U0000028jHJQAY","0","Gateway_Usage-DAILY-2025_01_19","0128W000000axHn","2025-01-20 10:05:17","0051U0000028jHJQAY","2025-01-20 10:05:17","0051U0000028jHJQAY","2025-01-20 10:05:17","","","0","","","","","","","","","","","","2025-01-19 00:00:00","Sunday","0","0","Gateway_Usage-DAILY-2025_01_19","1","DAILY","3","2025","","0","","","","","","","","",""
"a3HUU0000005sMM2AY","0051U0000028jHJQAY","0","Gateway_Usage-DAILY-2025_01_20","0128W000000axHn","2025-01-20 10:05:17","0051U0000028jHJQAY","2025-01-20 10:22:00","0051U0000028jHJQAY","2025-01-20 10:22:00","","","0","","","","","","","","","","","","2025-01-20 00:00:00","Monday","98","769","Gateway_Usage-DAILY-2025_01_20","1","DAILY","3","2025","","43","","","","","","","","",""
"a3HUU0000005t2H2AQ","0051U0000028jHJQAY","0","Gateway_Usage-DAILY-2025_01_21","0128W000000axHn","2025-01-21 10:05:17","0051U0000028jHJQAY","2025-01-22 00:09:14","0051U0000028jHJQAY","2025-01-22 00:09:14","","","0","","","","","","","","","","","","2025-01-21 00:00:00","Tuesday","60","65","Gateway_Usage-DAILY-2025_01_21","1","DAILY","3","2025","","19","","","","","","","","",""
"a3HUU0000005vs52AA","0051U0000028jHJQAY","0","Gateway_Usage-DAILY-2025_01_22","0128W000000axHn","2025-01-22 10:05:19","0051U0000028jHJQAY","2025-01-22 22:50:12","0051U0000028jHJQAY","2025-01-22 22:50:12","","","0","","","","","","","","","","","","2025-01-22 00:00:00","Wednesday","147","850","Gateway_Usage-DAILY-2025_01_22","1","DAILY","3","2025","","61","","","","","","","","",""
"a3HUU0000005yl72AA","0051U0000028jHJQAY","0","Gateway_Usage-DAILY-2025_01_23","0128W000000axHn","2025-01-23 10:05:16","0051U0000028jHJQAY","2025-01-23 23:16:12","0051U0000028jHJQAY","2025-01-23 23:16:12","","","0","","","","","","","","","","","","2025-01-23 00:00:00","Thursday","63","65","Gateway_Usage-DAILY-2025_01_23","1","DAILY","3","2025","","17","","","","","","","","",""
"a3HUU00000061iz2AA","0051U0000028jHJQAY","0","Gateway_Usage-DAILY-2025_01_24","0128W000000axHn","2025-01-24 10:05:14","0051U0000028jHJQAY","2025-01-24 23:25:05","0051U0000028jHJQAY","2025-01-24 23:25:05","","","0","","","","","","","","","","","","2025-01-24 00:00:00","Friday","144","813","Gateway_Usage-DAILY-2025_01_24","1","DAILY","3","2025","","37","","","","","","","","",""
"a3HUU00000064iT2AQ","0051U0000028jHJQAY","0","Gateway_Usage-DAILY-2025_01_25","0128W000000axHn","2025-01-27 10:05:13","0051U0000028jHJQAY","2025-01-27 10:05:13","0051U0000028jHJQAY","2025-01-27 10:05:13","","","0","","","","","","","","","","","","2025-01-25 00:00:00","Saturday","0","0","Gateway_Usage-DAILY-2025_01_25","1","DAILY","3","2025","","0","","","","","","","","",""
"a3HUU00000064iU2AQ","0051U0000028jHJQAY","0","Gateway_Usage-DAILY-2025_01_26","0128W000000axHn","2025-01-27 10:05:13","0051U0000028jHJQAY","2025-01-27 10:05:13","0051U0000028jHJQAY","2025-01-27 10:05:13","","","0","","","","","","","","","","","","2025-01-26 00:00:00","Sunday","0","0","Gateway_Usage-DAILY-2025_01_26","1","DAILY","4","2025","","0","","","","","","","","",""
"a3HUU00000064iV2AQ","0051U0000028jHJQAY","0","Gateway_Usage-DAILY-2025_01_27","0128W000000axHn","2025-01-27 10:05:13","0051U0000028jHJQAY","2025-01-27 23:58:28","0051U0000028jHJQAY","2025-01-27 23:58:28","","","0","","","","","","","","","","","","2025-01-27 00:00:00","Monday","121","763","Gateway_Usage-DAILY-2025_01_27","1","DAILY","4","2025","","15","","","","","","","","",""
"a3HUU00000067Ev2AI","0051U0000028jHJQAY","0","Gateway_Usage-DAILY-2025_01_28","0128W000000axHn","2025-01-28 10:05:32","0051U0000028jHJQAY","2025-01-28 23:46:58","0051U0000028jHJQAY","2025-01-28 23:46:58","","","0","","","","","","","","","","","","2025-01-28 00:00:00","Tuesday","62","63","Gateway_Usage-DAILY-2025_01_28","1","DAILY","4","2025","","11","","","","","","","","",""
"a3HUU00000069On2AI","0051U0000028jHJQAY","0","Gateway_Usage-DAILY-2025_01_29","0128W000000axHn","2025-01-29 10:05:23","0051U0000028jHJQAY","2025-01-29 23:47:33","0051U0000028jHJQAY","2025-01-29 23:47:33","","","0","","","","","","","","","","","","2025-01-29 00:00:00","Wednesday","43","43","Gateway_Usage-DAILY-2025_01_29","1","DAILY","4","2025","","9","","","","","","","","",""
"a3HUU0000006C892AE","0051U0000028jHJQAY","0","Gateway_Usage-DAILY-2025_01_30","0128W000000axHn","2025-01-30 10:05:21","0051U0000028jHJQAY","2025-01-30 23:32:10","0051U0000028jHJQAY","2025-01-30 23:32:10","","","0","","","","","","","","","","","","2025-01-30 00:00:00","Thursday","171","985","Gateway_Usage-DAILY-2025_01_30","1","DAILY","4","2025","","236","","","","","","","","",""
"a3HUU0000006FcH2AU","0051U0000028jHJQAY","0","Gateway_Usage-DAILY-2025_01_31","0128W000000axHn","2025-01-31 10:05:15","0051U0000028jHJQAY","2025-01-31 23:45:31","0051U0000028jHJQAY","2025-01-31 23:45:31","","","0","","","","","","","","","","","","2025-01-31 00:00:00","Friday","159","813","Gateway_Usage-DAILY-2025_01_31","1","DAILY","4","2025","","57","","","","","","","","",""
"a3HUU0000006HZF2A2","0051U0000028jHJQAY","0","Gateway_Usage-DAILY-2025_02_01","0128W000000axHn","2025-02-01 10:05:14","0051U0000028jHJQAY","2025-02-01 10:05:14","0051U0000028jHJQAY","2025-02-01 10:05:14","","","0","","","","","","","","","","","","2025-02-01 00:00:00","Saturday","1","1","Gateway_Usage-DAILY-2025_02_01","2","DAILY","4","2025","","1","","","","","","","","",""
"a3HUU0000006IS52AM","0051U0000028jHJQAY","0","Gateway_Usage-DAILY-2025_02_02","0128W000000axHn","2025-02-03 10:05:08","0051U0000028jHJQAY","2025-02-03 10:05:08","0051U0000028jHJQAY","2025-02-03 10:05:08","","","0","","","","","","","","","","","","2025-02-02 00:00:00","Sunday","0","0","Gateway_Usage-DAILY-2025_02_02","2","DAILY","5","2025","","0","","","","","","","","",""
"a3HUU0000006IS62AM","0051U0000028jHJQAY","0","Gateway_Usage-DAILY-2025_02_03","0128W000000axHn","2025-02-03 10:05:08","0051U0000028jHJQAY","2025-02-03 23:37:34","0051U0000028jHJQAY","2025-02-03 23:37:34","","","0","","","","","","","","","","","","2025-02-03 00:00:00","Monday","146","762","Gateway_Usage-DAILY-2025_02_03","2","DAILY","5","2025","","27","","","","","","","","",""
"a3HUU0000006KFN2A2","0051U0000028jHJQAY","0","Gateway_Usage-DAILY-2025_02_04","0128W000000axHn","2025-02-04 10:05:36","0051U0000028jHJQAY","2025-02-04 23:55:37","0051U0000028jHJQAY","2025-02-04 23:55:37","","","0","","","","","","","","","","","","2025-02-04 00:00:00","Tuesday","58","62","Gateway_Usage-DAILY-2025_02_04","2","DAILY","5","2025","","16","","","","","","","","",""
"a3HUU0000006NYD2A2","0051U0000028jHJQAY","0","Gateway_Usage-DAILY-2025_02_05","0128W000000axHn","2025-02-05 10:05:17","0051U0000028jHJQAY","2025-02-05 23:47:11","0051U0000028jHJQAY","2025-02-05 23:47:11","","","0","","","","","","","","","","","","2025-02-05 00:00:00","Wednesday","56","59","Gateway_Usage-DAILY-2025_02_05","2","DAILY","5","2025","","15","","","","","","","","",""
"a3HUU0000006QUT2A2","0051U0000028jHJQAY","0","Gateway_Usage-DAILY-2025_02_06","0128W000000axHn","2025-02-06 10:05:24","0051U0000028jHJQAY","2025-02-06 23:51:46","0051U0000028jHJQAY","2025-02-06 23:51:46","","","0","","","","","","","","","","","","2025-02-06 00:00:00","Thursday","132","682","Gateway_Usage-DAILY-2025_02_06","2","DAILY","5","2025","","13","","","","","","","","",""
"a3HUU0000006Ttl2AE","0051U0000028jHJQAY","0","Gateway_Usage-DAILY-2025_02_07","0128W000000axHn","2025-02-07 10:05:17","0051U0000028jHJQAY","2025-02-07 23:50:58","0051U0000028jHJQAY","2025-02-07 23:50:58","","","0","","","","","","","","","","","","2025-02-07 00:00:00","Friday","139","707","Gateway_Usage-DAILY-2025_02_07","2","DAILY","5","2025","","36","","","","","","","","",""
"a3HUU0000006WwT2AU","0051U0000028jHJQAY","0","Gateway_Usage-DAILY-2025_02_08","0128W000000axHn","2025-02-08 10:05:14","0051U0000028jHJQAY","2025-02-08 10:05:14","0051U0000028jHJQAY","2025-02-08 10:05:14","","","0","","","","","","","","","","","","2025-02-08 00:00:00","Saturday","1","1","Gateway_Usage-DAILY-2025_02_08","2","DAILY","5","2025","","0","","","","","","","","",""
"a3HUU0000006XED2A2","0051U0000028jHJQAY","0","Gateway_Usage-DAILY-2025_02_09","0128W000000axHn","2025-02-10 10:05:12","0051U0000028jHJQAY","2025-02-10 10:05:12","0051U0000028jHJQAY","2025-02-10 10:05:12","","","0","","","","","","","","","","","","2025-02-09 00:00:00","Sunday","0","0","Gateway_Usage-DAILY-2025_02_09","2","DAILY","6","2025","","0","","","","","","","","",""
"a3HUU0000006XEE2A2","0051U0000028jHJQAY","0","Gateway_Usage-DAILY-2025_02_10","0128W000000axHn","2025-02-10 10:05:12","0051U0000028jHJQAY","2025-02-10 23:47:06","0051U0000028jHJQAY","2025-02-10 23:47:06","","","0","","","","","","","","","","","","2025-02-10 00:00:00","Monday","115","581","Gateway_Usage-DAILY-2025_02_10","2","DAILY","6","2025","","21","","","","","","","","",""
"a3HUU0000006aQb2AI","0051U0000028jHJQAY","0","Gateway_Usage-DAILY-2025_02_11","0128W000000axHn","2025-02-11 10:05:31","0051U0000028jHJQAY","2025-02-12 00:04:46","0051U0000028jHJQAY","2025-02-12 00:04:46","","","0","","","","","","","","","","","","2025-02-11 00:00:00","Tuesday","44","47","Gateway_Usage-DAILY-2025_02_11","2","DAILY","6","2025","","14","","","","","","","","",""
"a3HUU0000006eNl2AI","0051U0000028jHJQAY","0","Gateway_Usage-DAILY-2025_02_12","0128W000000axHn","2025-02-12 10:05:08","0051U0000028jHJQAY","2025-02-13 00:04:53","0051U0000028jHJQAY","2025-02-13 00:04:53","","","0","","","","","","","","","","","","2025-02-12 00:00:00","Wednesday","51","52","Gateway_Usage-DAILY-2025_02_12","2","DAILY","6","2025","","11","","","","","","","","",""
"a3HUU0000006gFt2AI","0051U0000028jHJQAY","0","Gateway_Usage-DAILY-2025_02_13","0128W000000axHn","2025-02-13 10:05:22","0051U0000028jHJQAY","2025-02-13 23:52:10","0051U0000028jHJQAY","2025-02-13 23:52:10","","","0","","","","","","","","","","","","2025-02-13 00:00:00","Thursday","108","499","Gateway_Usage-DAILY-2025_02_13","2","DAILY","6","2025","","24","","","","","","","","",""
"a3HUU0000006ikj2AA","0051U0000028jHJQAY","0","Gateway_Usage-DAILY-2025_02_14","0128W000000axHn","2025-02-14 10:05:16","0051U0000028jHJQAY","2025-02-14 23:47:38","0051U0000028jHJQAY","2025-02-14 23:47:38","","","0","","","","","","","","","","","","2025-02-14 00:00:00","Friday","150","709","Gateway_Usage-DAILY-2025_02_14","2","DAILY","6","2025","","113","","","","","","","","",""
"a3HUU0000006k9p2AA","0051U0000028jHJQAY","0","Gateway_Usage-DAILY-2025_02_15","0128W000000axHn","2025-02-15 10:08:01","0051U0000028jHJQAY","2025-02-15 10:08:11","0051U0000028jHJQAY","2025-02-15 10:08:11","","","0","","","","","","","","","","","","2025-02-15 00:00:00","Saturday","2","2","Gateway_Usage-DAILY-2025_02_15","2","DAILY","6","2025","","0","","","","","","","","",""
"a3HUU0000006kbF2AQ","0051U0000028jHJQAY","0","Gateway_Usage-DAILY-2025_02_16","0128W000000axHn","2025-02-17 10:05:17","0051U0000028jHJQAY","2025-02-17 10:05:17","0051U0000028jHJQAY","2025-02-17 10:05:17","","","0","","","","","","","","","","","","2025-02-16 00:00:00","Sunday","0","0","Gateway_Usage-DAILY-2025_02_16","2","DAILY","7","2025","","0","","","","","","","","",""
"a3HUU0000006kbG2AQ","0051U0000028jHJQAY","0","Gateway_Usage-DAILY-2025_02_17","0128W000000axHn","2025-02-17 10:05:17","0051U0000028jHJQAY","2025-02-17 18:12:38","0051U0000028jHJQAY","2025-02-17 18:12:38","","","0","","","","","","","","","","","","2025-02-17 00:00:00","Monday","79","550","Gateway_Usage-DAILY-2025_02_17","2","DAILY","7","2025","","20","","","","","","","","",""
"a3HUU0000006mJh2AI","0051U0000028jHJQAY","0","Gateway_Usage-DAILY-2025_02_18","0128W000000axHn","2025-02-18 10:05:13","0051U0000028jHJQAY","2025-02-19 00:00:44","0051U0000028jHJQAY","2025-02-19 00:00:44","","","0","","","","","","","","","","","","2025-02-18 00:00:00","Tuesday","66","74","Gateway_Usage-DAILY-2025_02_18","2","DAILY","7","2025","","15","","","","","","","","",""
"a3HUU0000006vYH2AY","0051U0000028jHJQAY","0","Gateway_Usage-DAILY-2025_02_19","0128W000000axHn","2025-02-19 10:05:09","0051U0000028jHJQAY","2025-02-20 00:17:15","0051U0000028jHJQAY","2025-02-20 00:17:15","","","0","","","","","","","","","","","","2025-02-19 00:00:00","Wednesday","69","71","Gateway_Usage-DAILY-2025_02_19","2","DAILY","7","2025","","17","","","","","","","","",""
"a3HUU0000006zbt2AA","0051U0000028jHJQAY","0","Gateway_Usage-DAILY-2025_02_20","0128W000000axHn","2025-02-20 10:05:12","0051U0000028jHJQAY","2025-02-20 23:59:54","0051U0000028jHJQAY","2025-02-20 23:59:54","","","0","","","","","","","","","","","","2025-02-20 00:00:00","Thursday","130","574","Gateway_Usage-DAILY-2025_02_20","2","DAILY","7","2025","","53","","","","","","","","",""
"a3HUU00000075J72AI","0051U0000028jHJQAY","0","Gateway_Usage-DAILY-2025_02_21","0128W000000axHn","2025-02-21 10:05:07","0051U0000028jHJQAY","2025-02-22 00:14:02","0051U0000028jHJQAY","2025-02-22 00:14:02","","","0","","","","","","","","","","","","2025-02-21 00:00:00","Friday","157","663","Gateway_Usage-DAILY-2025_02_21","2","DAILY","7","2025","","51","","","","","","","","",""
"a3HUU00000076jp2AA","0051U0000028jHJQAY","0","Gateway_Usage-DAILY-2025_02_22","0128W000000axHn","2025-02-22 10:05:18","0051U0000028jHJQAY","2025-02-22 10:05:32","0051U0000028jHJQAY","2025-02-22 10:05:32","","","0","","","","","","","","","","","","2025-02-22 00:00:00","Saturday","3","3","Gateway_Usage-DAILY-2025_02_22","2","DAILY","7","2025","","1","","","","","","","","",""
"a3HUU00000077Kv2AI","0051U0000028jHJQAY","0","Gateway_Usage-DAILY-2025_02_23","0128W000000axHn","2025-02-24 10:05:14","0051U0000028jHJQAY","2025-02-24 10:05:14","0051U0000028jHJQAY","2025-02-24 10:05:14","","","0","","","","","","","","","","","","2025-02-23 00:00:00","Sunday","0","0","Gateway_Usage-DAILY-2025_02_23","2","DAILY","8","2025","","0","","","","","","","","",""
"a3HUU00000077Kw2AI","0051U0000028jHJQAY","0","Gateway_Usage-DAILY-2025_02_24","0128W000000axHn","2025-02-24 10:05:14","0051U0000028jHJQAY","2025-02-24 23:14:34","0051U0000028jHJQAY","2025-02-24 23:14:34","","","0","","","","","","","","","","","","2025-02-24 00:00:00","Monday","136","604","Gateway_Usage-DAILY-2025_02_24","2","DAILY","8","2025","","19","","","","","","","","",""
"a3HUU00000079cr2AA","0051U0000028jHJQAY","0","Gateway_Usage-DAILY-2025_02_25","0128W000000axHn","2025-02-25 10:05:16","0051U0000028jHJQAY","2025-02-25 23:59:50","0051U0000028jHJQAY","2025-02-25 23:59:50","","","0","","","","","","","","","","","","2025-02-25 00:00:00","Tuesday","69","72","Gateway_Usage-DAILY-2025_02_25","2","DAILY","8","2025","","14","","","","","","","","",""
"a3HUU0000007BgH2AU","0051U0000028jHJQAY","0","Gateway_Usage-DAILY-2025_02_26","0128W000000axHn","2025-02-26 10:05:13","0051U0000028jHJQAY","2025-02-27 00:07:26","0051U0000028jHJQAY","2025-02-27 00:07:26","","","0","","","","","","","","","","","","2025-02-26 00:00:00","Wednesday","60","61","Gateway_Usage-DAILY-2025_02_26","2","DAILY","8","2025","","19","","","","","","","","",""
"a3HUU0000007EmD2AU","0051U0000028jHJQAY","0","Gateway_Usage-DAILY-2025_02_27","0128W000000axHn","2025-02-27 10:05:24","0051U0000028jHJQAY","2025-02-27 23:38:34","0051U0000028jHJQAY","2025-02-27 23:38:34","","","0","","","","","","","","","","","","2025-02-27 00:00:00","Thursday","129","536","Gateway_Usage-DAILY-2025_02_27","2","DAILY","8","2025","","41","","","","","","","","",""
"a3HUU0000007Gsr2AE","0051U0000028jHJQAY","0","Gateway_Usage-DAILY-2025_02_28","0128W000000axHn","2025-02-28 10:05:14","0051U0000028jHJQAY","2025-02-28 23:59:53","0051U0000028jHJQAY","2025-02-28 23:59:53","","","0","","","","","","","","","","","","2025-02-28 00:00:00","Friday","189","882","Gateway_Usage-DAILY-2025_02_28","2","DAILY","8","2025","","254","","","","","","","","",""
"a3HUU0000007Jtx2AE","0051U0000028jHJQAY","0","Gateway_Usage-DAILY-2025_03_01","0128W000000axHn","2025-03-01 10:05:08","0051U0000028jHJQAY","2025-03-01 10:05:12","0051U0000028jHJQAY","2025-03-01 10:05:12","","","0","","","","","","","","","","","","2025-03-01 00:00:00","Saturday","2","2","Gateway_Usage-DAILY-2025_03_01","3","DAILY","8","2025","","2","","","","","","","","",""
"a3HUU0000007KYH2A2","0051U0000028jHJQAY","0","Gateway_Usage-DAILY-2025_03_02","0128W000000axHn","2025-03-03 10:05:16","0051U0000028jHJQAY","2025-03-03 10:05:16","0051U0000028jHJQAY","2025-03-03 10:05:16","","","0","","","","","","","","","","","","2025-03-02 00:00:00","Sunday","0","0","Gateway_Usage-DAILY-2025_03_02","3","DAILY","9","2025","","0","","","","","","","","",""
"a3HUU0000007KYI2A2","0051U0000028jHJQAY","0","Gateway_Usage-DAILY-2025_03_03","0128W000000axHn","2025-03-03 10:05:16","0051U0000028jHJQAY","2025-03-03 23:40:27","0051U0000028jHJQAY","2025-03-03 23:40:27","","","0","","","","","","","","","","","","2025-03-03 00:00:00","Monday","154","669","Gateway_Usage-DAILY-2025_03_03","3","DAILY","9","2025","","40","","","","","","","","",""
"a3HUU0000007NJF2A2","0051U0000028jHJQAY","0","Gateway_Usage-DAILY-2025_03_04","0128W000000axHn","2025-03-04 10:05:18","0051U0000028jHJQAY","2025-03-04 23:35:28","0051U0000028jHJQAY","2025-03-04 23:35:28","","","0","","","","","","","","","","","","2025-03-04 00:00:00","Tuesday","69","71","Gateway_Usage-DAILY-2025_03_04","3","DAILY","9","2025","","19","","","","","","","","",""
"a3HUU0000007Q932AE","0051U0000028jHJQAY","0","Gateway_Usage-DAILY-2025_03_05","0128W000000axHn","2025-03-05 10:05:20","0051U0000028jHJQAY","2025-03-05 23:54:20","0051U0000028jHJQAY","2025-03-05 23:54:20","","","0","","","","","","","","","","","","2025-03-05 00:00:00","Wednesday","74","82","Gateway_Usage-DAILY-2025_03_05","3","DAILY","9","2025","","24","","","","","","","","",""
"a3HUU0000007RzZ2AU","0051U0000028jHJQAY","0","Gateway_Usage-DAILY-2025_03_06","0128W000000axHn","2025-03-06 10:05:08","0051U0000028jHJQAY","2025-03-06 23:54:05","0051U0000028jHJQAY","2025-03-06 23:54:05","","","0","","","","","","","","","","","","2025-03-06 00:00:00","Thursday","111","552","Gateway_Usage-DAILY-2025_03_06","3","DAILY","9","2025","","31","","","","","","","","",""
"a3HUU0000007TbZ2AU","0051U0000028jHJQAY","0","Gateway_Usage-DAILY-2025_03_07","0128W000000axHn","2025-03-07 10:05:14","0051U0000028jHJQAY","2025-03-07 23:26:47","0051U0000028jHJQAY","2025-03-07 23:26:47","","","0","","","","","","","","","","","","2025-03-07 00:00:00","Friday","154","491","Gateway_Usage-DAILY-2025_03_07","3","DAILY","9","2025","","52","","","","","","","","",""
"a3HUU0000007VFB2A2","0051U0000028jHJQAY","0","Gateway_Usage-DAILY-2025_03_08","0128W000000axHn","2025-03-08 10:05:18","0051U0000028jHJQAY","2025-03-08 10:05:48","0051U0000028jHJQAY","2025-03-08 10:05:48","","","0","","","","","","","","","","","","2025-03-08 00:00:00","Saturday","3","17","Gateway_Usage-DAILY-2025_03_08","3","DAILY","9","2025","","8","","","","","","","","",""
"a3HUU0000007Vez2AE","0051U0000028jHJQAY","0","Gateway_Usage-DAILY-2025_03_09","0128W000000axHn","2025-03-09 15:18:16","0051U0000028jHJQAY","2025-03-09 16:14:08","0051U0000028jHJQAY","2025-03-09 16:14:08","","","0","","","","","","","","","","","","2025-03-09 00:00:00","Sunday","2","2","Gateway_Usage-DAILY-2025_03_09","3","DAILY","10","2025","","1","","","","","","","","",""
"a3HUU0000007WET2A2","0051U0000028jHJQAY","0","Gateway_Usage-DAILY-2025_03_10","0128W000000axHn","2025-03-10 10:05:24","0051U0000028jHJQAY","2025-03-10 23:46:25","0051U0000028jHJQAY","2025-03-10 23:46:25","","","0","","","","","","","","","","","","2025-03-10 00:00:00","Monday","108","447","Gateway_Usage-DAILY-2025_03_10","3","DAILY","10","2025","","36","","","","","","","","",""
"a3HUU0000007Xgn2AE","0051U0000028jHJQAY","0","Gateway_Usage-DAILY-2025_03_11","0128W000000axHn","2025-03-11 10:05:40","0051U0000028jHJQAY","2025-03-11 23:57:43","0051U0000028jHJQAY","2025-03-11 23:57:43","","","0","","","","","","","","","","","","2025-03-11 00:00:00","Tuesday","89","106","Gateway_Usage-DAILY-2025_03_11","3","DAILY","10","2025","","30","","","","","","","","",""
"a3HUU0000007ZPF2A2","0051U0000028jHJQAY","0","Gateway_Usage-DAILY-2025_03_12","0128W000000axHn","2025-03-12 10:05:24","0051U0000028jHJQAY","2025-03-12 23:55:07","0051U0000028jHJQAY","2025-03-12 23:55:07","","","0","","","","","","","","","","","","2025-03-12 00:00:00","Wednesday","77","81","Gateway_Usage-DAILY-2025_03_12","3","DAILY","10","2025","","18","","","","","","","","",""
"a3HUU0000007c8b2AA","0051U0000028jHJQAY","0","Gateway_Usage-DAILY-2025_03_13","0128W000000axHn","2025-03-13 10:05:37","0051U0000028jHJQAY","2025-03-13 23:57:23","0051U0000028jHJQAY","2025-03-13 23:57:23","","","0","","","","","","","","","","","","2025-03-13 00:00:00","Thursday","107","382","Gateway_Usage-DAILY-2025_03_13","3","DAILY","10","2025","","21","","","","","","","","",""
"a3HUU0000007e0j2AA","0051U0000028jHJQAY","0","Gateway_Usage-DAILY-2025_03_14","0128W000000axHn","2025-03-14 10:05:30","0051U0000028jHJQAY","2025-03-14 23:47:19","0051U0000028jHJQAY","2025-03-14 23:47:19","","","0","","","","","","","","","","","","2025-03-14 00:00:00","Friday","144","624","Gateway_Usage-DAILY-2025_03_14","3","DAILY","10","2025","","125","","","","","","","","",""
"a3HUU0000007fpd2AA","0051U0000028jHJQAY","0","Gateway_Usage-DAILY-2025_03_15","0128W000000axHn","2025-03-15 10:05:43","0051U0000028jHJQAY","2025-03-15 10:06:01","0051U0000028jHJQAY","2025-03-15 10:06:01","","","0","","","","","","","","","","","","2025-03-15 00:00:00","Saturday","5","10","Gateway_Usage-DAILY-2025_03_15","3","DAILY","10","2025","","1","","","","","","","","",""
"a3HUU0000007gP72AI","0051U0000028jHJQAY","0","Gateway_Usage-DAILY-2025_03_16","0128W000000axHn","2025-03-17 10:05:25","0051U0000028jHJQAY","2025-03-17 10:05:25","0051U0000028jHJQAY","2025-03-17 10:05:25","","","0","","","","","","","","","","","","2025-03-16 00:00:00","Sunday","0","0","Gateway_Usage-DAILY-2025_03_16","3","DAILY","11","2025","","0","","","","","","","","",""
"a3HUU0000007gP82AI","0051U0000028jHJQAY","0","Gateway_Usage-DAILY-2025_03_17","0128W000000axHn","2025-03-17 10:05:25","0051U0000028jHJQAY","2025-03-17 23:34:15","0051U0000028jHJQAY","2025-03-17 23:34:15","","","0","","","","","","","","","","","","2025-03-17 00:00:00","Monday","110","504","Gateway_Usage-DAILY-2025_03_17","3","DAILY","11","2025","","26","","","","","","","","",""
"a3HUU0000007iVl2AI","0051U0000028jHJQAY","0","Gateway_Usage-DAILY-2025_03_18","0128W000000axHn","2025-03-18 10:05:30","0051U0000028jHJQAY","2025-03-18 23:54:26","0051U0000028jHJQAY","2025-03-18 23:54:26","","","0","","","","","","","","","","","","2025-03-18 00:00:00","Tuesday","84","95","Gateway_Usage-DAILY-2025_03_18","3","DAILY","11","2025","","14","","","","","","","","",""
"a3HUU0000007kHR2AY","0051U0000028jHJQAY","0","Gateway_Usage-DAILY-2025_03_19","0128W000000axHn","2025-03-19 10:05:14","0051U0000028jHJQAY","2025-03-19 23:58:01","0051U0000028jHJQAY","2025-03-19 23:58:01","","","0","","","","","","","","","","","","2025-03-19 00:00:00","Wednesday","63","64","Gateway_Usage-DAILY-2025_03_19","3","DAILY","11","2025","","16","","","","","","","","",""
"a3HUU0000007m7x2AA","0051U0000028jHJQAY","0","Gateway_Usage-DAILY-2025_03_20","0128W000000axHn","2025-03-20 10:05:49","0051U0000028jHJQAY","2025-03-20 23:46:54","0051U0000028jHJQAY","2025-03-20 23:46:54","","","0","","","","","","","","","","","","2025-03-20 00:00:00","Thursday","156","528","Gateway_Usage-DAILY-2025_03_20","3","DAILY","11","2025","","66","","","","","","","","",""
"a3HUU0000007oT72AI","0051U0000028jHJQAY","0","Gateway_Usage-DAILY-2025_03_21","0128W000000axHn","2025-03-21 10:05:09","0051U0000028jHJQAY","2025-03-21 23:57:00","0051U0000028jHJQAY","2025-03-21 23:57:00","","","0","","","","","","","","","","","","2025-03-21 00:00:00","Friday","119","554","Gateway_Usage-DAILY-2025_03_21","3","DAILY","11","2025","","52","","","","","","","","",""
"a3HUU0000007pll2AA","0051U0000028jHJQAY","0","Gateway_Usage-DAILY-2025_03_22","0128W000000axHn","2025-03-22 10:05:10","0051U0000028jHJQAY","2025-03-22 10:05:10","0051U0000028jHJQAY","2025-03-22 10:05:10","","","0","","","","","","","","","","","","2025-03-22 00:00:00","Saturday","1","1","Gateway_Usage-DAILY-2025_03_22","3","DAILY","11","2025","","0","","","","","","","","",""
"a3HUU0000007qBZ2AY","0051U0000028jHJQAY","0","Gateway_Usage-DAILY-2025_03_23","0128W000000axHn","2025-03-24 10:05:18","0051U0000028jHJQAY","2025-03-24 10:05:18","0051U0000028jHJQAY","2025-03-24 10:05:18","","","0","","","","","","","","","","","","2025-03-23 00:00:00","Sunday","0","0","Gateway_Usage-DAILY-2025_03_23","3","DAILY","12","2025","","0","","","","","","","","",""
"a3HUU0000007qBa2AI","0051U0000028jHJQAY","0","Gateway_Usage-DAILY-2025_03_24","0128W000000axHn","2025-03-24 10:05:18","0051U0000028jHJQAY","2025-03-24 23:55:54","0051U0000028jHJQAY","2025-03-24 23:55:54","","","0","","","","","","","","","","","","2025-03-24 00:00:00","Monday","100","495","Gateway_Usage-DAILY-2025_03_24","3","DAILY","12","2025","","22","","","","","","","","",""
"a3HUU0000007sYL2AY","0051U0000028jHJQAY","0","Gateway_Usage-DAILY-2025_03_25","0128W000000axHn","2025-03-25 10:05:07","0051U0000028jHJQAY","2025-03-25 23:35:23","0051U0000028jHJQAY","2025-03-25 23:35:23","","","0","","","","","","","","","","","","2025-03-25 00:00:00","Tuesday","73","81","Gateway_Usage-DAILY-2025_03_25","3","DAILY","12","2025","","18","","","","","","","","",""
"a3HUU0000007uIP2AY","0051U0000028jHJQAY","0","Gateway_Usage-DAILY-2025_03_26","0128W000000axHn","2025-03-26 10:05:18","0051U0000028jHJQAY","2025-03-26 23:46:12","0051U0000028jHJQAY","2025-03-26 23:46:12","","","0","","","","","","","","","","","","2025-03-26 00:00:00","Wednesday","89","96","Gateway_Usage-DAILY-2025_03_26","3","DAILY","12","2025","","12","","","","","","","","",""
"a3HUU0000007w2T2AQ","0051U0000028jHJQAY","0","Gateway_Usage-DAILY-2025_03_27","0128W000000axHn","2025-03-27 10:05:13","0051U0000028jHJQAY","2025-03-27 23:41:04","0051U0000028jHJQAY","2025-03-27 23:41:04","","","0","","","","","","","","","","","","2025-03-27 00:00:00","Thursday","115","409","Gateway_Usage-DAILY-2025_03_27","3","DAILY","12","2025","","30","","","","","","","","",""
"a3HUU0000007xWP2AY","0051U0000028jHJQAY","0","Gateway_Usage-DAILY-2025_03_28","0128W000000axHn","2025-03-28 10:05:13","0051U0000028jHJQAY","2025-03-29 00:04:05","0051U0000028jHJQAY","2025-03-29 00:04:05","","","0","","","","","","","","","","","","2025-03-28 00:00:00","Friday","156","922","Gateway_Usage-DAILY-2025_03_28","3","DAILY","12","2025","","292","","","","","","","","",""
"a3HUU00000080pF2AQ","0051U0000028jHJQAY","0","Gateway_Usage-DAILY-2025_03_29","0128W000000axHn","2025-03-29 10:05:19","0051U0000028jHJQAY","2025-03-29 10:05:21","0051U0000028jHJQAY","2025-03-29 10:05:21","","","0","","","","","","","","","","","","2025-03-29 00:00:00","Saturday","2","2","Gateway_Usage-DAILY-2025_03_29","3","DAILY","12","2025","","2","","","","","","","","",""
"a3HUU000000810X2AQ","0051U0000028jHJQAY","0","Gateway_Usage-DAILY-2025_03_30","0128W000000axHn","2025-03-30 10:05:13","0051U0000028jHJQAY","2025-03-30 10:05:13","0051U0000028jHJQAY","2025-03-30 10:05:13","","","0","","","","","","","","","","","","2025-03-30 00:00:00","Sunday","1","1","Gateway_Usage-DAILY-2025_03_30","3","DAILY","13","2025","","0","","","","","","","","",""
"a3HUU00000081Gf2AI","0051U0000028jHJQAY","0","Gateway_Usage-DAILY-2025_03_31","0128W000000axHn","2025-03-31 10:05:14","0051U0000028jHJQAY","2025-03-31 23:59:19","0051U0000028jHJQAY","2025-03-31 23:59:19","","","0","","","","","","","","","","","","2025-03-31 00:00:00","Monday","144","647","Gateway_Usage-DAILY-2025_03_31","3","DAILY","13","2025","","28","","","","","","","","",""
"a3HUU00000083rx2AA","0051U0000028jHJQAY","0","Gateway_Usage-DAILY-2025_04_01","0128W000000axHn","2025-04-01 10:05:25","0051U0000028jHJQAY","2025-04-01 23:30:28","0051U0000028jHJQAY","2025-04-01 23:30:28","","","0","","","","","","","","","","","","2025-04-01 00:00:00","Tuesday","67","78","Gateway_Usage-DAILY-2025_04_01","4","DAILY","13","2025","","24","","","","","","","","",""
"a3HUU00000087SX2AY","0051U0000028jHJQAY","0","Gateway_Usage-DAILY-2025_04_02","0128W000000axHn","2025-04-02 10:05:09","0051U0000028jHJQAY","2025-04-02 23:35:30","0051U0000028jHJQAY","2025-04-02 23:35:30","","","0","","","","","","","","","","","","2025-04-02 00:00:00","Wednesday","57","58","Gateway_Usage-DAILY-2025_04_02","4","DAILY","13","2025","","13","","","","","","","","",""
"a3HUU00000088oP2AQ","0051U0000028jHJQAY","0","Gateway_Usage-DAILY-2025_04_03","0128W000000axHn","2025-04-03 10:05:16","0051U0000028jHJQAY","2025-04-03 23:19:46","0051U0000028jHJQAY","2025-04-03 23:19:46","","","0","","","","","","","","","","","","2025-04-03 00:00:00","Thursday","101","528","Gateway_Usage-DAILY-2025_04_03","4","DAILY","13","2025","","22","","","","","","","","",""
"a3HUU0000008B1V2AU","0051U0000028jHJQAY","0","Gateway_Usage-DAILY-2025_04_04","0128W000000axHn","2025-04-04 10:05:19","0051U0000028jHJQAY","2025-04-04 23:37:18","0051U0000028jHJQAY","2025-04-04 23:37:18","","","0","","","","","","","","","","","","2025-04-04 00:00:00","Friday","146","648","Gateway_Usage-DAILY-2025_04_04","4","DAILY","13","2025","","57","","","","","","","","",""
"a3HUU0000008DEb2AM","0051U0000028jHJQAY","0","Gateway_Usage-DAILY-2025_04_05","0128W000000axHn","2025-04-07 10:05:14","0051U0000028jHJQAY","2025-04-07 10:05:14","0051U0000028jHJQAY","2025-04-07 10:05:14","","","0","","","","","","","","","","","","2025-04-05 00:00:00","Saturday","0","0","Gateway_Usage-DAILY-2025_04_05","4","DAILY","13","2025","","0","","","","","","","","",""
"a3HUU0000008DEc2AM","0051U0000028jHJQAY","0","Gateway_Usage-DAILY-2025_04_06","0128W000000axHn","2025-04-07 10:05:14","0051U0000028jHJQAY","2025-04-07 10:05:14","0051U0000028jHJQAY","2025-04-07 10:05:14","","","0","","","","","","","","","","","","2025-04-06 00:00:00","Sunday","0","0","Gateway_Usage-DAILY-2025_04_06","4","DAILY","14","2025","","0","","","","","","","","",""
"a3HUU0000008DEd2AM","0051U0000028jHJQAY","0","Gateway_Usage-DAILY-2025_04_07","0128W000000axHn","2025-04-07 10:05:14","0051U0000028jHJQAY","2025-04-07 23:52:23","0051U0000028jHJQAY","2025-04-07 23:52:23","","","0","","","","","","","","","","","","2025-04-07 00:00:00","Monday","118","589","Gateway_Usage-DAILY-2025_04_07","4","DAILY","14","2025","","9","","","","","","","","",""
"a3HUU0000008FUv2AM","0051U0000028jHJQAY","0","Gateway_Usage-DAILY-2025_04_08","0128W000000axHn","2025-04-08 10:05:07","0051U0000028jHJQAY","2025-04-09 00:03:14","0051U0000028jHJQAY","2025-04-09 00:03:14","","","0","","","","","","","","","","","","2025-04-08 00:00:00","Tuesday","43","45","Gateway_Usage-DAILY-2025_04_08","4","DAILY","14","2025","","9","","","","","","","","",""
"a3HUU0000008HYL2A2","0051U0000028jHJQAY","0","Gateway_Usage-DAILY-2025_04_09","0128W000000axHn","2025-04-09 10:05:07","0051U0000028jHJQAY","2025-04-09 23:52:26","0051U0000028jHJQAY","2025-04-09 23:52:26","","","0","","","","","","","","","","","","2025-04-09 00:00:00","Wednesday","39","42","Gateway_Usage-DAILY-2025_04_09","4","DAILY","14","2025","","14","","","","","","","","",""
"a3HUU0000008Jrt2AE","0051U0000028jHJQAY","0","Gateway_Usage-DAILY-2025_04_10","0128W000000axHn","2025-04-10 10:05:18","0051U0000028jHJQAY","2025-04-10 23:06:21","0051U0000028jHJQAY","2025-04-10 23:06:21","","","0","","","","","","","","","","","","2025-04-10 00:00:00","Thursday","96","540","Gateway_Usage-DAILY-2025_04_10","4","DAILY","14","2025","","29","","","","","","","","",""
"a3HUU0000008LnF2AU","0051U0000028jHJQAY","0","Gateway_Usage-DAILY-2025_04_11","0128W000000axHn","2025-04-11 10:05:15","0051U0000028jHJQAY","2025-04-11 23:36:09","0051U0000028jHJQAY","2025-04-11 23:36:09","","","0","","","","","","","","","","","","2025-04-11 00:00:00","Friday","116","593","Gateway_Usage-DAILY-2025_04_11","4","DAILY","14","2025","","30","","","","","","","","",""
"a3HUU0000008NM12AM","0051U0000028jHJQAY","0","Gateway_Usage-DAILY-2025_04_12","0128W000000axHn","2025-04-12 10:05:06","0051U0000028jHJQAY","2025-04-12 10:05:06","0051U0000028jHJQAY","2025-04-12 10:05:06","","","0","","","","","","","","","","","","2025-04-12 00:00:00","Saturday","1","1","Gateway_Usage-DAILY-2025_04_12","4","DAILY","14","2025","","1","","","","","","","","",""
"a3HUU0000008O3Z2AU","0051U0000028jHJQAY","0","Gateway_Usage-DAILY-2025_04_13","0128W000000axHn","2025-04-14 10:05:19","0051U0000028jHJQAY","2025-04-14 10:05:19","0051U0000028jHJQAY","2025-04-14 10:05:19","","","0","","","","","","","","","","","","2025-04-13 00:00:00","Sunday","0","0","Gateway_Usage-DAILY-2025_04_13","4","DAILY","15","2025","","0","","","","","","","","",""
"a3HUU0000008O3a2AE","0051U0000028jHJQAY","0","Gateway_Usage-DAILY-2025_04_14","0128W000000axHn","2025-04-14 10:05:19","0051U0000028jHJQAY","2025-04-15 00:14:04","0051U0000028jHJQAY","2025-04-15 00:14:04","","","0","","","","","","","","","","","","2025-04-14 00:00:00","Monday","129","601","Gateway_Usage-DAILY-2025_04_14","4","DAILY","15","2025","","25","","","","","","","","",""
"a3HUU0000008PKb2AM","0051U0000028jHJQAY","0","Gateway_Usage-DAILY-2025_04_15","0128W000000axHn","2025-04-15 10:05:12","0051U0000028jHJQAY","2025-04-15 23:45:34","0051U0000028jHJQAY","2025-04-15 23:45:34","","","0","","","","","","","","","","","","2025-04-15 00:00:00","Tuesday","155","346","Gateway_Usage-DAILY-2025_04_15","4","DAILY","15","2025","","137","","","","","","","","",""
"a3HUU0000008R6H2AU","0051U0000028jHJQAY","0","Gateway_Usage-DAILY-2025_04_16","0128W000000axHn","2025-04-16 10:05:10","0051U0000028jHJQAY","2025-04-16 23:44:56","0051U0000028jHJQAY","2025-04-16 23:44:56","","","0","","","","","","","","","","","","2025-04-16 00:00:00","Wednesday","148","625","Gateway_Usage-DAILY-2025_04_16","4","DAILY","15","2025","","27","","","","","","","","",""
"a3HUU0000008SyP2AU","0051U0000028jHJQAY","0","Gateway_Usage-DAILY-2025_04_17","0128W000000axHn","2025-04-17 10:05:07","0051U0000028jHJQAY","2025-04-17 21:17:39","0051U0000028jHJQAY","2025-04-17 21:17:39","","","0","","","","","","","","","","","","2025-04-17 00:00:00","Thursday","113","114","Gateway_Usage-DAILY-2025_04_17","4","DAILY","15","2025","","19","","","","","","","","",""
"a3HUU0000008UiT2AU","0051U0000028jHJQAY","0","Gateway_Usage-DAILY-2025_04_18","0128W000000axHn","2025-04-18 10:05:51","0051U0000028jHJQAY","2025-04-18 10:17:35","0051U0000028jHJQAY","2025-04-18 10:17:35","","","0","","","","","","","","","","","","2025-04-18 00:00:00","Friday","79","640","Gateway_Usage-DAILY-2025_04_18","4","DAILY","15","2025","","31","","","","","","","","",""
"a3HUU0000008Wh32AE","0051U0000028jHJQAY","0","Gateway_Usage-DAILY-2025_04_19","0128W000000axHn","2025-04-19 10:05:16","0051U0000028jHJQAY","2025-04-19 10:05:16","0051U0000028jHJQAY","2025-04-19 10:05:16","","","0","","","","","","","","","","","","2025-04-19 00:00:00","Saturday","1","3","Gateway_Usage-DAILY-2025_04_19","4","DAILY","15","2025","","0","","","","","","","","",""
"a3HUU0000008XMz2AM","0051U0000028jHJQAY","0","Gateway_Usage-DAILY-2025_04_20","0128W000000axHn","2025-04-21 10:05:11","0051U0000028jHJQAY","2025-04-21 10:05:11","0051U0000028jHJQAY","2025-04-21 10:05:11","","","0","","","","","","","","","","","","2025-04-20 00:00:00","Sunday","0","0","Gateway_Usage-DAILY-2025_04_20","4","DAILY","16","2025","","0","","","","","","","","",""
"a3HUU0000008XN02AM","0051U0000028jHJQAY","0","Gateway_Usage-DAILY-2025_04_21","0128W000000axHn","2025-04-21 10:05:11","0051U0000028jHJQAY","2025-04-21 23:57:19","0051U0000028jHJQAY","2025-04-21 23:57:19","","","0","","","","","","","","","","","","2025-04-21 00:00:00","Monday","147","690","Gateway_Usage-DAILY-2025_04_21","4","DAILY","16","2025","","18","","","","","","","","",""
"a3HUU0000008YHR2A2","0051U0000028jHJQAY","0","Gateway_Usage-DAILY-2025_04_22","0128W000000axHn","2025-04-22 10:05:19","0051U0000028jHJQAY","2025-04-22 23:40:06","0051U0000028jHJQAY","2025-04-22 23:40:06","","","0","","","","","","","","","","","","2025-04-22 00:00:00","Tuesday","77","83","Gateway_Usage-DAILY-2025_04_22","4","DAILY","16","2025","","13","","","","","","","","",""
"a3HUU0000008ZlN2AU","0051U0000028jHJQAY","0","Gateway_Usage-DAILY-2025_04_23","0128W000000axHn","2025-04-23 10:05:16","0051U0000028jHJQAY","2025-04-23 23:58:16","0051U0000028jHJQAY","2025-04-23 23:58:16","","","0","","","","","","","","","","","","2025-04-23 00:00:00","Wednesday","70","75","Gateway_Usage-DAILY-2025_04_23","4","DAILY","16","2025","","26","","","","","","","","",""
"a3HUU0000008bOz2AI","0051U0000028jHJQAY","0","Gateway_Usage-DAILY-2025_04_24","0128W000000axHn","2025-04-24 10:05:16","0051U0000028jHJQAY","2025-04-24 23:56:50","0051U0000028jHJQAY","2025-04-24 23:56:50","","","0","","","","","","","","","","","","2025-04-24 00:00:00","Thursday","124","593","Gateway_Usage-DAILY-2025_04_24","4","DAILY","16","2025","","27","","","","","","","","",""
"a3HUU0000008dQn2AI","0051U0000028jHJQAY","0","Gateway_Usage-DAILY-2025_04_25","0128W000000axHn","2025-04-25 10:05:10","0051U0000028jHJQAY","2025-04-25 23:10:35","0051U0000028jHJQAY","2025-04-25 23:10:35","","","0","","","","","","","","","","","","2025-04-25 00:00:00","Friday","138","695","Gateway_Usage-DAILY-2025_04_25","4","DAILY","16","2025","","40","","","","","","","","",""
"a3HUU0000008fdt2AA","0051U0000028jHJQAY","0","Gateway_Usage-DAILY-2025_04_26","0128W000000axHn","2025-04-28 10:05:12","0051U0000028jHJQAY","2025-04-28 10:05:12","0051U0000028jHJQAY","2025-04-28 10:05:12","","","0","","","","","","","","","","","","2025-04-26 00:00:00","Saturday","0","0","Gateway_Usage-DAILY-2025_04_26","4","DAILY","16","2025","","0","","","","","","","","",""
"a3HUU0000008fdu2AA","0051U0000028jHJQAY","0","Gateway_Usage-DAILY-2025_04_27","0128W000000axHn","2025-04-28 10:05:12","0051U0000028jHJQAY","2025-04-28 10:05:12","0051U0000028jHJQAY","2025-04-28 10:05:12","","","0","","","","","","","","","","","","2025-04-27 00:00:00","Sunday","0","0","Gateway_Usage-DAILY-2025_04_27","4","DAILY","17","2025","","0","","","","","","","","",""
"a3HUU0000008fdv2AA","0051U0000028jHJQAY","0","Gateway_Usage-DAILY-2025_04_28","0128W000000axHn","2025-04-28 10:05:12","0051U0000028jHJQAY","2025-04-29 00:09:19","0051U0000028jHJQAY","2025-04-29 00:09:19","","","0","","","","","","","","","","","","2025-04-28 00:00:00","Monday","154","704","Gateway_Usage-DAILY-2025_04_28","4","DAILY","17","2025","","26","","","","","","","","",""
"a3HUU0000008h1N2AQ","0051U0000028jHJQAY","0","Gateway_Usage-DAILY-2025_04_29","0128W000000axHn","2025-04-29 10:05:12","0051U0000028jHJQAY","2025-04-29 23:57:45","0051U0000028jHJQAY","2025-04-29 23:57:45","","","0","","","","","","","","","","","","2025-04-29 00:00:00","Tuesday","59","63","Gateway_Usage-DAILY-2025_04_29","4","DAILY","17","2025","","13","","","","","","","","",""
"a3HUU0000008i8j2AA","0051U0000028jHJQAY","0","Gateway_Usage-DAILY-2025_04_30","0128W000000axHn","2025-04-30 10:05:11","0051U0000028jHJQAY","2025-05-01 00:08:55","0051U0000028jHJQAY","2025-05-01 00:08:55","","","0","","","","","","","","","","","","2025-04-30 00:00:00","Wednesday","180","650","Gateway_Usage-DAILY-2025_04_30","4","DAILY","17","2025","","239","","","","","","","","",""
"a3HUU0000008jWD2AY","0051U0000028jHJQAY","0","Gateway_Usage-DAILY-2025_05_01","0128W000000axHn","2025-05-01 10:05:08","0051U0000028jHJQAY","2025-05-01 23:41:26","0051U0000028jHJQAY","2025-05-01 23:41:26","","","0","","","","","","","","","","","","2025-05-01 00:00:00","Thursday","129","337","Gateway_Usage-DAILY-2025_05_01","5","DAILY","17","2025","","25","","","","","","","","",""
"a3HUU0000008lHt2AI","0051U0000028jHJQAY","0","Gateway_Usage-DAILY-2025_05_02","0128W000000axHn","2025-05-02 10:05:09","0051U0000028jHJQAY","2025-05-02 23:41:33","0051U0000028jHJQAY","2025-05-02 23:41:33","","","0","","","","","","","","","","","","2025-05-02 00:00:00","Friday","173","705","Gateway_Usage-DAILY-2025_05_02","5","DAILY","17","2025","","73","","","","","","","","",""
"a3HUU0000008mPF2AY","0051U0000028jHJQAY","0","Gateway_Usage-DAILY-2025_05_03","0128W000000axHn","2025-05-03 10:05:16","0051U0000028jHJQAY","2025-05-03 10:05:16","0051U0000028jHJQAY","2025-05-03 10:05:16","","","0","","","","","","","","","","","","2025-05-03 00:00:00","Saturday","1","1","Gateway_Usage-DAILY-2025_05_03","5","DAILY","17","2025","","0","","","","","","","","",""
"a3HUU0000008o9J2AQ","0051U0000028jHJQAY","0","Gateway_Usage-DAILY-2025_05_04","0128W000000axHn","2025-05-05 10:05:08","0051U0000028jHJQAY","2025-05-05 10:05:08","0051U0000028jHJQAY","2025-05-05 10:05:08","","","0","","","","","","","","","","","","2025-05-04 00:00:00","Sunday","0","0","Gateway_Usage-DAILY-2025_05_04","5","DAILY","18","2025","","0","","","","","","","","",""
"a3HUU0000008o9K2AQ","0051U0000028jHJQAY","0","Gateway_Usage-DAILY-2025_05_05","0128W000000axHn","2025-05-05 10:05:08","0051U0000028jHJQAY","2025-05-05 23:49:59","0051U0000028jHJQAY","2025-05-05 23:49:59","","","0","","","","","","","","","","","","2025-05-05 00:00:00","Monday","145","643","Gateway_Usage-DAILY-2025_05_05","5","DAILY","18","2025","","33","","","","","","","","",""
"a3HUU0000008q1R2AQ","0051U0000028jHJQAY","0","Gateway_Usage-DAILY-2025_05_06","0128W000000axHn","2025-05-06 10:05:21","0051U0000028jHJQAY","2025-05-07 00:01:06","0051U0000028jHJQAY","2025-05-07 00:01:06","","","0","","","","","","","","","","","","2025-05-06 00:00:00","Tuesday","75","77","Gateway_Usage-DAILY-2025_05_06","5","DAILY","18","2025","","13","","","","","","","","",""
"a3HUU0000008sZV2AY","0051U0000028jHJQAY","0","Gateway_Usage-DAILY-2025_05_07","0128W000000axHn","2025-05-07 10:05:10","0051U0000028jHJQAY","2025-05-07 23:21:16","0051U0000028jHJQAY","2025-05-07 23:21:16","","","0","","","","","","","","","","","","2025-05-07 00:00:00","Wednesday","57","57","Gateway_Usage-DAILY-2025_05_07","5","DAILY","18","2025","","4","","","","","","","","",""
"a3HUU0000008uzV2AQ","0051U0000028jHJQAY","0","Gateway_Usage-DAILY-2025_05_08","0128W000000axHn","2025-05-08 10:05:16","0051U0000028jHJQAY","2025-05-08 23:38:02","0051U0000028jHJQAY","2025-05-08 23:38:02","","","0","","","","","","","","","","","","2025-05-08 00:00:00","Thursday","108","514","Gateway_Usage-DAILY-2025_05_08","5","DAILY","18","2025","","17","","","","","","","","",""
"a3HUU0000008wgL2AQ","0051U0000028jHJQAY","0","Gateway_Usage-DAILY-2025_05_09","0128W000000axHn","2025-05-09 10:05:16","0051U0000028jHJQAY","2025-05-09 23:56:45","0051U0000028jHJQAY","2025-05-09 23:56:45","","","0","","","","","","","","","","","","2025-05-09 00:00:00","Friday","206","687","Gateway_Usage-DAILY-2025_05_09","5","DAILY","18","2025","","41","","","","","","","","",""
"a3HUU0000008zcb2AA","0051U0000028jHJQAY","0","Gateway_Usage-DAILY-2025_05_10","0128W000000axHn","2025-05-12 10:05:10","0051U0000028jHJQAY","2025-05-12 10:05:10","0051U0000028jHJQAY","2025-05-12 10:05:10","","","0","","","","","","","","","","","","2025-05-10 00:00:00","Saturday","0","0","Gateway_Usage-DAILY-2025_05_10","5","DAILY","18","2025","","0","","","","","","","","",""
"a3HUU0000008zcc2AA","0051U0000028jHJQAY","0","Gateway_Usage-DAILY-2025_05_11","0128W000000axHn","2025-05-12 10:05:10","0051U0000028jHJQAY","2025-05-12 10:05:10","0051U0000028jHJQAY","2025-05-12 10:05:10","","","0","","","","","","","","","","","","2025-05-11 00:00:00","Sunday","0","0","Gateway_Usage-DAILY-2025_05_11","5","DAILY","19","2025","","0","","","","","","","","",""
"a3HUU0000008zcd2AA","0051U0000028jHJQAY","0","Gateway_Usage-DAILY-2025_05_12","0128W000000axHn","2025-05-12 10:05:10","0051U0000028jHJQAY","2025-05-12 23:42:44","0051U0000028jHJQAY","2025-05-12 23:42:44","","","0","","","","","","","","","","","","2025-05-12 00:00:00","Monday","151","593","Gateway_Usage-DAILY-2025_05_12","5","DAILY","19","2025","","28","","","","","","","","",""
"a3HUU00000091sv2AA","0051U0000028jHJQAY","0","Gateway_Usage-DAILY-2025_05_13","0128W000000axHn","2025-05-13 10:05:13","0051U0000028jHJQAY","2025-05-13 23:57:19","0051U0000028jHJQAY","2025-05-13 23:57:19","","","0","","","","","","","","","","","","2025-05-13 00:00:00","Tuesday","74","77","Gateway_Usage-DAILY-2025_05_13","5","DAILY","19","2025","","7","","","","","","","","",""
"a3HUU00000094Sb2AI","0051U0000028jHJQAY","0","Gateway_Usage-DAILY-2025_05_14","0128W000000axHn","2025-05-14 10:05:15","0051U0000028jHJQAY","2025-05-14 23:56:59","0051U0000028jHJQAY","2025-05-14 23:56:59","","","0","","","","","","","","","","","","2025-05-14 00:00:00","Wednesday","74","77","Gateway_Usage-DAILY-2025_05_14","5","DAILY","19","2025","","22","","","","","","","","",""
"a3HUU00000097bl2AA","0051U0000028jHJQAY","0","Gateway_Usage-DAILY-2025_05_15","0128W000000axHn","2025-05-15 10:05:18","0051U0000028jHJQAY","2025-05-15 23:23:50","0051U0000028jHJQAY","2025-05-15 23:23:50","","","0","","","","","","","","","","","","2025-05-15 00:00:00","Thursday","140","539","Gateway_Usage-DAILY-2025_05_15","5","DAILY","19","2025","","109","","","","","","","","",""
"a3HUU0000009Ao92AE","0051U0000028jHJQAY","0","Gateway_Usage-DAILY-2025_05_16","0128W000000axHn","2025-05-16 10:05:09","0051U0000028jHJQAY","2025-05-17 00:04:11","0051U0000028jHJQAY","2025-05-17 00:04:11","","","0","","","","","","","","","","","","2025-05-16 00:00:00","Friday","131","544","Gateway_Usage-DAILY-2025_05_16","5","DAILY","19","2025","","45","","","","","","","","",""
"a3HUU0000009DFl2AM","0051U0000028jHJQAY","0","Gateway_Usage-DAILY-2025_05_17","0128W000000axHn","2025-05-17 10:05:10","0051U0000028jHJQAY","2025-05-17 10:05:17","0051U0000028jHJQAY","2025-05-17 10:05:17","","","0","","","","","","","","","","","","2025-05-17 00:00:00","Saturday","3","4","Gateway_Usage-DAILY-2025_05_17","5","DAILY","19","2025","","4","","","","","","","","",""
"a3HUU0000009DPR2A2","0051U0000028jHJQAY","0","Gateway_Usage-DAILY-2025_05_18","0128W000000axHn","2025-05-18 10:05:14","0051U0000028jHJQAY","2025-05-18 10:05:14","0051U0000028jHJQAY","2025-05-18 10:05:14","","","0","","","","","","","","","","","","2025-05-18 00:00:00","Sunday","1","1","Gateway_Usage-DAILY-2025_05_18","5","DAILY","20","2025","","0","","","","","","","","",""
"a3HUU0000009Ejh2AE","0051U0000028jHJQAY","0","Gateway_Usage-DAILY-2025_05_19","0128W000000axHn","2025-05-19 10:05:17","0051U0000028jHJQAY","2025-05-19 23:51:15","0051U0000028jHJQAY","2025-05-19 23:51:15","","","0","","","","","","","","","","","","2025-05-19 00:00:00","Monday","117","501","Gateway_Usage-DAILY-2025_05_19","5","DAILY","20","2025","","13","","","","","","","","",""
"a3HUU0000009HG92AM","0051U0000028jHJQAY","0","Gateway_Usage-DAILY-2025_05_20","0128W000000axHn","2025-05-20 10:05:15","0051U0000028jHJQAY","2025-05-20 23:21:06","0051U0000028jHJQAY","2025-05-20 23:21:06","","","0","","","","","","","","","","","","2025-05-20 00:00:00","Tuesday","82","106","Gateway_Usage-DAILY-2025_05_20","5","DAILY","20","2025","","40","","","","","","","","",""
"a3HUU0000009IfF2AU","0051U0000028jHJQAY","0","Gateway_Usage-DAILY-2025_05_21","0128W000000axHn","2025-05-21 10:05:13","0051U0000028jHJQAY","2025-05-22 00:01:55","0051U0000028jHJQAY","2025-05-22 00:01:55","","","0","","","","","","","","","","","","2025-05-21 00:00:00","Wednesday","81","89","Gateway_Usage-DAILY-2025_05_21","5","DAILY","20","2025","","17","","","","","","","","",""
"a3HUU0000009LRp2AM","0051U0000028jHJQAY","0","Gateway_Usage-DAILY-2025_05_22","0128W000000axHn","2025-05-22 10:05:12","0051U0000028jHJQAY","2025-05-22 23:46:37","0051U0000028jHJQAY","2025-05-22 23:46:37","","","0","","","","","","","","","","","","2025-05-22 00:00:00","Thursday","108","414","Gateway_Usage-DAILY-2025_05_22","5","DAILY","20","2025","","15","","","","","","","","",""
"a3HUU0000009N8f2AE","0051U0000028jHJQAY","0","Gateway_Usage-DAILY-2025_05_23","0128W000000axHn","2025-05-23 10:05:18","0051U0000028jHJQAY","2025-05-23 23:39:50","0051U0000028jHJQAY","2025-05-23 23:39:50","","","0","","","","","","","","","","","","2025-05-23 00:00:00","Friday","144","572","Gateway_Usage-DAILY-2025_05_23","5","DAILY","20","2025","","58","","","","","","","","",""
"a3HUU0000009QHp2AM","0051U0000028jHJQAY","0","Gateway_Usage-DAILY-2025_05_24","0128W000000axHn","2025-05-26 10:05:20","0051U0000028jHJQAY","2025-05-26 10:05:20","0051U0000028jHJQAY","2025-05-26 10:05:20","","","0","","","","","","","","","","","","2025-05-24 00:00:00","Saturday","0","0","Gateway_Usage-DAILY-2025_05_24","5","DAILY","20","2025","","0","","","","","","","","",""
"a3HUU0000009QHq2AM","0051U0000028jHJQAY","0","Gateway_Usage-DAILY-2025_05_25","0128W000000axHn","2025-05-26 10:05:20","0051U0000028jHJQAY","2025-05-26 10:05:20","0051U0000028jHJQAY","2025-05-26 10:05:20","","","0","","","","","","","","","","","","2025-05-25 00:00:00","Sunday","0","0","Gateway_Usage-DAILY-2025_05_25","5","DAILY","21","2025","","0","","","","","","","","",""
"a3HUU0000009QHr2AM","0051U0000028jHJQAY","0","Gateway_Usage-DAILY-2025_05_26","0128W000000axHn","2025-05-26 10:05:20","0051U0000028jHJQAY","2025-05-26 10:14:07","0051U0000028jHJQAY","2025-05-26 10:14:07","","","0","","","","","","","","","","","","2025-05-26 00:00:00","Monday","64","458","Gateway_Usage-DAILY-2025_05_26","5","DAILY","21","2025","","11","","","","","","","","",""
"a3HUU0000009Qhd2AE","0051U0000028jHJQAY","0","Gateway_Usage-DAILY-2025_05_27","0128W000000axHn","2025-05-27 10:05:12","0051U0000028jHJQAY","2025-05-27 23:31:20","0051U0000028jHJQAY","2025-05-27 23:31:20","","","0","","","","","","","","","","","","2025-05-27 00:00:00","Tuesday","75","76","Gateway_Usage-DAILY-2025_05_27","5","DAILY","21","2025","","13","","","","","","","","",""
"a3HUU0000009UEz2AM","0051U0000028jHJQAY","0","Gateway_Usage-DAILY-2025_05_28","0128W000000axHn","2025-05-28 10:05:18","0051U0000028jHJQAY","2025-05-28 23:56:26","0051U0000028jHJQAY","2025-05-28 23:56:26","","","0","","","","","","","","","","","","2025-05-28 00:00:00","Wednesday","84","98","Gateway_Usage-DAILY-2025_05_28","5","DAILY","21","2025","","25","","","","","","","","",""
"a3HUU0000009WDZ2A2","0051U0000028jHJQAY","0","Gateway_Usage-DAILY-2025_05_29","0128W000000axHn","2025-05-29 10:05:10","0051U0000028jHJQAY","2025-05-29 23:56:53","0051U0000028jHJQAY","2025-05-29 23:56:53","","","0","","","","","","","","","","","","2025-05-29 00:00:00","Thursday","117","429","Gateway_Usage-DAILY-2025_05_29","5","DAILY","21","2025","","34","","","","","","","","",""
"a3HUU0000009XzF2AU","0051U0000028jHJQAY","0","Gateway_Usage-DAILY-2025_05_30","0128W000000axHn","2025-05-30 10:05:18","0051U0000028jHJQAY","2025-05-31 00:01:31","0051U0000028jHJQAY","2025-05-31 00:01:31","","","0","","","","","","","","","","","","2025-05-30 00:00:00","Friday","195","955","Gateway_Usage-DAILY-2025_05_30","5","DAILY","21","2025","","288","","","","","","","","",""
"a3HUU0000009ZwD2AU","0051U0000028jHJQAY","0","Gateway_Usage-DAILY-2025_05_31","0128W000000axHn","2025-05-31 10:05:21","0051U0000028jHJQAY","2025-05-31 10:05:27","0051U0000028jHJQAY","2025-05-31 10:05:27","","","0","","","","","","","","","","","","2025-05-31 00:00:00","Saturday","3","3","Gateway_Usage-DAILY-2025_05_31","5","DAILY","21","2025","","2","","","","","","","","",""
"a3HUU0000009att2AA","0051U0000028jHJQAY","0","Gateway_Usage-DAILY-2025_06_01","0128W000000axHn","2025-06-02 10:05:08","0051U0000028jHJQAY","2025-06-02 10:05:08","0051U0000028jHJQAY","2025-06-02 10:05:08","","","0","","","","","","","","","","","","2025-06-01 00:00:00","Sunday","0","0","Gateway_Usage-DAILY-2025_06_01","6","DAILY","22","2025","","0","","","","","","","","",""
"a3HUU0000009atu2AA","0051U0000028jHJQAY","0","Gateway_Usage-DAILY-2025_06_02","0128W000000axHn","2025-06-02 10:05:08","0051U0000028jHJQAY","2025-06-02 23:58:47","0051U0000028jHJQAY","2025-06-02 23:58:47","","","0","","","","","","","","","","","","2025-06-02 00:00:00","Monday","160","676","Gateway_Usage-DAILY-2025_06_02","6","DAILY","22","2025","","43","","","","","","","","",""
"a3HUU0000009c4T2AQ","0051U0000028jHJQAY","0","Gateway_Usage-DAILY-2025_06_03","0128W000000axHn","2025-06-03 10:05:10","0051U0000028jHJQAY","2025-06-04 00:07:11","0051U0000028jHJQAY","2025-06-04 00:07:11","","","0","","","","","","","","","","","","2025-06-03 00:00:00","Tuesday","90","96","Gateway_Usage-DAILY-2025_06_03","6","DAILY","22","2025","","20","","","","","","","","",""
"a3HUU0000009eKn2AI","0051U0000028jHJQAY","0","Gateway_Usage-DAILY-2025_06_04","0128W000000axHn","2025-06-04 10:05:16","0051U0000028jHJQAY","2025-06-04 23:32:43","0051U0000028jHJQAY","2025-06-04 23:32:43","","","0","","","","","","","","","","","","2025-06-04 00:00:00","Wednesday","67","70","Gateway_Usage-DAILY-2025_06_04","6","DAILY","22","2025","","11","","","","","","","","",""
"a3HUU0000009gCv2AI","0051U0000028jHJQAY","0","Gateway_Usage-DAILY-2025_06_05","0128W000000axHn","2025-06-05 10:05:16","0051U0000028jHJQAY","2025-06-05 23:45:46","0051U0000028jHJQAY","2025-06-05 23:45:46","","","0","","","","","","","","","","","","2025-06-05 00:00:00","Thursday","136","467","Gateway_Usage-DAILY-2025_06_05","6","DAILY","22","2025","","38","","","","","","","","",""
"a3HUU0000009jSX2AY","0051U0000028jHJQAY","0","Gateway_Usage-DAILY-2025_06_06","0128W000000axHn","2025-06-06 10:05:31","0051U0000028jHJQAY","2025-06-07 00:03:34","0051U0000028jHJQAY","2025-06-07 00:03:34","","","0","","","","","","","","","","","","2025-06-06 00:00:00","Friday","154","565","Gateway_Usage-DAILY-2025_06_06","6","DAILY","22","2025","","31","","","","","","","","",""
"a3HUU0000009mGj2AI","0051U0000028jHJQAY","0","Gateway_Usage-DAILY-2025_06_07","0128W000000axHn","2025-06-09 10:05:15","0051U0000028jHJQAY","2025-06-09 10:05:15","0051U0000028jHJQAY","2025-06-09 10:05:15","","","0","","","","","","","","","","","","2025-06-07 00:00:00","Saturday","0","0","Gateway_Usage-DAILY-2025_06_07","6","DAILY","22","2025","","0","","","","","","","","",""
"a3HUU0000009mGk2AI","0051U0000028jHJQAY","0","Gateway_Usage-DAILY-2025_06_08","0128W000000axHn","2025-06-09 10:05:15","0051U0000028jHJQAY","2025-06-09 10:05:15","0051U0000028jHJQAY","2025-06-09 10:05:15","","","0","","","","","","","","","","","","2025-06-08 00:00:00","Sunday","0","0","Gateway_Usage-DAILY-2025_06_08","6","DAILY","23","2025","","0","","","","","","","","",""
"a3HUU0000009mGl2AI","0051U0000028jHJQAY","0","Gateway_Usage-DAILY-2025_06_09","0128W000000axHn","2025-06-09 10:05:15","0051U0000028jHJQAY","2025-06-09 23:01:47","0051U0000028jHJQAY","2025-06-09 23:01:47","","","0","","","","","","","","","","","","2025-06-09 00:00:00","Monday","94","484","Gateway_Usage-DAILY-2025_06_09","6","DAILY","23","2025","","15","","","","","","","","",""
"a3HUU0000009o7F2AQ","0051U0000028jHJQAY","0","Gateway_Usage-DAILY-2025_06_10","0128W000000axHn","2025-06-10 10:05:22","0051U0000028jHJQAY","2025-06-11 00:02:56","0051U0000028jHJQAY","2025-06-11 00:02:56","","","0","","","","","","","","","","","","2025-06-10 00:00:00","Tuesday","80","86","Gateway_Usage-DAILY-2025_06_10","6","DAILY","23","2025","","18","","","","","","","","",""
"a3HUU0000009pbB2AQ","0051U0000028jHJQAY","0","Gateway_Usage-DAILY-2025_06_11","0128W000000axHn","2025-06-11 10:05:23","0051U0000028jHJQAY","2025-06-12 00:11:14","0051U0000028jHJQAY","2025-06-12 00:11:14","","","0","","","","","","","","","","","","2025-06-11 00:00:00","Wednesday","97","98","Gateway_Usage-DAILY-2025_06_11","6","DAILY","23","2025","","10","","","","","","","","",""
"a3HUU0000009s4P2AQ","0051U0000028jHJQAY","0","Gateway_Usage-DAILY-2025_06_12","0128W000000axHn","2025-06-12 10:05:05","0051U0000028jHJQAY","2025-06-13 00:02:54","0051U0000028jHJQAY","2025-06-13 00:02:54","","","0","","","","","","","","","","","","2025-06-12 00:00:00","Thursday","131","411","Gateway_Usage-DAILY-2025_06_12","6","DAILY","23","2025","","28","","","","","","","","",""
"a3HUU0000009ttJ2AQ","0051U0000028jHJQAY","0","Gateway_Usage-DAILY-2025_06_13","0128W000000axHn","2025-06-13 10:05:13","0051U0000028jHJQAY","2025-06-14 00:02:30","0051U0000028jHJQAY","2025-06-14 00:02:30","","","0","","","","","","","","","","","","2025-06-13 00:00:00","Friday","192","681","Gateway_Usage-DAILY-2025_06_13","6","DAILY","23","2025","","120","","","","","","","","",""
"a3HUU0000009vv72AA","0051U0000028jHJQAY","0","Gateway_Usage-DAILY-2025_06_14","0128W000000axHn","2025-06-14 10:05:42","0051U0000028jHJQAY","2025-06-14 10:05:42","0051U0000028jHJQAY","2025-06-14 10:05:42","","","0","","","","","","","","","","","","2025-06-14 00:00:00","Saturday","1","1","Gateway_Usage-DAILY-2025_06_14","6","DAILY","23","2025","","1","","","","","","","","",""
"a3HUU0000009wMX2AY","0051U0000028jHJQAY","0","Gateway_Usage-DAILY-2025_06_15","0128W000000axHn","2025-06-16 10:05:05","0051U0000028jHJQAY","2025-06-16 10:05:05","0051U0000028jHJQAY","2025-06-16 10:05:05","","","0","","","","","","","","","","","","2025-06-15 00:00:00","Sunday","0","0","Gateway_Usage-DAILY-2025_06_15","6","DAILY","24","2025","","0","","","","","","","","",""
"a3HUU0000009wMY2AY","0051U0000028jHJQAY","0","Gateway_Usage-DAILY-2025_06_16","0128W000000axHn","2025-06-16 10:05:05","0051U0000028jHJQAY","2025-06-16 23:49:55","0051U0000028jHJQAY","2025-06-16 23:49:55","","","0","","","","","","","","","","","","2025-06-16 00:00:00","Monday","161","593","Gateway_Usage-DAILY-2025_06_16","6","DAILY","24","2025","","33","","","","","","","","",""
"a3HUU0000009xwv2AA","0051U0000028jHJQAY","0","Gateway_Usage-DAILY-2025_06_17","0128W000000axHn","2025-06-17 10:05:17","0051U0000028jHJQAY","2025-06-17 23:30:06","0051U0000028jHJQAY","2025-06-17 23:30:06","","","0","","","","","","","","","","","","2025-06-17 00:00:00","Tuesday","77","79","Gateway_Usage-DAILY-2025_06_17","6","DAILY","24","2025","","8","","","","","","","","",""
"a3HUU0000009zKP2AY","0051U0000028jHJQAY","0","Gateway_Usage-DAILY-2025_06_18","0128W000000axHn","2025-06-18 10:05:08","0051U0000028jHJQAY","2025-06-18 23:12:15","0051U0000028jHJQAY","2025-06-18 23:12:15","","","0","","","","","","","","","","","","2025-06-18 00:00:00","Wednesday","113","177","Gateway_Usage-DAILY-2025_06_18","6","DAILY","24","2025","","37","","","","","","","","",""
"a3HUU000000A1Vt2AK","0051U0000028jHJQAY","0","Gateway_Usage-DAILY-2025_06_19","0128W000000axHn","2025-06-19 10:05:30","0051U0000028jHJQAY","2025-06-19 23:47:50","0051U0000028jHJQAY","2025-06-19 23:47:50","","","0","","","","","","","","","","","","2025-06-19 00:00:00","Thursday","111","413","Gateway_Usage-DAILY-2025_06_19","6","DAILY","24","2025","","14","","","","","","","","",""
"a3HUU000000A3mD2AS","0051U0000028jHJQAY","0","Gateway_Usage-DAILY-2025_06_20","0128W000000axHn","2025-06-20 10:05:14","0051U0000028jHJQAY","2025-06-20 21:45:22","0051U0000028jHJQAY","2025-06-20 21:45:22","","","0","","","","","","","","","","","","2025-06-20 00:00:00","Friday","86","528","Gateway_Usage-DAILY-2025_06_20","6","DAILY","24","2025","","40","","","","","","","","",""
"a3HUU000000A5eL2AS","0051U0000028jHJQAY","0","Gateway_Usage-DAILY-2025_06_21","0128W000000axHn","2025-06-23 10:05:14","0051U0000028jHJQAY","2025-06-23 10:05:14","0051U0000028jHJQAY","2025-06-23 10:05:14","","","0","","","","","","","","","","","","2025-06-21 00:00:00","Saturday","0","0","Gateway_Usage-DAILY-2025_06_21","6","DAILY","24","2025","","0","","","","","","","","",""
"a3HUU000000A5eM2AS","0051U0000028jHJQAY","0","Gateway_Usage-DAILY-2025_06_22","0128W000000axHn","2025-06-23 10:05:14","0051U0000028jHJQAY","2025-06-23 10:05:14","0051U0000028jHJQAY","2025-06-23 10:05:14","","","0","","","","","","","","","","","","2025-06-22 00:00:00","Sunday","0","0","Gateway_Usage-DAILY-2025_06_22","6","DAILY","25","2025","","0","","","","","","","","",""
"a3HUU000000A5eN2AS","0051U0000028jHJQAY","0","Gateway_Usage-DAILY-2025_06_23","0128W000000axHn","2025-06-23 10:05:14","0051U0000028jHJQAY","2025-06-23 23:38:54","0051U0000028jHJQAY","2025-06-23 23:38:54","","","0","","","","","","","","","","","","2025-06-23 00:00:00","Monday","137","566","Gateway_Usage-DAILY-2025_06_23","6","DAILY","25","2025","","29","","","","","","","","",""
"a3HUU000000A6fF2AS","0051U0000028jHJQAY","0","Gateway_Usage-DAILY-2025_06_24","0128W000000axHn","2025-06-24 10:05:20","0051U0000028jHJQAY","2025-06-24 18:15:16","0051U0000028jHJQAY","2025-06-24 18:15:16","","","0","","","","","","","","","","","","2025-06-24 00:00:00","Tuesday","11","13","Gateway_Usage-DAILY-2025_06_24","6","DAILY","25","2025","","8","","","","","","","","",""
"a3HUU000000A7zV2AS","0051U0000028jHJQAY","0","Gateway_Usage-DAILY-2025_06_25","0128W000000axHn","2025-06-25 10:05:20","0051U0000028jHJQAY","2025-06-25 22:43:55","0051U0000028jHJQAY","2025-06-25 22:43:55","","","0","","","","","","","","","","","","2025-06-25 00:00:00","Wednesday","23","32","Gateway_Usage-DAILY-2025_06_25","6","DAILY","25","2025","","19","","","","","","","","",""
"a3HUU000000A9QD2A0","0051U0000028jHJQAY","0","Gateway_Usage-DAILY-2025_06_26","0128W000000axHn","2025-06-26 10:05:13","0051U0000028jHJQAY","2025-06-26 20:22:36","0051U0000028jHJQAY","2025-06-26 20:22:36","","","0","","","","","","","","","","","","2025-06-26 00:00:00","Thursday","81","494","Gateway_Usage-DAILY-2025_06_26","6","DAILY","25","2025","","18","","","","","","","","",""
"a3HUU000000AAR72AO","0051U0000028jHJQAY","0","Gateway_Usage-DAILY-2025_06_27","0128W000000axHn","2025-06-27 10:05:09","0051U0000028jHJQAY","2025-06-27 21:47:44","0051U0000028jHJQAY","2025-06-27 21:47:44","","","0","","","","","","","","","","","","2025-06-27 00:00:00","Friday","135","869","Gateway_Usage-DAILY-2025_06_27","6","DAILY","25","2025","","288","","","","","","","","",""
"a3HUU000000ACJF2A4","0051U0000028jHJQAY","0","Gateway_Usage-DAILY-2025_06_28","0128W000000axHn","2025-06-30 10:05:09","0051U0000028jHJQAY","2025-06-30 10:05:09","0051U0000028jHJQAY","2025-06-30 10:05:09","","","0","","","","","","","","","","","","2025-06-28 00:00:00","Saturday","0","0","Gateway_Usage-DAILY-2025_06_28","6","DAILY","25","2025","","0","","","","","","","","",""
"a3HUU000000ACJG2A4","0051U0000028jHJQAY","0","Gateway_Usage-DAILY-2025_06_29","0128W000000axHn","2025-06-30 10:05:09","0051U0000028jHJQAY","2025-06-30 10:05:09","0051U0000028jHJQAY","2025-06-30 10:05:09","","","0","","","","","","","","","","","","2025-06-29 00:00:00","Sunday","0","0","Gateway_Usage-DAILY-2025_06_29","6","DAILY","26","2025","","0","","","","","","","","",""
"a3HUU000000ACJH2A4","0051U0000028jHJQAY","0","Gateway_Usage-DAILY-2025_06_30","0128W000000axHn","2025-06-30 10:05:09","0051U0000028jHJQAY","2025-07-01 00:03:52","0051U0000028jHJQAY","2025-07-01 00:03:52","","","0","","","","","","","","","","","","2025-06-30 00:00:00","Monday","106","201","Gateway_Usage-DAILY-2025_06_30","6","DAILY","26","2025","","37","","","","","","","","",""
"a3HUU000000ADon2AG","0051U0000028jHJQAY","0","Gateway_Usage-DAILY-2025_07_01","0128W000000axHn","2025-07-01 10:05:07","0051U0000028jHJQAY","2025-07-02 00:08:54","0051U0000028jHJQAY","2025-07-02 00:08:54","","","0","","","","","","","","","","","","2025-07-01 00:00:00","Tuesday","120","359","Gateway_Usage-DAILY-2025_07_01","7","DAILY","26","2025","","27","","","","","","","","",""
"a3HUU000000AFXF2A4","0051U0000028jHJQAY","0","Gateway_Usage-DAILY-2025_07_02","0128W000000axHn","2025-07-02 10:05:10","0051U0000028jHJQAY","2025-07-02 21:51:40","0051U0000028jHJQAY","2025-07-02 21:51:40","","","0","","","","","","","","","","","","2025-07-02 00:00:00","Wednesday","70","72","Gateway_Usage-DAILY-2025_07_02","7","DAILY","26","2025","","11","","","","","","","","",""
"a3HUU000000AGwL2AW","0051U0000028jHJQAY","0","Gateway_Usage-DAILY-2025_07_03","0128W000000axHn","2025-07-03 10:05:18","0051U0000028jHJQAY","2025-07-03 23:54:33","0051U0000028jHJQAY","2025-07-03 23:54:33","","","0","","","","","","","","","","","","2025-07-03 00:00:00","Thursday","122","262","Gateway_Usage-DAILY-2025_07_03","7","DAILY","26","2025","","69","","","","","","","","",""
"a3HUU000000AI3h2AG","0051U0000028jHJQAY","0","Gateway_Usage-DAILY-2025_07_04","0128W000000axHn","2025-07-04 10:05:41","0051U0000028jHJQAY","2025-07-04 11:02:39","0051U0000028jHJQAY","2025-07-04 11:02:39","","","0","","","","","","","","","","","","2025-07-04 00:00:00","Friday","46","390","Gateway_Usage-DAILY-2025_07_04","7","DAILY","26","2025","","15","","","","","","","","",""
"a3HUU000000AIV72AO","0051U0000028jHJQAY","0","Gateway_Usage-DAILY-2025_07_05","0128W000000axHn","2025-07-05 10:05:12","0051U0000028jHJQAY","2025-07-05 10:05:12","0051U0000028jHJQAY","2025-07-05 10:05:12","","","0","","","","","","","","","","","","2025-07-05 00:00:00","Saturday","1","1","Gateway_Usage-DAILY-2025_07_05","7","DAILY","26","2025","","1","","","","","","","","",""
"a3HUU000000AJSn2AO","0051U0000028jHJQAY","0","Gateway_Usage-DAILY-2025_07_06","0128W000000axHn","2025-07-07 10:05:12","0051U0000028jHJQAY","2025-07-07 10:05:12","0051U0000028jHJQAY","2025-07-07 10:05:12","","","0","","","","","","","","","","","","2025-07-06 00:00:00","Sunday","0","0","Gateway_Usage-DAILY-2025_07_06","7","DAILY","27","2025","","0","","","","","","","","",""
"a3HUU000000AJSo2AO","0051U0000028jHJQAY","0","Gateway_Usage-DAILY-2025_07_07","0128W000000axHn","2025-07-07 10:05:12","0051U0000028jHJQAY","2025-07-08 00:08:55","0051U0000028jHJQAY","2025-07-08 00:08:55","","","0","","","","","","","","","","","","2025-07-07 00:00:00","Monday","115","456","Gateway_Usage-DAILY-2025_07_07","7","DAILY","27","2025","","9","","","","","","","","",""
"a3HUU000000AKwj2AG","0051U0000028jHJQAY","0","Gateway_Usage-DAILY-2025_07_08","0128W000000axHn","2025-07-08 10:05:09","0051U0000028jHJQAY","2025-07-09 00:00:48","0051U0000028jHJQAY","2025-07-09 00:00:48","","","0","","","","","","","","","","","","2025-07-08 00:00:00","Tuesday","70","74","Gateway_Usage-DAILY-2025_07_08","7","DAILY","27","2025","","8","","","","","","","","",""
"a3HUU000000AMaL2AW","0051U0000028jHJQAY","0","Gateway_Usage-DAILY-2025_07_09","0128W000000axHn","2025-07-09 10:05:17","0051U0000028jHJQAY","2025-07-09 23:29:34","0051U0000028jHJQAY","2025-07-09 23:29:34","","","0","","","","","","","","","","","","2025-07-09 00:00:00","Wednesday","40","41","Gateway_Usage-DAILY-2025_07_09","7","DAILY","27","2025","","1","","","","","","","","",""
"a3HUU000000AOPF2A4","0051U0000028jHJQAY","0","Gateway_Usage-DAILY-2025_07_10","0128W000000axHn","2025-07-10 10:05:31","0051U0000028jHJQAY","2025-07-10 23:07:36","0051U0000028jHJQAY","2025-07-10 23:07:36","","","0","","","","","","","","","","","","2025-07-10 00:00:00","Thursday","57","355","Gateway_Usage-DAILY-2025_07_10","7","DAILY","27","2025","","0","","","","","","","","",""
"a3HUU000000ASEL2A4","0051U0000028jHJQAY","0","Gateway_Usage-DAILY-2025_07_11","0128W000000axHn","2025-07-11 10:00:33","0051U0000028jHJQAY","2025-07-11 23:23:30","0051U0000028jHJQAY","2025-07-11 23:23:30","","","0","","","","","","","","","","","","2025-07-11 00:00:00","Friday","79","435","Gateway_Usage-DAILY-2025_07_11","7","DAILY","27","2025","","8","","","","","","","","",""
"a3HUU000000AUT32AO","0051U0000028jHJQAY","0","Gateway_Usage-DAILY-2025_07_12","0128W000000axHn","2025-07-14 14:11:09","0051U0000028jHJQAY","2025-07-14 14:11:09","0051U0000028jHJQAY","2025-07-14 14:11:09","","","0","","","","","","","","","","","","2025-07-12 00:00:00","Saturday","0","0","Gateway_Usage-DAILY-2025_07_12","7","DAILY","27","2025","","0","","","","","","","","",""
"a3HUU000000AUT42AO","0051U0000028jHJQAY","0","Gateway_Usage-DAILY-2025_07_13","0128W000000axHn","2025-07-14 14:11:09","0051U0000028jHJQAY","2025-07-14 14:11:09","0051U0000028jHJQAY","2025-07-14 14:11:09","","","0","","","","","","","","","","","","2025-07-13 00:00:00","Sunday","0","0","Gateway_Usage-DAILY-2025_07_13","7","DAILY","28","2025","","0","","","","","","","","",""
"a3HUU000000AUT52AO","0051U0000028jHJQAY","0","Gateway_Usage-DAILY-2025_07_14","0128W000000axHn","2025-07-14 14:11:09","0051U0000028jHJQAY","2025-07-14 23:02:48","0051U0000028jHJQAY","2025-07-14 23:02:48","","","0","","","","","","","","","","","","2025-07-14 00:00:00","Monday","14","14","Gateway_Usage-DAILY-2025_07_14","7","DAILY","28","2025","","1","","","","","","","","",""
"a3HUU000000AW3R2AW","0051U0000028jHJQAY","0","Gateway_Usage-DAILY-2025_07_15","0128W000000axHn","2025-07-15 16:55:22","0051U0000028jHJQAY","2025-07-15 22:51:34","0051U0000028jHJQAY","2025-07-15 22:51:34","","","0","","","","","","","","","","","","2025-07-15 00:00:00","Tuesday","17","17","Gateway_Usage-DAILY-2025_07_15","7","DAILY","28","2025","","4","","","","","","","","",""
"a3HUU000000AXyn2AG","0051U0000028jHJQAY","0","Gateway_Usage-DAILY-2025_07_16","0128W000000axHn","2025-07-16 10:00:19","0051U0000028jHJQAY","2025-07-16 22:44:00","0051U0000028jHJQAY","2025-07-16 22:44:00","","","0","","","","","","","","","","","","2025-07-16 00:00:00","Wednesday","64","390","Gateway_Usage-DAILY-2025_07_16","7","DAILY","28","2025","","4","","","","","","","","",""
"a3HUU000000AZsX2AW","0051U0000028jHJQAY","0","Gateway_Usage-DAILY-2025_07_17","0128W000000axHn","2025-07-17 13:42:38","0051U0000028jHJQAY","2025-07-17 22:39:21","0051U0000028jHJQAY","2025-07-17 22:39:21","","","0","","","","","","","","","","","","2025-07-17 00:00:00","Thursday","33","33","Gateway_Usage-DAILY-2025_07_17","7","DAILY","28","2025","","3","","","","","","","","",""
"a3HUU000000AbXl2AK","0051U0000028jHJQAY","0","Gateway_Usage-DAILY-2025_07_18","0128W000000axHn","2025-07-18 12:56:20","0051U0000028jHJQAY","2025-07-18 21:37:49","0051U0000028jHJQAY","2025-07-18 21:37:49","","","0","","","","","","","","","","","","2025-07-18 00:00:00","Friday","99","761","Gateway_Usage-DAILY-2025_07_18","7","DAILY","28","2025","","154","","","","","","","","",""
"a3HUU000000AcYf2AK","0051U0000028jHJQAY","0","Gateway_Usage-DAILY-2025_07_19","0128W000000axHn","2025-07-19 15:20:10","0051U0000028jHJQAY","2025-07-19 15:20:52","0051U0000028jHJQAY","2025-07-19 15:20:52","","","0","","","","","","","","","","","","2025-07-19 00:00:00","Saturday","6","33","Gateway_Usage-DAILY-2025_07_19","7","DAILY","28","2025","","1","","","","","","","","",""
"a3HUU000000AdWL2A0","0051U0000028jHJQAY","0","Gateway_Usage-DAILY-2025_07_20","0128W000000axHn","2025-07-21 11:34:12","0051U0000028jHJQAY","2025-07-21 11:34:12","0051U0000028jHJQAY","2025-07-21 11:34:12","","","0","","","","","","","","","","","","2025-07-20 00:00:00","Sunday","0","0","Gateway_Usage-DAILY-2025_07_20","7","DAILY","29","2025","","0","","","","","","","","",""
"a3HUU000000AdWM2A0","0051U0000028jHJQAY","0","Gateway_Usage-DAILY-2025_07_21","0128W000000axHn","2025-07-21 11:34:12","0051U0000028jHJQAY","2025-07-22 01:44:49","0051U0000028jHJQAY","2025-07-22 01:44:49","","","0","","","","","","","","","","","","2025-07-21 00:00:00","Monday","111","623","Gateway_Usage-DAILY-2025_07_21","7","DAILY","29","2025","","24","","","","","","","","",""
"a3HUU000000Afmf2AC","0051U0000028jHJQAY","0","Gateway_Usage-DAILY-2025_07_22","0128W000000axHn","2025-07-22 10:00:39","0051U0000028jHJQAY","2025-07-22 22:59:08","0051U0000028jHJQAY","2025-07-22 22:59:08","","","0","","","","","","","","","","","","2025-07-22 00:00:00","Tuesday","50","77","Gateway_Usage-DAILY-2025_07_22","7","DAILY","29","2025","","11","","","","","","","","",""
"a3HUU000000AjVJ2A0","0051U0000028jHJQAY","0","Gateway_Usage-DAILY-2025_07_23","0128W000000axHn","2025-07-23 10:00:35","0051U0000028jHJQAY","2025-07-24 00:09:09","0051U0000028jHJQAY","2025-07-24 00:09:09","","","0","","","","","","","","","","","","2025-07-23 00:00:00","Wednesday","77","83","Gateway_Usage-DAILY-2025_07_23","7","DAILY","29","2025","","17","","","","","","","","",""
"a3HUU000000AmUn2AK","0051U0000028jHJQAY","0","Gateway_Usage-DAILY-2025_07_24","0128W000000axHn","2025-07-24 07:18:32","0051U0000028jHJQAY","2025-07-24 23:22:43","0051U0000028jHJQAY","2025-07-24 23:22:43","","","0","","","","","","","","","","","","2025-07-24 00:00:00","Thursday","84","295","Gateway_Usage-DAILY-2025_07_24","7","DAILY","29","2025","","17","","","","","","","","",""
"a3HUU000000Ap7h2AC","0051U0000028jHJQAY","0","Gateway_Usage-DAILY-2025_07_25","0128W000000axHn","2025-07-25 10:00:15","0051U0000028jHJQAY","2025-07-25 10:08:27","0051U0000028jHJQAY","2025-07-25 10:08:27","","","0","","","","","","","","","","","","2025-07-25 00:00:00","Friday","41","367","Gateway_Usage-DAILY-2025_07_25","7","DAILY","29","2025","","33","","","","","","","","",""
"a3HUU000000Ar6H2AS","0051U0000028jHJQAY","0","Gateway_Usage-DAILY-2025_07_26","0128W000000axHn","2025-07-26 10:00:39","0051U0000028jHJQAY","2025-07-26 10:00:39","0051U0000028jHJQAY","2025-07-26 10:00:39","","","0","","","","","","","","","","","","2025-07-26 00:00:00","Saturday","1","1","Gateway_Usage-DAILY-2025_07_26","7","DAILY","29","2025","","1","","","","","","","","",""
"a3HUU000000AsK52AK","0051U0000028jHJQAY","0","Gateway_Usage-DAILY-2025_07_27","0128W000000axHn","2025-07-28 10:00:28","0051U0000028jHJQAY","2025-07-28 10:00:28","0051U0000028jHJQAY","2025-07-28 10:00:28","","","0","","","","","","","","","","","","2025-07-27 00:00:00","Sunday","0","0","Gateway_Usage-DAILY-2025_07_27","7","DAILY","30","2025","","0","","","","","","","","",""
"a3HUU000000AsK62AK","0051U0000028jHJQAY","0","Gateway_Usage-DAILY-2025_07_28","0128W000000axHn","2025-07-28 10:00:28","0051U0000028jHJQAY","2025-07-28 23:54:05","0051U0000028jHJQAY","2025-07-28 23:54:05","","","0","","","","","","","","","","","","2025-07-28 00:00:00","Monday","120","436","Gateway_Usage-DAILY-2025_07_28","7","DAILY","30","2025","","22","","","","","","","","",""
"a3HUU000000AuqX2AS","0051U0000028jHJQAY","0","Gateway_Usage-DAILY-2025_07_29","0128W000000axHn","2025-07-29 10:00:26","0051U0000028jHJQAY","2025-07-29 23:51:16","0051U0000028jHJQAY","2025-07-29 23:51:16","","","0","","","","","","","","","","","","2025-07-29 00:00:00","Tuesday","88","96","Gateway_Usage-DAILY-2025_07_29","7","DAILY","30","2025","","15","","","","","","","","",""
"a3HUU000000Axq12AC","0051U0000028jHJQAY","0","Gateway_Usage-DAILY-2025_07_30","0128W000000axHn","2025-07-30 10:00:31","0051U0000028jHJQAY","2025-07-31 00:10:01","0051U0000028jHJQAY","2025-07-31 00:10:01","","","0","","","","","","","","","","","","2025-07-30 00:00:00","Wednesday","140","527","Gateway_Usage-DAILY-2025_07_30","7","DAILY","30","2025","","213","","","","","","","","",""
"a3HUU000000B0EP2A0","0051U0000028jHJQAY","0","Gateway_Usage-DAILY-2025_07_31","0128W000000axHn","2025-07-31 10:00:23","0051U0000028jHJQAY","2025-07-31 23:49:00","0051U0000028jHJQAY","2025-07-31 23:49:00","","","0","","","","","","","","","","","","2025-07-31 00:00:00","Thursday","124","375","Gateway_Usage-DAILY-2025_07_31","7","DAILY","30","2025","","22","","","","","","","","",""
"a3HUU000000B37R2AS","0051U0000028jHJQAY","0","Gateway_Usage-DAILY-2025_08_01","0128W000000axHn","2025-08-01 10:00:22","0051U0000028jHJQAY","2025-08-02 00:01:38","0051U0000028jHJQAY","2025-08-02 00:01:38","","","0","","","","","","","","","","","","2025-08-01 00:00:00","Friday","135","655","Gateway_Usage-DAILY-2025_08_01","8","DAILY","30","2025","","66","","","","","","","","",""
"a3HUU000000B4cz2AC","0051U0000028jHJQAY","0","Gateway_Usage-DAILY-2025_08_02","0128W000000axHn","2025-08-02 10:00:37","0051U0000028jHJQAY","2025-08-02 10:00:42","0051U0000028jHJQAY","2025-08-02 10:00:42","","","0","","","","","","","","","","","","2025-08-02 00:00:00","Saturday","2","3","Gateway_Usage-DAILY-2025_08_02","8","DAILY","30","2025","","1","","","","","","","","",""
"a3HUU000000B5vd2AC","0051U0000028jHJQAY","0","Gateway_Usage-DAILY-2025_08_03","0128W000000axHn","2025-08-04 10:00:32","0051U0000028jHJQAY","2025-08-04 10:00:32","0051U0000028jHJQAY","2025-08-04 10:00:32","","","0","","","","","","","","","","","","2025-08-03 00:00:00","Sunday","0","0","Gateway_Usage-DAILY-2025_08_03","8","DAILY","31","2025","","0","","","","","","","","",""
"a3HUU000000B5ve2AC","0051U0000028jHJQAY","0","Gateway_Usage-DAILY-2025_08_04","0128W000000axHn","2025-08-04 10:00:32","0051U0000028jHJQAY","2025-08-04 20:31:59","0051U0000028jHJQAY","2025-08-04 20:31:59","","","0","","","","","","","","","","","","2025-08-04 00:00:00","Monday","70","548","Gateway_Usage-DAILY-2025_08_04","8","DAILY","31","2025","","21","","","","","","","","",""
"a3HUU000000B7nl2AC","0051U0000028jHJQAY","0","Gateway_Usage-DAILY-2025_08_05","0128W000000axHn","2025-08-05 10:00:28","0051U0000028jHJQAY","2025-08-05 22:37:08","0051U0000028jHJQAY","2025-08-05 22:37:08","","","0","","","","","","","","","","","","2025-08-05 00:00:00","Tuesday","22","34","Gateway_Usage-DAILY-2025_08_05","8","DAILY","31","2025","","20","","","","","","","","",""
"a3HUU000000BAVV2A4","0051U0000028jHJQAY","0","Gateway_Usage-DAILY-2025_08_06","0128W000000axHn","2025-08-06 10:02:10","0051U0000028jHJQAY","2025-08-06 23:25:06","0051U0000028jHJQAY","2025-08-06 23:25:06","","","0","","","","","","","","","","","","2025-08-06 00:00:00","Wednesday","48","54","Gateway_Usage-DAILY-2025_08_06","8","DAILY","31","2025","","31","","","","","","","","",""
"a3HUU000000BCaX2AW","0051U0000028jHJQAY","0","Gateway_Usage-DAILY-2025_08_07","0128W000000axHn","2025-08-07 10:00:21","0051U0000028jHJQAY","2025-08-07 22:00:18","0051U0000028jHJQAY","2025-08-07 22:00:18","","","0","","","","","","","","","","","","2025-08-07 00:00:00","Thursday","65","527","Gateway_Usage-DAILY-2025_08_07","8","DAILY","31","2025","","20","","","","","","","","",""
"a3HUU000000BEPR2A4","0051U0000028jHJQAY","0","Gateway_Usage-DAILY-2025_08_08","0128W000000axHn","2025-08-08 10:00:22","0051U0000028jHJQAY","2025-08-08 22:08:27","0051U0000028jHJQAY","2025-08-08 22:08:27","","","0","","","","","","","","","","","","2025-08-08 00:00:00","Friday","80","568","Gateway_Usage-DAILY-2025_08_08","8","DAILY","31","2025","","33","","","","","","","","",""
"a3HUU000000BHdR2AW","0051U0000028jHJQAY","0","Gateway_Usage-DAILY-2025_08_09","0128W000000axHn","2025-08-11 10:00:30","0051U0000028jHJQAY","2025-08-11 10:00:30","0051U0000028jHJQAY","2025-08-11 10:00:30","","","0","","","","","","","","","","","","2025-08-09 00:00:00","Saturday","0","0","Gateway_Usage-DAILY-2025_08_09","8","DAILY","31","2025","","0","","","","","","","","",""
"a3HUU000000BHdS2AW","0051U0000028jHJQAY","0","Gateway_Usage-DAILY-2025_08_10","0128W000000axHn","2025-08-11 10:00:30","0051U0000028jHJQAY","2025-08-11 10:00:30","0051U0000028jHJQAY","2025-08-11 10:00:30","","","0","","","","","","","","","","","","2025-08-10 00:00:00","Sunday","0","0","Gateway_Usage-DAILY-2025_08_10","8","DAILY","32","2025","","0","","","","","","","","",""
"a3HUU000000BHdT2AW","0051U0000028jHJQAY","0","Gateway_Usage-DAILY-2025_08_11","0128W000000axHn","2025-08-11 10:00:30","0051U0000028jHJQAY","2025-08-11 21:43:45","0051U0000028jHJQAY","2025-08-11 21:43:45","","","0","","","","","","","","","","","","2025-08-11 00:00:00","Monday","68","534","Gateway_Usage-DAILY-2025_08_11","8","DAILY","32","2025","","16","","","","","","","","",""
"a3HUU000000BKGL2A4","0051U0000028jHJQAY","0","Gateway_Usage-DAILY-2025_08_12","0128W000000axHn","2025-08-12 10:00:27","0051U0000028jHJQAY","2025-08-12 22:10:50","0051U0000028jHJQAY","2025-08-12 22:10:50","","","0","","","","","","","","","","","","2025-08-12 00:00:00","Tuesday","21","29","Gateway_Usage-DAILY-2025_08_12","8","DAILY","32","2025","","12","","","","","","","","",""
"a3HUU000000BMd72AG","0051U0000028jHJQAY","0","Gateway_Usage-DAILY-2025_08_13","0128W000000axHn","2025-08-13 10:00:24","0051U0000028jHJQAY","2025-08-13 20:59:27","0051U0000028jHJQAY","2025-08-13 20:59:27","","","0","","","","","","","","","","","","2025-08-13 00:00:00","Wednesday","18","21","Gateway_Usage-DAILY-2025_08_13","8","DAILY","32","2025","","11","","","","","","","","",""
"a3HUU000000BP7x2AG","0051U0000028jHJQAY","0","Gateway_Usage-DAILY-2025_08_14","0128W000000axHn","2025-08-14 10:00:24","0051U0000028jHJQAY","2025-08-14 20:28:32","0051U0000028jHJQAY","2025-08-14 20:28:32","","","0","","","","","","","","","","","","2025-08-14 00:00:00","Thursday","70","526","Gateway_Usage-DAILY-2025_08_14","8","DAILY","32","2025","","22","","","","","","","","",""
"a3HUU000000BRzN2AW","0051U0000028jHJQAY","0","Gateway_Usage-DAILY-2025_08_15","0128W000000axHn","2025-08-15 10:00:28","0051U0000028jHJQAY","2025-08-15 22:26:16","0051U0000028jHJQAY","2025-08-15 22:26:16","","","0","","","","","","","","","","","","2025-08-15 00:00:00","Friday","91","668","Gateway_Usage-DAILY-2025_08_15","8","DAILY","32","2025","","91","","","","","","","","",""
"a3HUU000000BUkL2AW","0051U0000028jHJQAY","0","Gateway_Usage-DAILY-2025_08_16","0128W000000axHn","2025-08-16 10:00:46","0051U0000028jHJQAY","2025-08-16 10:00:46","0051U0000028jHJQAY","2025-08-16 10:00:46","","","0","","","","","","","","","","","","2025-08-16 00:00:00","Saturday","1","2","Gateway_Usage-DAILY-2025_08_16","8","DAILY","32","2025","","2","","","","","","","","",""
"a3HUU000000BW6D2AW","0051U0000028jHJQAY","0","Gateway_Usage-DAILY-2025_08_17","0128W000000axHn","2025-08-18 10:00:21","0051U0000028jHJQAY","2025-08-18 10:00:21","0051U0000028jHJQAY","2025-08-18 10:00:21","","","0","","","","","","","","","","","","2025-08-17 00:00:00","Sunday","0","0","Gateway_Usage-DAILY-2025_08_17","8","DAILY","33","2025","","0","","","","","","","","",""
"a3HUU000000BW6E2AW","0051U0000028jHJQAY","0","Gateway_Usage-DAILY-2025_08_18","0128W000000axHn","2025-08-18 10:00:21","0051U0000028jHJQAY","2025-08-19 01:34:50","0051U0000028jHJQAY","2025-08-19 01:34:50","","","0","","","","","","","","","","","","2025-08-18 00:00:00","Monday","108","619","Gateway_Usage-DAILY-2025_08_18","8","DAILY","33","2025","","27","","","","","","","","",""
"a3HUU000000BYRN2A4","0051U0000028jHJQAY","0","Gateway_Usage-DAILY-2025_08_19","0128W000000axHn","2025-08-19 10:00:29","0051U0000028jHJQAY","2025-08-20 00:05:25","0051U0000028jHJQAY","2025-08-20 00:05:25","","","0","","","","","","","","","","","","2025-08-19 00:00:00","Tuesday","22","23","Gateway_Usage-DAILY-2025_08_19","8","DAILY","33","2025","","7","","","","","","","","",""
"a3HUU000000Bao92AC","0051U0000028jHJQAY","0","Gateway_Usage-DAILY-2025_08_20","0128W000000axHn","2025-08-20 10:00:21","0051U0000028jHJQAY","2025-08-21 00:15:04","0051U0000028jHJQAY","2025-08-21 00:15:04","","","0","","","","","","","","","","","","2025-08-20 00:00:00","Wednesday","104","135","Gateway_Usage-DAILY-2025_08_20","8","DAILY","33","2025","","34","","","","","","","","",""
"a3HUU000000BdVt2AK","0051U0000028jHJQAY","0","Gateway_Usage-DAILY-2025_08_21","0128W000000axHn","2025-08-21 10:00:31","0051U0000028jHJQAY","2025-08-22 00:08:19","0051U0000028jHJQAY","2025-08-22 00:08:19","","","0","","","","","","","","","","","","2025-08-21 00:00:00","Thursday","141","557","Gateway_Usage-DAILY-2025_08_21","8","DAILY","33","2025","","23","","","","","","","","",""
"a3HUU000000BgiH2AS","0051U0000028jHJQAY","0","Gateway_Usage-DAILY-2025_08_22","0128W000000axHn","2025-08-22 10:00:26","0051U0000028jHJQAY","2025-08-23 00:02:18","0051U0000028jHJQAY","2025-08-23 00:02:18","","","0","","","","","","","","","","","","2025-08-22 00:00:00","Friday","152","666","Gateway_Usage-DAILY-2025_08_22","8","DAILY","33","2025","","41","","","","","","","","",""
"a3HUU000000BjLB2A0","0051U0000028jHJQAY","0","Gateway_Usage-DAILY-2025_08_23","0128W000000axHn","2025-08-25 10:00:13","0051U0000028jHJQAY","2025-08-25 10:00:13","0051U0000028jHJQAY","2025-08-25 10:00:13","","","0","","","","","","","","","","","","2025-08-23 00:00:00","Saturday","0","0","Gateway_Usage-DAILY-2025_08_23","8","DAILY","33","2025","","0","","","","","","","","",""
"a3HUU000000BjLC2A0","0051U0000028jHJQAY","0","Gateway_Usage-DAILY-2025_08_24","0128W000000axHn","2025-08-25 10:00:13","0051U0000028jHJQAY","2025-08-25 10:00:13","0051U0000028jHJQAY","2025-08-25 10:00:13","","","0","","","","","","","","","","","","2025-08-24 00:00:00","Sunday","0","0","Gateway_Usage-DAILY-2025_08_24","8","DAILY","34","2025","","0","","","","","","","","",""
"a3HUU000000BjLD2A0","0051U0000028jHJQAY","0","Gateway_Usage-DAILY-2025_08_25","0128W000000axHn","2025-08-25 10:00:13","0051U0000028jHJQAY","2025-08-26 00:23:36","0051U0000028jHJQAY","2025-08-26 00:23:36","","","0","","","","","","","","","","","","2025-08-25 00:00:00","Monday","124","632","Gateway_Usage-DAILY-2025_08_25","8","DAILY","34","2025","","23","","","","","","","","",""
"a3HUU000000Blrd2AC","0051U0000028jHJQAY","0","Gateway_Usage-DAILY-2025_08_26","0128W000000axHn","2025-08-26 10:00:14","0051U0000028jHJQAY","2025-08-26 22:57:21","0051U0000028jHJQAY","2025-08-26 22:57:21","","","0","","","","","","","","","","","","2025-08-26 00:00:00","Tuesday","31","32","Gateway_Usage-DAILY-2025_08_26","8","DAILY","34","2025","","4","","","","","","","","",""
"a3HUU000000BoRJ2A0","0051U0000028jHJQAY","0","Gateway_Usage-DAILY-2025_08_27","0128W000000axHn","2025-08-27 10:00:38","0051U0000028jHJQAY","2025-08-28 00:22:23","0051U0000028jHJQAY","2025-08-28 00:22:23","","","0","","","","","","","","","","","","2025-08-27 00:00:00","Wednesday","68","72","Gateway_Usage-DAILY-2025_08_27","8","DAILY","34","2025","","7","","","","","","","","",""
"a3HUU000000BrLx2AK","0051U0000028jHJQAY","0","Gateway_Usage-DAILY-2025_08_28","0128W000000axHn","2025-08-28 10:00:14","0051U0000028jHJQAY","2025-08-29 00:10:15","0051U0000028jHJQAY","2025-08-29 00:10:15","","","0","","","","","","","","","","","","2025-08-28 00:00:00","Thursday","129","589","Gateway_Usage-DAILY-2025_08_28","8","DAILY","34","2025","","28","","","","","","","","",""
"a3HUU000000BtKX2A0","0051U0000028jHJQAY","0","Gateway_Usage-DAILY-2025_08_29","0128W000000axHn","2025-08-29 10:00:27","0051U0000028jHJQAY","2025-08-29 23:53:10","0051U0000028jHJQAY","2025-08-29 23:53:10","","","0","","","","","","","","","","","","2025-08-29 00:00:00","Friday","200","1073","Gateway_Usage-DAILY-2025_08_29","8","DAILY","34","2025","","231","","","","","","","","",""
"a3HUU000000BwVJ2A0","0051U0000028jHJQAY","0","Gateway_Usage-DAILY-2025_08_30","0128W000000axHn","2025-08-30 10:00:21","0051U0000028jHJQAY","2025-08-30 10:00:32","0051U0000028jHJQAY","2025-08-30 10:00:32","","","0","","","","","","","","","","","","2025-08-30 00:00:00","Saturday","4","5","Gateway_Usage-DAILY-2025_08_30","8","DAILY","34","2025","","1","","","","","","","","",""
"a3HUU000000C02f2AC","0051U0000028jHJQAY","0","Gateway_Usage-DAILY-2025_08_31","0128W000000axHn","2025-09-01 10:00:25","0051U0000028jHJQAY","2025-09-01 10:00:25","0051U0000028jHJQAY","2025-09-01 10:00:25","","","0","","","","","","","","","","","","2025-08-31 00:00:00","Sunday","0","0","Gateway_Usage-DAILY-2025_08_31","8","DAILY","35","2025","","0","","","","","","","","",""
"a3HUU000000C02g2AC","0051U0000028jHJQAY","0","Gateway_Usage-DAILY-2025_09_01","0128W000000axHn","2025-09-01 10:00:25","0051U0000028jHJQAY","2025-09-01 10:17:19","0051U0000028jHJQAY","2025-09-01 10:17:19","","","0","","","","","","","","","","","","2025-09-01 00:00:00","Monday","95","783","Gateway_Usage-DAILY-2025_09_01","9","DAILY","35","2025","","33","","","","","","","","",""
"a3HUU000000C0gz2AC","0051U0000028jHJQAY","0","Gateway_Usage-DAILY-2025_09_02","0128W000000axHn","2025-09-02 10:00:13","0051U0000028jHJQAY","2025-09-02 22:42:12","0051U0000028jHJQAY","2025-09-02 22:42:12","","","0","","","","","","","","","","","","2025-09-02 00:00:00","Tuesday","55","58","Gateway_Usage-DAILY-2025_09_02","9","DAILY","35","2025","","15","","","","","","","","",""
"a3HUU000000C2pF2AS","0051U0000028jHJQAY","0","Gateway_Usage-DAILY-2025_09_03","0128W000000axHn","2025-09-03 10:00:12","0051U0000028jHJQAY","2025-09-03 23:40:16","0051U0000028jHJQAY","2025-09-03 23:40:16","","","0","","","","","","","","","","","","2025-09-03 00:00:00","Wednesday","83","89","Gateway_Usage-DAILY-2025_09_03","9","DAILY","35","2025","","17","","","","","","","","",""
"a3HUU000000C58n2AC","0051U0000028jHJQAY","0","Gateway_Usage-DAILY-2025_09_04","0128W000000axHn","2025-09-04 10:00:11","0051U0000028jHJQAY","2025-09-05 00:02:43","0051U0000028jHJQAY","2025-09-05 00:02:43","","","0","","","","","","","","","","","","2025-09-04 00:00:00","Thursday","153","743","Gateway_Usage-DAILY-2025_09_04","9","DAILY","35","2025","","26","","","","","","","","",""
"a3HUU000000C7qX2AS","0051U0000028jHJQAY","0","Gateway_Usage-DAILY-2025_09_05","0128W000000axHn","2025-09-05 10:00:26","0051U0000028jHJQAY","2025-09-05 23:52:41","0051U0000028jHJQAY","2025-09-05 23:52:41","","","0","","","","","","","","","","","","2025-09-05 00:00:00","Friday","157","846","Gateway_Usage-DAILY-2025_09_05","9","DAILY","35","2025","","57","","","","","","","","",""
"a3HUU000000CCJx2AO","0051U0000028jHJQAY","0","Gateway_Usage-DAILY-2025_09_06","0128W000000axHn","2025-09-08 10:00:25","0051U0000028jHJQAY","2025-09-08 10:00:25","0051U0000028jHJQAY","2025-09-08 10:00:25","","","0","","","","","","","","","","","","2025-09-06 00:00:00","Saturday","0","0","Gateway_Usage-DAILY-2025_09_06","9","DAILY","35","2025","","0","","","","","","","","",""
"a3HUU000000CCJy2AO","0051U0000028jHJQAY","0","Gateway_Usage-DAILY-2025_09_07","0128W000000axHn","2025-09-08 10:00:25","0051U0000028jHJQAY","2025-09-08 10:00:25","0051U0000028jHJQAY","2025-09-08 10:00:25","","","0","","","","","","","","","","","","2025-09-07 00:00:00","Sunday","0","0","Gateway_Usage-DAILY-2025_09_07","9","DAILY","36","2025","","0","","","","","","","","",""
"a3HUU000000CCJz2AO","0051U0000028jHJQAY","0","Gateway_Usage-DAILY-2025_09_08","0128W000000axHn","2025-09-08 10:00:25","0051U0000028jHJQAY","2025-09-09 00:25:39","0051U0000028jHJQAY","2025-09-09 00:25:39","","","0","","","","","","","","","","","","2025-09-08 00:00:00","Monday","150","823","Gateway_Usage-DAILY-2025_09_08","9","DAILY","36","2025","","19","","","","","","","","",""
"a3HUU000000CDzB2AW","0051U0000028jHJQAY","0","Gateway_Usage-DAILY-2025_09_09","0128W000000axHn","2025-09-09 10:00:10","0051U0000028jHJQAY","2025-09-09 22:57:27","0051U0000028jHJQAY","2025-09-09 22:57:27","","","0","","","","","","","","","","","","2025-09-09 00:00:00","Tuesday","39","40","Gateway_Usage-DAILY-2025_09_09","9","DAILY","36","2025","","8","","","","","","","","",""
"a3HUU000000CHEn2AO","0051U0000028jHJQAY","0","Gateway_Usage-DAILY-2025_09_10","0128W000000axHn","2025-09-10 10:00:20","0051U0000028jHJQAY","2025-09-10 23:33:59","0051U0000028jHJQAY","2025-09-10 23:33:59","","","0","","","","","","","","","","","","2025-09-10 00:00:00","Wednesday","87","92","Gateway_Usage-DAILY-2025_09_10","9","DAILY","36","2025","","20","","","","","","","","",""
"a3HUU000000CJGb2AO","0051U0000028jHJQAY","0","Gateway_Usage-DAILY-2025_09_11","0128W000000axHn","2025-09-11 10:00:16","0051U0000028jHJQAY","2025-09-11 23:50:19","0051U0000028jHJQAY","2025-09-11 23:50:19","","","0","","","","","","","","","","","","2025-09-11 00:00:00","Thursday","111","485","Gateway_Usage-DAILY-2025_09_11","9","DAILY","36","2025","","21","","","","","","","","",""
"a3HUU000000CM6P2AW","0051U0000028jHJQAY","0","Gateway_Usage-DAILY-2025_09_12","0128W000000axHn","2025-09-12 10:00:08","0051U0000028jHJQAY","2025-09-12 23:39:44","0051U0000028jHJQAY","2025-09-12 23:39:44","","","0","","","","","","","","","","","","2025-09-12 00:00:00","Friday","125","574","Gateway_Usage-DAILY-2025_09_12","9","DAILY","36","2025","","29","","","","","","","","",""
"a3HUU000000COZd2AO","0051U0000028jHJQAY","0","Gateway_Usage-DAILY-2025_09_13","0128W000000axHn","2025-09-13 10:00:26","0051U0000028jHJQAY","2025-09-13 10:00:48","0051U0000028jHJQAY","2025-09-13 10:00:48","","","0","","","","","","","","","","","","2025-09-13 00:00:00","Saturday","5","6","Gateway_Usage-DAILY-2025_09_13","9","DAILY","36","2025","","3","","","","","","","","",""
"a3HUU000000CPYv2AO","0051U0000028jHJQAY","0","Gateway_Usage-DAILY-2025_09_14","0128W000000axHn","2025-09-15 10:00:22","0051U0000028jHJQAY","2025-09-15 10:00:22","0051U0000028jHJQAY","2025-09-15 10:00:22","","","0","","","","","","","","","","","","2025-09-14 00:00:00","Sunday","0","0","Gateway_Usage-DAILY-2025_09_14","9","DAILY","37","2025","","0","","","","","","","","",""
"a3HUU000000CPYw2AO","0051U0000028jHJQAY","0","Gateway_Usage-DAILY-2025_09_15","0128W000000axHn","2025-09-15 10:00:22","0051U0000028jHJQAY","2025-09-15 23:56:38","0051U0000028jHJQAY","2025-09-15 23:56:38","","","0","","","","","","","","","","","","2025-09-15 00:00:00","Monday","157","714","Gateway_Usage-DAILY-2025_09_15","9","DAILY","37","2025","","87","","","","","","","","",""
"a3HUU000000CS8b2AG","0051U0000028jHJQAY","0","Gateway_Usage-DAILY-2025_09_16","0128W000000axHn","2025-09-16 10:00:12","0051U0000028jHJQAY","2025-09-16 23:57:39","0051U0000028jHJQAY","2025-09-16 23:57:39","","","0","","","","","","","","","","","","2025-09-16 00:00:00","Tuesday","98","119","Gateway_Usage-DAILY-2025_09_16","9","DAILY","37","2025","","20","","","","","","","","",""
"a3HUU000000CUS92AO","0051U0000028jHJQAY","0","Gateway_Usage-DAILY-2025_09_17","0128W000000axHn","2025-09-17 10:00:22","0051U0000028jHJQAY","2025-09-17 23:54:24","0051U0000028jHJQAY","2025-09-17 23:54:24","","","0","","","","","","","","","","","","2025-09-17 00:00:00","Wednesday","75","78","Gateway_Usage-DAILY-2025_09_17","9","DAILY","37","2025","","14","","","","","","","","",""
"a3HUU000000CX8H2AW","0051U0000028jHJQAY","0","Gateway_Usage-DAILY-2025_09_18","0128W000000axHn","2025-09-18 10:00:10","0051U0000028jHJQAY","2025-09-18 23:36:30","0051U0000028jHJQAY","2025-09-18 23:36:30","","","0","","","","","","","","","","","","2025-09-18 00:00:00","Thursday","108","511","Gateway_Usage-DAILY-2025_09_18","9","DAILY","37","2025","","43","","","","","","","","",""
"a3HUU000000CZA52AO","0051U0000028jHJQAY","0","Gateway_Usage-DAILY-2025_09_19","0128W000000axHn","2025-09-19 10:00:21","0051U0000028jHJQAY","2025-09-20 00:28:16","0051U0000028jHJQAY","2025-09-20 00:28:16","","","0","","","","","","","","","","","","2025-09-19 00:00:00","Friday","188","716","Gateway_Usage-DAILY-2025_09_19","9","DAILY","37","2025","","68","","","","","","","","",""
"a3HUU000000Cb5R2AS","0051U0000028jHJQAY","0","Gateway_Usage-DAILY-2025_09_20","0128W000000axHn","2025-09-20 10:00:12","0051U0000028jHJQAY","2025-09-20 10:00:29","0051U0000028jHJQAY","2025-09-20 10:00:29","","","0","","","","","","","","","","","","2025-09-20 00:00:00","Saturday","4","5","Gateway_Usage-DAILY-2025_09_20","9","DAILY","37","2025","","1","","","","","","","","",""
"a3HUU000000CbgX2AS","0051U0000028jHJQAY","0","Gateway_Usage-DAILY-2025_09_21","0128W000000axHn","2025-09-22 10:00:32","0051U0000028jHJQAY","2025-09-22 10:00:32","0051U0000028jHJQAY","2025-09-22 10:00:32","","","0","","","","","","","","","","","","2025-09-21 00:00:00","Sunday","0","0","Gateway_Usage-DAILY-2025_09_21","9","DAILY","38","2025","","0","","","","","","","","",""
"a3HUU000000CbgY2AS","0051U0000028jHJQAY","0","Gateway_Usage-DAILY-2025_09_22","0128W000000axHn","2025-09-22 10:00:32","0051U0000028jHJQAY","2025-09-22 23:43:55","0051U0000028jHJQAY","2025-09-22 23:43:55","","","0","","","","","","","","","","","","2025-09-22 00:00:00","Monday","127","606","Gateway_Usage-DAILY-2025_09_22","9","DAILY","38","2025","","17","","","","","","","","",""
"a3HUU000000Cdf72AC","0051U0000028jHJQAY","0","Gateway_Usage-DAILY-2025_09_23","0128W000000axHn","2025-09-23 10:00:14","0051U0000028jHJQAY","2025-09-24 00:09:43","0051U0000028jHJQAY","2025-09-24 00:09:43","","","0","","","","","","","","","","","","2025-09-23 00:00:00","Tuesday","77","83","Gateway_Usage-DAILY-2025_09_23","9","DAILY","38","2025","","16","","","","","","","","",""
"a3HUU000000Cgmf2AC","0051U0000028jHJQAY","0","Gateway_Usage-DAILY-2025_09_24","0128W000000axHn","2025-09-24 10:00:12","0051U0000028jHJQAY","2025-09-24 23:41:16","0051U0000028jHJQAY","2025-09-24 23:41:16","","","0","","","","","","","","","","","","2025-09-24 00:00:00","Wednesday","56","56","Gateway_Usage-DAILY-2025_09_24","9","DAILY","38","2025","","10","","","","","","","","",""
"a3HUU000000Cjfh2AC","0051U0000028jHJQAY","0","Gateway_Usage-DAILY-2025_09_25","0128W000000axHn","2025-09-25 10:00:17","0051U0000028jHJQAY","2025-09-25 23:51:58","0051U0000028jHJQAY","2025-09-25 23:51:58","","","0","","","","","","","","","","","","2025-09-25 00:00:00","Thursday","136","547","Gateway_Usage-DAILY-2025_09_25","9","DAILY","38","2025","","31","","","","","","","","",""
"a3HUU000000CmaL2AS","0051U0000028jHJQAY","0","Gateway_Usage-DAILY-2025_09_26","0128W000000axHn","2025-09-26 10:00:19","0051U0000028jHJQAY","2025-09-26 23:48:20","0051U0000028jHJQAY","2025-09-26 23:48:20","","","0","","","","","","","","","","","","2025-09-26 00:00:00","Friday","142","629","Gateway_Usage-DAILY-2025_09_26","9","DAILY","38","2025","","48","","","","","","","","",""
"a3HUU000000CosH2AS","0051U0000028jHJQAY","0","Gateway_Usage-DAILY-2025_09_27","0128W000000axHn","2025-09-27 10:00:24","0051U0000028jHJQAY","2025-09-27 10:00:24","0051U0000028jHJQAY","2025-09-27 10:00:24","","","0","","","","","","","","","","","","2025-09-27 00:00:00","Saturday","1","1","Gateway_Usage-DAILY-2025_09_27","9","DAILY","38","2025","","0","","","","","","","","",""
"a3HUU000000CpoL2AS","0051U0000028jHJQAY","0","Gateway_Usage-DAILY-2025_09_28","0128W000000axHn","2025-09-29 10:00:11","0051U0000028jHJQAY","2025-09-29 10:00:11","0051U0000028jHJQAY","2025-09-29 10:00:11","","","0","","","","","","","","","","","","2025-09-28 00:00:00","Sunday","0","0","Gateway_Usage-DAILY-2025_09_28","9","DAILY","39","2025","","0","","","","","","","","",""
"a3HUU000000CpoM2AS","0051U0000028jHJQAY","0","Gateway_Usage-DAILY-2025_09_29","0128W000000axHn","2025-09-29 10:00:11","0051U0000028jHJQAY","2025-09-29 23:14:27","0051U0000028jHJQAY","2025-09-29 23:14:27","","","0","","","","","","","","","","","","2025-09-29 00:00:00","Monday","108","573","Gateway_Usage-DAILY-2025_09_29","9","DAILY","39","2025","","26","","","","","","","","",""
"a3HUU000000Ct8n2AC","0051U0000028jHJQAY","0","Gateway_Usage-DAILY-2025_09_30","0128W000000axHn","2025-09-30 10:00:22","0051U0000028jHJQAY","2025-09-30 23:44:19","0051U0000028jHJQAY","2025-09-30 23:44:19","","","0","","","","","","","","","","","","2025-09-30 00:00:00","Tuesday","146","469","Gateway_Usage-DAILY-2025_09_30","9","DAILY","39","2025","","189","","","","","","","","",""
"a3HUU000000CvaP2AS","0051U0000028jHJQAY","0","Gateway_Usage-DAILY-2025_10_01","0128W000000axHn","2025-10-01 10:00:15","0051U0000028jHJQAY","2025-10-02 00:01:49","0051U0000028jHJQAY","2025-10-02 00:01:49","","","0","","","","","","","","","","","","2025-10-01 00:00:00","Wednesday","90","100","Gateway_Usage-DAILY-2025_10_01","10","DAILY","39","2025","","18","","","","","","","","",""
"a3HUU000000CxKT2A0","0051U0000028jHJQAY","0","Gateway_Usage-DAILY-2025_10_02","0128W000000axHn","2025-10-02 10:00:27","0051U0000028jHJQAY","2025-10-02 23:24:33","0051U0000028jHJQAY","2025-10-02 23:24:33","","","0","","","","","","","","","","","","2025-10-02 00:00:00","Thursday","119","505","Gateway_Usage-DAILY-2025_10_02","10","DAILY","39","2025","","12","","","","","","","","",""
"a3HUU000000D0Bt2AK","0051U0000028jHJQAY","0","Gateway_Usage-DAILY-2025_10_03","0128W000000axHn","2025-10-03 10:00:19","0051U0000028jHJQAY","2025-10-03 23:58:08","0051U0000028jHJQAY","2025-10-03 23:58:08","","","0","","","","","","","","","","","","2025-10-03 00:00:00","Friday","191","831","Gateway_Usage-DAILY-2025_10_03","10","DAILY","39","2025","","76","","","","","","","","",""
"a3HUU000000D1fp2AC","0051U0000028jHJQAY","0","Gateway_Usage-DAILY-2025_10_04","0128W000000axHn","2025-10-04 10:00:24","0051U0000028jHJQAY","2025-10-04 10:00:24","0051U0000028jHJQAY","2025-10-04 10:00:24","","","0","","","","","","","","","","","","2025-10-04 00:00:00","Saturday","1","1","Gateway_Usage-DAILY-2025_10_04","10","DAILY","39","2025","","0","","","","","","","","",""
"a3HUU000000D2NN2A0","0051U0000028jHJQAY","0","Gateway_Usage-DAILY-2025_10_05","0128W000000axHn","2025-10-06 10:00:23","0051U0000028jHJQAY","2025-10-06 10:00:23","0051U0000028jHJQAY","2025-10-06 10:00:23","","","0","","","","","","","","","","","","2025-10-05 00:00:00","Sunday","0","0","Gateway_Usage-DAILY-2025_10_05","10","DAILY","40","2025","","0","","","","","","","","",""
"a3HUU000000D2NO2A0","0051U0000028jHJQAY","0","Gateway_Usage-DAILY-2025_10_06","0128W000000axHn","2025-10-06 10:00:23","0051U0000028jHJQAY","2025-10-06 23:43:23","0051U0000028jHJQAY","2025-10-06 23:43:23","","","0","","","","","","","","","","","","2025-10-06 00:00:00","Monday","165","768","Gateway_Usage-DAILY-2025_10_06","10","DAILY","40","2025","","25","","","","","","","","",""
"a3HUU000000D4Dt2AK","0051U0000028jHJQAY","0","Gateway_Usage-DAILY-2025_10_07","0128W000000axHn","2025-10-07 10:00:19","0051U0000028jHJQAY","2025-10-07 23:50:47","0051U0000028jHJQAY","2025-10-07 23:50:47","","","0","","","","","","","","","","","","2025-10-07 00:00:00","Tuesday","73","77","Gateway_Usage-DAILY-2025_10_07","10","DAILY","40","2025","","11","","","","","","","","",""
"a3HUU000000D6PN2A0","0051U0000028jHJQAY","0","Gateway_Usage-DAILY-2025_10_08","0128W000000axHn","2025-10-08 10:00:21","0051U0000028jHJQAY","2025-10-08 23:57:22","0051U0000028jHJQAY","2025-10-08 23:57:22","","","0","","","","","","","","","","","","2025-10-08 00:00:00","Wednesday","70","71","Gateway_Usage-DAILY-2025_10_08","10","DAILY","40","2025","","11","","","","","","","","",""
"a3HUU000000D8Nx2AK","0051U0000028jHJQAY","0","Gateway_Usage-DAILY-2025_10_09","0128W000000axHn","2025-10-09 10:00:14","0051U0000028jHJQAY","2025-10-09 23:19:12","0051U0000028jHJQAY","2025-10-09 23:19:12","","","0","","","","","","","","","","","","2025-10-09 00:00:00","Thursday","129","660","Gateway_Usage-DAILY-2025_10_09","10","DAILY","40","2025","","16","","","","","","","","",""
"a3HUU000000DBLp2AO","0051U0000028jHJQAY","0","Gateway_Usage-DAILY-2025_10_10","0128W000000axHn","2025-10-10 10:00:11","0051U0000028jHJQAY","2025-10-11 00:19:14","0051U0000028jHJQAY","2025-10-11 00:19:14","","","0","","","","","","","","","","","","2025-10-10 00:00:00","Friday","159","770","Gateway_Usage-DAILY-2025_10_10","10","DAILY","40","2025","","52","","","","","","","","",""
"a3HUU000000DEZp2AO","0051U0000028jHJQAY","0","Gateway_Usage-DAILY-2025_10_11","0128W000000axHn","2025-10-13 10:00:27","0051U0000028jHJQAY","2025-10-13 10:00:27","0051U0000028jHJQAY","2025-10-13 10:00:27","","","0","","","","","","","","","","","","2025-10-11 00:00:00","Saturday","0","0","Gateway_Usage-DAILY-2025_10_11","10","DAILY","40","2025","","0","","","","","","","","",""
"a3HUU000000DEZq2AO","0051U0000028jHJQAY","0","Gateway_Usage-DAILY-2025_10_12","0128W000000axHn","2025-10-13 10:00:27","0051U0000028jHJQAY","2025-10-13 10:00:27","0051U0000028jHJQAY","2025-10-13 10:00:27","","","0","","","","","","","","","","","","2025-10-12 00:00:00","Sunday","0","0","Gateway_Usage-DAILY-2025_10_12","10","DAILY","41","2025","","0","","","","","","","","",""
"a3HUU000000DEZr2AO","0051U0000028jHJQAY","0","Gateway_Usage-DAILY-2025_10_13","0128W000000axHn","2025-10-13 10:00:27","0051U0000028jHJQAY","2025-10-14 00:02:25","0051U0000028jHJQAY","2025-10-14 00:02:25","","","0","","","","","","","","","","","","2025-10-13 00:00:00","Monday","131","707","Gateway_Usage-DAILY-2025_10_13","10","DAILY","41","2025","","14","","","","","","","","",""
"a3HUU000000DGVB2A4","0051U0000028jHJQAY","0","Gateway_Usage-DAILY-2025_10_14","0128W000000axHn","2025-10-14 10:00:11","0051U0000028jHJQAY","2025-10-14 23:39:13","0051U0000028jHJQAY","2025-10-14 23:39:13","","","0","","","","","","","","","","","","2025-10-14 00:00:00","Tuesday","45","53","Gateway_Usage-DAILY-2025_10_14","10","DAILY","41","2025","","10","","","","","","","","",""
"a3HUU000000DKAb2AO","0051U0000028jHJQAY","0","Gateway_Usage-DAILY-2025_10_15","0128W000000axHn","2025-10-15 10:00:27","0051U0000028jHJQAY","2025-10-16 00:22:31","0051U0000028jHJQAY","2025-10-16 00:22:31","","","0","","","","","","","","","","","","2025-10-15 00:00:00","Wednesday","179","299","Gateway_Usage-DAILY-2025_10_15","10","DAILY","41","2025","","80","","","","","","","","",""
"a3HUU000000DMyn2AG","0051U0000028jHJQAY","0","Gateway_Usage-DAILY-2025_10_16","0128W000000axHn","2025-10-16 10:00:09","0051U0000028jHJQAY","2025-10-16 23:35:13","0051U0000028jHJQAY","2025-10-16 23:35:13","","","0","","","","","","","","","","","","2025-10-16 00:00:00","Thursday","174","658","Gateway_Usage-DAILY-2025_10_16","10","DAILY","41","2025","","30","","","","","","","","",""
"a3HUU000000DPlN2AW","0051U0000028jHJQAY","0","Gateway_Usage-DAILY-2025_10_17","0128W000000axHn","2025-10-17 10:00:14","0051U0000028jHJQAY","2025-10-17 23:52:53","0051U0000028jHJQAY","2025-10-17 23:52:53","","","0","","","","","","","","","","","","2025-10-17 00:00:00","Friday","174","778","Gateway_Usage-DAILY-2025_10_17","10","DAILY","41","2025","","50","","","","","","","","",""
"a3HUU000000DUBZ2A4","0051U0000028jHJQAY","0","Gateway_Usage-DAILY-2025_10_18","0128W000000axHn","2025-10-18 10:00:18","0051U0000028jHJQAY","2025-10-18 10:00:18","0051U0000028jHJQAY","2025-10-18 10:00:18","","","0","","","","","","","","","","","","2025-10-18 00:00:00","Saturday","1","4","Gateway_Usage-DAILY-2025_10_18","10","DAILY","41","2025","","0","","","","","","","","",""
"a3HUU000000DUeb2AG","0051U0000028jHJQAY","0","Gateway_Usage-DAILY-2025_10_19","0128W000000axHn","2025-10-20 10:00:13","0051U0000028jHJQAY","2025-10-20 10:00:13","0051U0000028jHJQAY","2025-10-20 10:00:13","","","0","","","","","","","","","","","","2025-10-19 00:00:00","Sunday","0","0","Gateway_Usage-DAILY-2025_10_19","10","DAILY","42","2025","","0","","","","","","","","",""
"a3HUU000000DUec2AG","0051U0000028jHJQAY","0","Gateway_Usage-DAILY-2025_10_20","0128W000000axHn","2025-10-20 10:00:13","0051U0000028jHJQAY","2025-10-21 00:14:21","0051U0000028jHJQAY","2025-10-21 00:14:21","","","0","","","","","","","","","","","","2025-10-20 00:00:00","Monday","166","760","Gateway_Usage-DAILY-2025_10_20","10","DAILY","42","2025","","31","","","","","","","","",""
"a3HUU000000DWi12AG","0051U0000028jHJQAY","0","Gateway_Usage-DAILY-2025_10_21","0128W000000axHn","2025-10-21 10:00:26","0051U0000028jHJQAY","2025-10-21 23:31:17","0051U0000028jHJQAY","2025-10-21 23:31:17","","","0","","","","","","","","","","","","2025-10-21 00:00:00","Tuesday","77","82","Gateway_Usage-DAILY-2025_10_21","10","DAILY","42","2025","","12","","","","","","","","",""
"a3HUU000000DZj72AG","0051U0000028jHJQAY","0","Gateway_Usage-DAILY-2025_10_22","0128W000000axHn","2025-10-22 10:00:09","0051U0000028jHJQAY","2025-10-22 23:45:03","0051U0000028jHJQAY","2025-10-22 23:45:03","","","0","","","","","","","","","","","","2025-10-22 00:00:00","Wednesday","83","85","Gateway_Usage-DAILY-2025_10_22","10","DAILY","42","2025","","14","","","","","","","","",""
"a3HUU000000DdGT2A0","0051U0000028jHJQAY","0","Gateway_Usage-DAILY-2025_10_23","0128W000000axHn","2025-10-23 10:00:29","0051U0000028jHJQAY","2025-10-24 00:17:42","0051U0000028jHJQAY","2025-10-24 00:17:42","","","0","","","","","","","","","","","","2025-10-23 00:00:00","Thursday","138","657","Gateway_Usage-DAILY-2025_10_23","10","DAILY","42","2025","","18","","","","","","","","",""
"a3HUU000000DhaD2AS","0051U0000028jHJQAY","0","Gateway_Usage-DAILY-2025_10_24","0128W000000axHn","2025-10-24 10:00:17","0051U0000028jHJQAY","2025-10-25 00:05:58","0051U0000028jHJQAY","2025-10-25 00:05:58","","","0","","","","","","","","","","","","2025-10-24 00:00:00","Friday","168","787","Gateway_Usage-DAILY-2025_10_24","10","DAILY","42","2025","","49","","","","","","","","",""
"a3HUU000000DkbJ2AS","0051U0000028jHJQAY","0","Gateway_Usage-DAILY-2025_10_25","0128W000000axHn","2025-10-27 10:00:21","0051U0000028jHJQAY","2025-10-27 10:00:21","0051U0000028jHJQAY","2025-10-27 10:00:21","","","0","","","","","","","","","","","","2025-10-25 00:00:00","Saturday","0","0","Gateway_Usage-DAILY-2025_10_25","10","DAILY","42","2025","","0","","","","","","","","",""
"a3HUU000000DkbK2AS","0051U0000028jHJQAY","0","Gateway_Usage-DAILY-2025_10_26","0128W000000axHn","2025-10-27 10:00:21","0051U0000028jHJQAY","2025-10-27 10:00:21","0051U0000028jHJQAY","2025-10-27 10:00:21","","","0","","","","","","","","","","","","2025-10-26 00:00:00","Sunday","0","0","Gateway_Usage-DAILY-2025_10_26","10","DAILY","43","2025","","0","","","","","","","","",""
"a3HUU000000DkbL2AS","0051U0000028jHJQAY","0","Gateway_Usage-DAILY-2025_10_27","0128W000000axHn","2025-10-27 10:00:21","0051U0000028jHJQAY","2025-10-27 23:00:37","0051U0000028jHJQAY","2025-10-27 23:00:37","","","0","","","","","","","","","","","","2025-10-27 00:00:00","Monday","100","675","Gateway_Usage-DAILY-2025_10_27","10","DAILY","43","2025","","16","","","","","","","","",""
"a3HUU000000DoDV2A0","0051U0000028jHJQAY","0","Gateway_Usage-DAILY-2025_10_28","0128W000000axHn","2025-10-28 10:00:21","0051U0000028jHJQAY","2025-10-29 00:34:20","0051U0000028jHJQAY","2025-10-29 00:34:20","","","0","","","","","","","","","","","","2025-10-28 00:00:00","Tuesday","76","84","Gateway_Usage-DAILY-2025_10_28","10","DAILY","43","2025","","18","","","","","","","","",""
"a3HUU000000Ds932AC","0051U0000028jHJQAY","0","Gateway_Usage-DAILY-2025_10_29","0128W000000axHn","2025-10-29 10:00:07","0051U0000028jHJQAY","2025-10-29 16:15:02","0051U0000028jHJQAY","2025-10-29 16:15:02","","","0","","","","","","","","","","","","2025-10-29 00:00:00","Wednesday","16","21","Gateway_Usage-DAILY-2025_10_29","10","DAILY","43","2025","","8","","","","","","","","",""
"a3HUU000000DvoT2AS","0051U0000028jHJQAY","0","Gateway_Usage-DAILY-2025_10_30","0128W000000axHn","2025-10-30 10:00:49","0051U0000028jHJQAY","2025-10-31 00:37:50","0051U0000028jHJQAY","2025-10-31 00:37:50","","","0","","","","","","","","","","","","2025-10-30 00:00:00","Thursday","196","951","Gateway_Usage-DAILY-2025_10_30","10","DAILY","43","2025","","212","","","","","","","","",""
"a3HUU000000E0092AC","0051U0000028jHJQAY","0","Gateway_Usage-DAILY-2025_10_31","0128W000000axHn","2025-10-31 10:00:41","0051U0000028jHJQAY","2025-11-01 00:22:41","0051U0000028jHJQAY","2025-11-01 00:22:41","","","0","","","","","","","","","","","","2025-10-31 00:00:00","Friday","188","836","Gateway_Usage-DAILY-2025_10_31","10","DAILY","43","2025","","61","","","","","","","","",""
"a3HUU000000E3vh2AC","0051U0000028jHJQAY","0","Gateway_Usage-DAILY-2025_11_01","0128W000000axHn","2025-11-01 10:00:19","0051U0000028jHJQAY","2025-11-01 10:00:19","0051U0000028jHJQAY","2025-11-01 10:00:19","","","0","","","","","","","","","","","","2025-11-01 00:00:00","Saturday","1","1","Gateway_Usage-DAILY-2025_11_01","11","DAILY","43","2025","","1","","","","","","","","",""
"a3HUU000000E4TZ2A0","0051U0000028jHJQAY","0","Gateway_Usage-DAILY-2025_11_02","0128W000000axHn","2025-11-03 10:00:30","0051U0000028jHJQAY","2025-11-03 10:00:30","0051U0000028jHJQAY","2025-11-03 10:00:30","","","0","","","","","","","","","","","","2025-11-02 00:00:00","Sunday","0","0","Gateway_Usage-DAILY-2025_11_02","11","DAILY","44","2025","","0","","","","","","","","",""
"a3HUU000000E4Ta2AK","0051U0000028jHJQAY","0","Gateway_Usage-DAILY-2025_11_03","0128W000000axHn","2025-11-03 10:00:30","0051U0000028jHJQAY","2025-11-03 23:48:08","0051U0000028jHJQAY","2025-11-03 23:48:08","","","0","","","","","","","","","","","","2025-11-03 00:00:00","Monday","128","735","Gateway_Usage-DAILY-2025_11_03","11","DAILY","44","2025","","38","","","","","","","","",""
"a3HUU000000E6gf2AC","0051U0000028jHJQAY","0","Gateway_Usage-DAILY-2025_11_04","0128W000000axHn","2025-11-04 10:00:08","0051U0000028jHJQAY","2025-11-05 00:17:55","0051U0000028jHJQAY","2025-11-05 00:17:55","","","0","","","","","","","","","","","","2025-11-04 00:00:00","Tuesday","78","83","Gateway_Usage-DAILY-2025_11_04","11","DAILY","44","2025","","16","","","","","","","","",""
"a3HUU000000E9jN2AS","0051U0000028jHJQAY","0","Gateway_Usage-DAILY-2025_11_05","0128W000000axHn","2025-11-05 10:00:20","0051U0000028jHJQAY","2025-11-06 00:34:59","0051U0000028jHJQAY","2025-11-06 00:34:59","","","0","","","","","","","","","","","","2025-11-05 00:00:00","Wednesday","66","80","Gateway_Usage-DAILY-2025_11_05","11","DAILY","44","2025","","19","","","","","","","","",""
"a3HUU000000EFDh2AO","0051U0000028jHJQAY","0","Gateway_Usage-DAILY-2025_11_06","0128W000000axHn","2025-11-06 10:00:18","0051U0000028jHJQAY","2025-11-06 23:59:15","0051U0000028jHJQAY","2025-11-06 23:59:15","","","0","","","","","","","","","","","","2025-11-06 00:00:00","Thursday","119","630","Gateway_Usage-DAILY-2025_11_06","11","DAILY","44","2025","","30","","","","","","","","",""
"a3HUU000000EIEn2AO","0051U0000028jHJQAY","0","Gateway_Usage-DAILY-2025_11_07","0128W000000axHn","2025-11-07 10:00:23","0051U0000028jHJQAY","2025-11-07 23:55:37","0051U0000028jHJQAY","2025-11-07 23:55:37","","","0","","","","","","","","","","","","2025-11-07 00:00:00","Friday","156","720","Gateway_Usage-DAILY-2025_11_07","11","DAILY","44","2025","","42","","","","","","","","",""
"a3HUU000000ELuD2AW","0051U0000028jHJQAY","0","Gateway_Usage-DAILY-2025_11_08","0128W000000axHn","2025-11-10 10:00:13","0051U0000028jHJQAY","2025-11-10 10:00:13","0051U0000028jHJQAY","2025-11-10 10:00:13","","","0","","","","","","","","","","","","2025-11-08 00:00:00","Saturday","0","0","Gateway_Usage-DAILY-2025_11_08","11","DAILY","44","2025","","0","","","","","","","","",""
"a3HUU000000ELuE2AW","0051U0000028jHJQAY","0","Gateway_Usage-DAILY-2025_11_09","0128W000000axHn","2025-11-10 10:00:13","0051U0000028jHJQAY","2025-11-10 10:00:13","0051U0000028jHJQAY","2025-11-10 10:00:13","","","0","","","","","","","","","","","","2025-11-09 00:00:00","Sunday","0","0","Gateway_Usage-DAILY-2025_11_09","11","DAILY","45","2025","","0","","","","","","","","",""
"a3HUU000000ELuF2AW","0051U0000028jHJQAY","0","Gateway_Usage-DAILY-2025_11_10","0128W000000axHn","2025-11-10 10:00:13","0051U0000028jHJQAY","2025-11-11 00:30:24","0051U0000028jHJQAY","2025-11-11 00:30:24","","","0","","","","","","","","","","","","2025-11-10 00:00:00","Monday","139","702","Gateway_Usage-DAILY-2025_11_10","11","DAILY","45","2025","","28","","","","","","","","",""
"a3HUU000000EP6b2AG","0051U0000028jHJQAY","0","Gateway_Usage-DAILY-2025_11_11","0128W000000axHn","2025-11-11 10:00:22","0051U0000028jHJQAY","2025-11-11 23:21:03","0051U0000028jHJQAY","2025-11-11 23:21:03","","","0","","","","","","","","","","","","2025-11-11 00:00:00","Tuesday","47","49","Gateway_Usage-DAILY-2025_11_11","11","DAILY","45","2025","","4","","","","","","","","",""
"a3HUU000000EToX2AW","0051U0000028jHJQAY","0","Gateway_Usage-DAILY-2025_11_12","0128W000000axHn","2025-11-12 10:00:28","0051U0000028jHJQAY","2025-11-13 00:13:25","0051U0000028jHJQAY","2025-11-13 00:13:25","","","0","","","","","","","","","","","","2025-11-12 00:00:00","Wednesday","57","65","Gateway_Usage-DAILY-2025_11_12","11","DAILY","45","2025","","14","","","","","","","","",""
"a3HUU000000EVqL2AW","0051U0000028jHJQAY","0","Gateway_Usage-DAILY-2025_11_13","0128W000000axHn","2025-11-13 10:00:10","0051U0000028jHJQAY","2025-11-13 23:55:38","0051U0000028jHJQAY","2025-11-13 23:55:38","","","0","","","","","","","","","","","","2025-11-13 00:00:00","Thursday","109","593","Gateway_Usage-DAILY-2025_11_13","11","DAILY","45","2025","","18","","","","","","","","",""
"a3HUU000000EYUr2AO","0051U0000028jHJQAY","0","Gateway_Usage-DAILY-2025_11_14","0128W000000axHn","2025-11-14 10:00:28","0051U0000028jHJQAY","2025-11-14 23:54:45","0051U0000028jHJQAY","2025-11-14 23:54:45","","","0","","","","","","","","","","","","2025-11-14 00:00:00","Friday","141","851","Gateway_Usage-DAILY-2025_11_14","11","DAILY","45","2025","","135","","","","","","","","",""
"a3HUU000000Eb692AC","0051U0000028jHJQAY","0","Gateway_Usage-DAILY-2025_11_15","0128W000000axHn","2025-11-15 10:00:19","0051U0000028jHJQAY","2025-11-15 10:00:22","0051U0000028jHJQAY","2025-11-15 10:00:22","","","0","","","","","","","","","","","","2025-11-15 00:00:00","Saturday","2","2","Gateway_Usage-DAILY-2025_11_15","11","DAILY","45","2025","","1","","","","","","","","",""
"a3HUU000000Ec2D2AS","0051U0000028jHJQAY","0","Gateway_Usage-DAILY-2025_11_16","0128W000000axHn","2025-11-17 10:00:25","0051U0000028jHJQAY","2025-11-17 10:00:25","0051U0000028jHJQAY","2025-11-17 10:00:25","","","0","","","","","","","","","","","","2025-11-16 00:00:00","Sunday","0","0","Gateway_Usage-DAILY-2025_11_16","11","DAILY","46","2025","","0","","","","","","","","",""
"a3HUU000000Ec2E2AS","0051U0000028jHJQAY","0","Gateway_Usage-DAILY-2025_11_17","0128W000000axHn","2025-11-17 10:00:25","0051U0000028jHJQAY","2025-11-17 23:37:53","0051U0000028jHJQAY","2025-11-17 23:37:53","","","0","","","","","","","","","","","","2025-11-17 00:00:00","Monday","127","738","Gateway_Usage-DAILY-2025_11_17","11","DAILY","46","2025","","25","","","","","","","","",""
"a3HUU000000Efw92AC","0051U0000028jHJQAY","0","Gateway_Usage-DAILY-2025_11_18","0128W000000axHn","2025-11-18 10:00:11","0051U0000028jHJQAY","2025-11-18 23:56:18","0051U0000028jHJQAY","2025-11-18 23:56:18","","","0","","","","","","","","","","","","2025-11-18 00:00:00","Tuesday","56","63","Gateway_Usage-DAILY-2025_11_18","11","DAILY","46","2025","","10","","","","","","","","",""
"a3HUU000000Ejq52AC","0051U0000028jHJQAY","0","Gateway_Usage-DAILY-2025_11_19","0128W000000axHn","2025-11-19 10:00:48","0051U0000028jHJQAY","2025-11-19 23:36:20","0051U0000028jHJQAY","2025-11-19 23:36:20","","","0","","","","","","","","","","","","2025-11-19 00:00:00","Wednesday","45","51","Gateway_Usage-DAILY-2025_11_19","11","DAILY","46","2025","","13","","","","","","","","",""
"a3HUU000000EnvJ2AS","0051U0000028jHJQAY","0","Gateway_Usage-DAILY-2025_11_20","0128W000000axHn","2025-11-20 10:00:12","0051U0000028jHJQAY","2025-11-20 23:59:34","0051U0000028jHJQAY","2025-11-20 23:59:34","","","0","","","","","","","","","","","","2025-11-20 00:00:00","Thursday","124","700","Gateway_Usage-DAILY-2025_11_20","11","DAILY","46","2025","","25","","","","","","","","",""
"a3HUU000000EsBp2AK","0051U0000028jHJQAY","0","Gateway_Usage-DAILY-2025_11_21","0128W000000axHn","2025-11-21 10:00:18","0051U0000028jHJQAY","2025-11-21 23:54:56","0051U0000028jHJQAY","2025-11-21 23:54:56","","","0","","","","","","","","","","","","2025-11-21 00:00:00","Friday","133","765","Gateway_Usage-DAILY-2025_11_21","11","DAILY","46","2025","","45","","","","","","","","",""
"a3HUU000000EwSL2A0","0051U0000028jHJQAY","0","Gateway_Usage-DAILY-2025_11_22","0128W000000axHn","2025-11-22 10:00:24","0051U0000028jHJQAY","2025-11-22 12:47:41","0051U0000028jHJQAY","2025-11-22 12:47:41","","","0","","","","","","","","","","","","2025-11-22 00:00:00","Saturday","3","3","Gateway_Usage-DAILY-2025_11_22","11","DAILY","46","2025","","1","","","","","","","","",""
"a3HUU000000Ex3R2AS","0051U0000028jHJQAY","0","Gateway_Usage-DAILY-2025_11_23","0128W000000axHn","2025-11-24 10:00:12","0051U0000028jHJQAY","2025-11-24 10:00:12","0051U0000028jHJQAY","2025-11-24 10:00:12","","","0","","","","","","","","","","","","2025-11-23 00:00:00","Sunday","0","0","Gateway_Usage-DAILY-2025_11_23","11","DAILY","47","2025","","0","","","","","","","","",""
"a3HUU000000Ex3S2AS","0051U0000028jHJQAY","0","Gateway_Usage-DAILY-2025_11_24","0128W000000axHn","2025-11-24 10:00:12","0051U0000028jHJQAY","2025-11-24 23:52:00","0051U0000028jHJQAY","2025-11-24 23:52:00","","","0","","","","","","","","","","","","2025-11-24 00:00:00","Monday","128","744","Gateway_Usage-DAILY-2025_11_24","11","DAILY","47","2025","","21","","","","","","","","",""
"a3HUU000000F0PV2A0","0051U0000028jHJQAY","0","Gateway_Usage-DAILY-2025_11_25","0128W000000axHn","2025-11-25 10:00:24","0051U0000028jHJQAY","2025-11-25 23:31:51","0051U0000028jHJQAY","2025-11-25 23:31:51","","","0","","","","","","","","","","","","2025-11-25 00:00:00","Tuesday","59","72","Gateway_Usage-DAILY-2025_11_25","11","DAILY","47","2025","","19","","","","","","","","",""
"a3HUU000000F5932AC","0051U0000028jHJQAY","0","Gateway_Usage-DAILY-2025_11_26","0128W000000axHn","2025-11-26 10:00:23","0051U0000028jHJQAY","2025-11-26 23:52:12","0051U0000028jHJQAY","2025-11-26 23:52:12","","","0","","","","","","","","","","","","2025-11-26 00:00:00","Wednesday","149","532","Gateway_Usage-DAILY-2025_11_26","11","DAILY","47","2025","","242","","","","","","","","",""
"a3HUU000000F8YL2A0","0051U0000028jHJQAY","0","Gateway_Usage-DAILY-2025_11_27","0128W000000axHn","2025-11-27 10:00:28","0051U0000028jHJQAY","2025-11-28 02:20:19","0051U0000028jHJQAY","2025-11-28 02:20:19","","","0","","","","","","","","","","","","2025-11-27 00:00:00","Thursday","83","630","Gateway_Usage-DAILY-2025_11_27","11","DAILY","47","2025","","22","","","","","","","","",""
"a3HUU000000F8rh2AC","0051U0000028jHJQAY","0","Gateway_Usage-DAILY-2025_11_28","0128W000000axHn","2025-11-28 10:00:11","0051U0000028jHJQAY","2025-11-29 00:40:11","0051U0000028jHJQAY","2025-11-29 00:40:11","","","0","","","","","","","","","","","","2025-11-28 00:00:00","Friday","265","1053","Gateway_Usage-DAILY-2025_11_28","11","DAILY","47","2025","","70","","","","","","","","",""
"a3HUU000000F9W12AK","0051U0000028jHJQAY","0","Gateway_Usage-DAILY-2025_11_29","0128W000000axHn","2025-11-29 10:00:25","0051U0000028jHJQAY","2025-11-29 19:42:08","0051U0000028jHJQAY","2025-11-29 19:42:08","","","0","","","","","","","","","","","","2025-11-29 00:00:00","Saturday","51","51","Gateway_Usage-DAILY-2025_11_29","11","DAILY","47","2025","","1","","","","","","","","",""
"a3HUU000000F9nl2AC","0051U0000028jHJQAY","0","Gateway_Usage-DAILY-2025_11_30","0128W000000axHn","2025-11-30 10:00:32","0051U0000028jHJQAY","2025-11-30 14:50:07","0051U0000028jHJQAY","2025-11-30 14:50:07","","","0","","","","","","","","","","","","2025-11-30 00:00:00","Sunday","2","2","Gateway_Usage-DAILY-2025_11_30","11","DAILY","48","2025","","0","","","","","","","","",""
"a3HUU000000FADZ2A4","0051U0000028jHJQAY","0","Gateway_Usage-DAILY-2025_12_01","0128W000000axHn","2025-12-01 10:00:32","0051U0000028jHJQAY","2025-12-01 23:43:47","0051U0000028jHJQAY","2025-12-01 23:43:47","","","0","","","","","","","","","","","","2025-12-01 00:00:00","Monday","179","887","Gateway_Usage-DAILY-2025_12_01","12","DAILY","48","2025","","30","","","","","","","","",""
"a3HUU000000FEKP2A4","0051U0000028jHJQAY","0","Gateway_Usage-DAILY-2025_12_02","0128W000000axHn","2025-12-02 10:00:35","0051U0000028jHJQAY","2025-12-03 00:13:23","0051U0000028jHJQAY","2025-12-03 00:13:23","","","0","","","","","","","","","","","","2025-12-02 00:00:00","Tuesday","82","89","Gateway_Usage-DAILY-2025_12_02","12","DAILY","48","2025","","15","","","","","","","","",""
"a3HUU000000FHN72AO","0051U0000028jHJQAY","0","Gateway_Usage-DAILY-2025_12_03","0128W000000axHn","2025-12-03 10:00:33","0051U0000028jHJQAY","2025-12-04 00:21:53","0051U0000028jHJQAY","2025-12-04 00:21:53","","","0","","","","","","","","","","","","2025-12-03 00:00:00","Wednesday","150","157","Gateway_Usage-DAILY-2025_12_03","12","DAILY","48","2025","","23","","","","","","","","",""
"a3HUU000000FLTx2AO","0051U0000028jHJQAY","0","Gateway_Usage-DAILY-2025_12_04","0128W000000axHn","2025-12-04 10:00:33","0051U0000028jHJQAY","2025-12-05 00:13:41","0051U0000028jHJQAY","2025-12-05 00:13:41","","","0","","","","","","","","","","","","2025-12-04 00:00:00","Thursday","151","733","Gateway_Usage-DAILY-2025_12_04","12","DAILY","48","2025","","23","","","","","","","","",""
"a3HUU000000FP4X2AW","0051U0000028jHJQAY","0","Gateway_Usage-DAILY-2025_12_05","0128W000000axHn","2025-12-05 10:00:10","0051U0000028jHJQAY","2025-12-05 22:47:42","0051U0000028jHJQAY","2025-12-05 22:47:42","","","0","","","","","","","","","","","","2025-12-05 00:00:00","Friday","140","885","Gateway_Usage-DAILY-2025_12_05","12","DAILY","48","2025","","48","","","","","","","","",""
"a3HUU000000FSdV2AW","0051U0000028jHJQAY","0","Gateway_Usage-DAILY-2025_12_06","0128W000000axHn","2025-12-06 10:00:16","0051U0000028jHJQAY","2025-12-06 10:00:19","0051U0000028jHJQAY","2025-12-06 10:00:19","","","0","","","","","","","","","","","","2025-12-06 00:00:00","Saturday","2","2","Gateway_Usage-DAILY-2025_12_06","12","DAILY","48","2025","","0","","","","","","","","",""
"a3HUU000000FTGD2A4","0051U0000028jHJQAY","0","Gateway_Usage-DAILY-2025_12_07","0128W000000axHn","2025-12-08 10:00:22","0051U0000028jHJQAY","2025-12-08 10:00:22","0051U0000028jHJQAY","2025-12-08 10:00:22","","","0","","","","","","","","","","","","2025-12-07 00:00:00","Sunday","0","0","Gateway_Usage-DAILY-2025_12_07","12","DAILY","49","2025","","0","","","","","","","","",""
"a3HUU000000FTGE2A4","0051U0000028jHJQAY","0","Gateway_Usage-DAILY-2025_12_08","0128W000000axHn","2025-12-08 10:00:22","0051U0000028jHJQAY","2025-12-09 00:26:32","0051U0000028jHJQAY","2025-12-09 00:26:32","","","0","","","","","","","","","","","","2025-12-08 00:00:00","Monday","189","930","Gateway_Usage-DAILY-2025_12_08","12","DAILY","49","2025","","26","","","","","","","","",""
"a3HUU000000FWnZ2AW","0051U0000028jHJQAY","0","Gateway_Usage-DAILY-2025_12_09","0128W000000axHn","2025-12-09 10:00:26","0051U0000028jHJQAY","2025-12-10 00:24:43","0051U0000028jHJQAY","2025-12-10 00:24:43","","","0","","","","","","","","","","","","2025-12-09 00:00:00","Tuesday","64","70","Gateway_Usage-DAILY-2025_12_09","12","DAILY","49","2025","","13","","","","","","","","",""
"a3HUU000000FZbl2AG","0051U0000028jHJQAY","0","Gateway_Usage-DAILY-2025_12_10","0128W000000axHn","2025-12-10 10:00:35","0051U0000028jHJQAY","2025-12-11 00:09:39","0051U0000028jHJQAY","2025-12-11 00:09:39","","","0","","","","","","","","","","","","2025-12-10 00:00:00","Wednesday","88","100","Gateway_Usage-DAILY-2025_12_10","12","DAILY","49","2025","","20","","","","","","","","",""
"a3HUU000000FczR2AS","0051U0000028jHJQAY","0","Gateway_Usage-DAILY-2025_12_11","0128W000000axHn","2025-12-11 10:00:26","0051U0000028jHJQAY","2025-12-12 00:32:14","0051U0000028jHJQAY","2025-12-12 00:32:14","","","0","","","","","","","","","","","","2025-12-11 00:00:00","Thursday","147","797","Gateway_Usage-DAILY-2025_12_11","12","DAILY","49","2025","","29","","","","","","","","",""
"a3HUU000000Ffnd2AC","0051U0000028jHJQAY","0","Gateway_Usage-DAILY-2025_12_12","0128W000000axHn","2025-12-12 10:00:32","0051U0000028jHJQAY","2025-12-13 00:17:12","0051U0000028jHJQAY","2025-12-13 00:17:12","","","0","","","","","","","","","","","","2025-12-12 00:00:00","Friday","181","932","Gateway_Usage-DAILY-2025_12_12","12","DAILY","49","2025","","46","","","","","","","","",""
"a3HUU000000FjBJ2A0","0051U0000028jHJQAY","0","Gateway_Usage-DAILY-2025_12_13","0128W000000axHn","2025-12-13 10:00:38","0051U0000028jHJQAY","2025-12-13 10:00:38","0051U0000028jHJQAY","2025-12-13 10:00:38","","","0","","","","","","","","","","","","2025-12-13 00:00:00","Saturday","1","3","Gateway_Usage-DAILY-2025_12_13","12","DAILY","49","2025","","3","","","","","","","","",""
"a3HUU000000Fjfx2AC","0051U0000028jHJQAY","0","Gateway_Usage-DAILY-2025_12_14","0128W000000axHn","2025-12-15 10:00:31","0051U0000028jHJQAY","2025-12-15 10:00:31","0051U0000028jHJQAY","2025-12-15 10:00:31","","","0","","","","","","","","","","","","2025-12-14 00:00:00","Sunday","0","0","Gateway_Usage-DAILY-2025_12_14","12","DAILY","50","2025","","0","","","","","","","","",""
"a3HUU000000Fjfy2AC","0051U0000028jHJQAY","0","Gateway_Usage-DAILY-2025_12_15","0128W000000axHn","2025-12-15 10:00:31","0051U0000028jHJQAY","2025-12-16 00:46:58","0051U0000028jHJQAY","2025-12-16 00:46:58","","","0","","","","","","","","","","","","2025-12-15 00:00:00","Monday","209","1079","Gateway_Usage-DAILY-2025_12_15","12","DAILY","50","2025","","106","","","","","","","","",""
"a3HUU000000FnA52AK","0051U0000028jHJQAY","0","Gateway_Usage-DAILY-2025_12_16","0128W000000axHn","2025-12-16 10:00:16","0051U0000028jHJQAY","2025-12-17 00:03:56","0051U0000028jHJQAY","2025-12-17 00:03:56","","","0","","","","","","","","","","","","2025-12-16 00:00:00","Tuesday","113","125","Gateway_Usage-DAILY-2025_12_16","12","DAILY","50","2025","","25","","","","","","","","",""
"a3HUU000000FqpV2AS","0051U0000028jHJQAY","0","Gateway_Usage-DAILY-2025_12_17","0128W000000axHn","2025-12-17 10:00:25","0051U0000028jHJQAY","2025-12-18 00:17:22","0051U0000028jHJQAY","2025-12-18 00:17:22","","","0","","","","","","","","","","","","2025-12-17 00:00:00","Wednesday","95","101","Gateway_Usage-DAILY-2025_12_17","12","DAILY","50","2025","","16","","","","","","","","",""
"a3HUU000000FubN2AS","0051U0000028jHJQAY","0","Gateway_Usage-DAILY-2025_12_18","0128W000000axHn","2025-12-18 10:00:21","0051U0000028jHJQAY","2025-12-18 23:31:31","0051U0000028jHJQAY","2025-12-18 23:31:31","","","0","","","","","","","","","","","","2025-12-18 00:00:00","Thursday","179","890","Gateway_Usage-DAILY-2025_12_18","12","DAILY","50","2025","","37","","","","","","","","",""
"a3HUU000000FxuD2AS","0051U0000028jHJQAY","0","Gateway_Usage-DAILY-2025_12_19","0128W000000axHn","2025-12-19 10:00:14","0051U0000028jHJQAY","2025-12-19 23:32:48","0051U0000028jHJQAY","2025-12-19 23:32:48","","","0","","","","","","","","","","","","2025-12-19 00:00:00","Friday","207","1049","Gateway_Usage-DAILY-2025_12_19","12","DAILY","50","2025","","80","","","","","","","","",""
"a3HUU000000G0Yj2AK","0051U0000028jHJQAY","0","Gateway_Usage-DAILY-2025_12_20","0128W000000axHn","2025-12-20 10:00:22","0051U0000028jHJQAY","2025-12-20 17:09:33","0051U0000028jHJQAY","2025-12-20 17:09:33","","","0","","","","","","","","","","","","2025-12-20 00:00:00","Saturday","7","9","Gateway_Usage-DAILY-2025_12_20","12","DAILY","50","2025","","3","","","","","","","","",""
"a3HUU000000G0yX2AS","0051U0000028jHJQAY","0","Gateway_Usage-DAILY-2025_12_21","0128W000000axHn","2025-12-22 10:00:19","0051U0000028jHJQAY","2025-12-22 10:00:19","0051U0000028jHJQAY","2025-12-22 10:00:19","","","0","","","","","","","","","","","","2025-12-21 00:00:00","Sunday","0","0","Gateway_Usage-DAILY-2025_12_21","12","DAILY","51","2025","","0","","","","","","","","",""
"a3HUU000000G0yY2AS","0051U0000028jHJQAY","0","Gateway_Usage-DAILY-2025_12_22","0128W000000axHn","2025-12-22 10:00:19","0051U0000028jHJQAY","2025-12-23 00:46:09","0051U0000028jHJQAY","2025-12-23 00:46:09","","","0","","","","","","","","","","","","2025-12-22 00:00:00","Monday","204","1017","Gateway_Usage-DAILY-2025_12_22","12","DAILY","51","2025","","29","","","","","","","","",""
"a3HUU000000G3bR2AS","0051U0000028jHJQAY","0","Gateway_Usage-DAILY-2025_12_23","0128W000000axHn","2025-12-23 10:00:21","0051U0000028jHJQAY","2025-12-24 00:44:51","0051U0000028jHJQAY","2025-12-24 00:44:51","","","0","","","","","","","","","","","","2025-12-23 00:00:00","Tuesday","111","117","Gateway_Usage-DAILY-2025_12_23","12","DAILY","51","2025","","16","","","","","","","","",""
"a3HUU000000G66H2AS","0051U0000028jHJQAY","0","Gateway_Usage-DAILY-2025_12_24","0128W000000axHn","2025-12-24 10:00:21","0051U0000028jHJQAY","2025-12-24 20:12:42","0051U0000028jHJQAY","2025-12-24 20:12:42","","","0","","","","","","","","","","","","2025-12-24 00:00:00","Wednesday","65","68","Gateway_Usage-DAILY-2025_12_24","12","DAILY","51","2025","","16","","","","","","","","",""
"a3HUU000000G75Z2AS","0051U0000028jHJQAY","0","Gateway_Usage-DAILY-2025_12_25","0128W000000axHn","2025-12-25 10:00:11","0051U0000028jHJQAY","2025-12-25 10:12:02","0051U0000028jHJQAY","2025-12-25 10:12:02","","","0","","","","","","","","","","","","2025-12-25 00:00:00","Thursday","82","551","Gateway_Usage-DAILY-2025_12_25","12","DAILY","51","2025","","26","","","","","","","","",""
"a3HUU000000G7K52AK","0051U0000028jHJQAY","0","Gateway_Usage-DAILY-2025_12_26","0128W000000axHn","2025-12-26 10:00:26","0051U0000028jHJQAY","2025-12-27 00:42:55","0051U0000028jHJQAY","2025-12-27 00:42:55","","","0","","","","","","","","","","","","2025-12-26 00:00:00","Friday","209","991","Gateway_Usage-DAILY-2025_12_26","12","DAILY","51","2025","","201","","","","","","","","",""
"a3HUU000000G7qL2AS","0051U0000028jHJQAY","0","Gateway_Usage-DAILY-2025_12_27","0128W000000axHn","2025-12-27 10:00:09","0051U0000028jHJQAY","2025-12-27 10:00:45","0051U0000028jHJQAY","2025-12-27 10:00:45","","","0","","","","","","","","","","","","2025-12-27 00:00:00","Saturday","9","10","Gateway_Usage-DAILY-2025_12_27","12","DAILY","51","2025","","3","","","","","","","","",""
"a3HUU000000G83F2AS","0051U0000028jHJQAY","0","Gateway_Usage-DAILY-2025_12_28","0128W000000axHn","2025-12-28 22:28:57","0051U0000028jHJQAY","2025-12-28 22:34:46","0051U0000028jHJQAY","2025-12-28 22:34:46","","","0","","","","","","","","","","","","2025-12-28 00:00:00","Sunday","5","5","Gateway_Usage-DAILY-2025_12_28","12","DAILY","52","2025","","0","","","","","","","","",""
"a3HUU000000G8JN2A0","0051U0000028jHJQAY","0","Gateway_Usage-DAILY-2025_12_29","0128W000000axHn","2025-12-29 10:00:16","0051U0000028jHJQAY","2025-12-30 00:48:49","0051U0000028jHJQAY","2025-12-30 00:48:49","","","0","","","","","","","","","","","","2025-12-29 00:00:00","Monday","207","807","Gateway_Usage-DAILY-2025_12_29","12","DAILY","52","2025","","38","","","","","","","","",""
"a3HUU000000GB9B2AW","0051U0000028jHJQAY","0","Gateway_Usage-DAILY-2025_12_30","0128W000000axHn","2025-12-30 10:00:25","0051U0000028jHJQAY","2025-12-30 23:24:57","0051U0000028jHJQAY","2025-12-30 23:24:57","","","0","","","","","","","","","","","","2025-12-30 00:00:00","Tuesday","153","326","Gateway_Usage-DAILY-2025_12_30","12","DAILY","52","2025","","84","","","","","","","","",""
"a3HUU000000GENB2A4","0051U0000028jHJQAY","0","Gateway_Usage-DAILY-2025_12_31","0128W000000axHn","2025-12-31 10:00:36","0051U0000028jHJQAY","2025-12-31 19:16:26","0051U0000028jHJQAY","2025-12-31 19:16:26","","","0","","","","","","","","","","","","2025-12-31 00:00:00","Wednesday","93","103","Gateway_Usage-DAILY-2025_12_31","12","DAILY","52","2025","","24","","","","","","","","",""
"a3HUU000000GGK92AO","0051U0000028jHJQAY","0","Gateway_Usage-DAILY-2026_01_01","0128W000000axHn","2026-01-01 10:00:19","0051U0000028jHJQAY","2026-01-01 10:14:45","0051U0000028jHJQAY","2026-01-01 10:14:45","","","0","","","","","","","","","","","","2026-01-01 00:00:00","Thursday","93","632","Gateway_Usage-DAILY-2026_01_01","1","DAILY","52","2026","","49","","","","","","","","",""
"a3HUU000000GGSD2A4","0051U0000028jHJQAY","0","Gateway_Usage-DAILY-2026_01_02","0128W000000axHn","2026-01-02 10:00:13","0051U0000028jHJQAY","2026-01-02 23:19:20","0051U0000028jHJQAY","2026-01-02 23:19:20","","","0","","","","","","","","","","","","2026-01-02 00:00:00","Friday","161","914","Gateway_Usage-DAILY-2026_01_02","1","DAILY","52","2026","","60","","","","","","","","",""
"a3HUU000000GJt72AG","0051U0000028jHJQAY","0","Gateway_Usage-DAILY-2026_01_03","0128W000000axHn","2026-01-05 10:00:13","0051U0000028jHJQAY","2026-01-05 10:00:13","0051U0000028jHJQAY","2026-01-05 10:00:13","","","0","","","","","","","","","","","","2026-01-03 00:00:00","Saturday","0","0","Gateway_Usage-DAILY-2026_01_03","1","DAILY","52","2026","","0","","","","","","","","",""
"a3HUU000000GJt82AG","0051U0000028jHJQAY","0","Gateway_Usage-DAILY-2026_01_04","0128W000000axHn","2026-01-05 10:00:13","0051U0000028jHJQAY","2026-01-05 10:00:13","0051U0000028jHJQAY","2026-01-05 10:00:13","","","0","","","","","","","","","","","","2026-01-04 00:00:00","Sunday","0","0","Gateway_Usage-DAILY-2026_01_04","1","DAILY","1","2026","","0","","","","","","","","",""
"a3HUU000000GJt92AG","0051U0000028jHJQAY","0","Gateway_Usage-DAILY-2026_01_05","0128W000000axHn","2026-01-05 10:00:13","0051U0000028jHJQAY","2026-01-05 21:37:47","0051U0000028jHJQAY","2026-01-05 21:37:47","","","0","","","","","","","","","","","","2026-01-05 00:00:00","Monday","194","920","Gateway_Usage-DAILY-2026_01_05","1","DAILY","1","2026","","39","","","","","","","","",""
"a3HUU000000GMcT2AW","0051U0000028jHJQAY","0","Gateway_Usage-DAILY-2026_01_06","0128W000000axHn","2026-01-06 10:00:24","0051U0000028jHJQAY","2026-01-06 10:01:05","0051U0000028jHJQAY","2026-01-06 10:01:05","","","0","","","","","","","","","","","","2026-01-06 00:00:00","Tuesday","8","13","Gateway_Usage-DAILY-2026_01_06","1","DAILY","1","2026","","9","","","","","","","","",""
"a3HUU000000GPnF2AW","0051U0000028jHJQAY","0","Gateway_Usage-DAILY-2026_01_07","0128W000000axHn","2026-01-07 10:00:30","0051U0000028jHJQAY","2026-01-07 23:32:43","0051U0000028jHJQAY","2026-01-07 23:32:43","","","0","","","","","","","","","","","","2026-01-07 00:00:00","Wednesday","96","96","Gateway_Usage-DAILY-2026_01_07","1","DAILY","1","2026","","14","","","","","","","","",""
"a3HUU000000GTAv2AO","0051U0000028jHJQAY","0","Gateway_Usage-DAILY-2026_01_08","0128W000000axHn","2026-01-08 10:00:14","0051U0000028jHJQAY","2026-01-08 23:26:03","0051U0000028jHJQAY","2026-01-08 23:26:03","","","0","","","","","","","","","","","","2026-01-08 00:00:00","Thursday","166","805","Gateway_Usage-DAILY-2026_01_08","1","DAILY","1","2026","","32","","","","","","","","",""
"a3HUU000000GWFF2A4","0051U0000028jHJQAY","0","Gateway_Usage-DAILY-2026_01_09","0128W000000axHn","2026-01-09 10:00:13","0051U0000028jHJQAY","2026-01-10 00:13:49","0051U0000028jHJQAY","2026-01-10 00:13:49","","","0","","","","","","","","","","","","2026-01-09 00:00:00","Friday","213","917","Gateway_Usage-DAILY-2026_01_09","1","DAILY","1","2026","","44","","","","","","","","",""
"a3HUU000000GYdd2AG","0051U0000028jHJQAY","0","Gateway_Usage-DAILY-2026_01_10","0128W000000axHn","2026-01-10 10:00:20","0051U0000028jHJQAY","2026-01-10 14:50:12","0051U0000028jHJQAY","2026-01-10 14:50:12","","","0","","","","","","","","","","","","2026-01-10 00:00:00","Saturday","2","5","Gateway_Usage-DAILY-2026_01_10","1","DAILY","1","2026","","1","","","","","","","","",""
"a3HUU000000GYtl2AG","0051U0000028jHJQAY","0","Gateway_Usage-DAILY-2026_01_11","0128W000000axHn","2026-01-11 10:00:26","0051U0000028jHJQAY","2026-01-11 14:50:14","0051U0000028jHJQAY","2026-01-11 14:50:14","","","0","","","","","","","","","","","","2026-01-11 00:00:00","Sunday","2","4","Gateway_Usage-DAILY-2026_01_11","1","DAILY","2","2026","","0","","","","","","","","",""
"a3HUU000000GZEj2AO","0051U0000028jHJQAY","0","Gateway_Usage-DAILY-2026_01_12","0128W000000axHn","2026-01-12 10:00:30","0051U0000028jHJQAY","2026-01-12 23:47:30","0051U0000028jHJQAY","2026-01-12 23:47:30","","","0","","","","","","","","","","","","2026-01-12 00:00:00","Monday","173","893","Gateway_Usage-DAILY-2026_01_12","1","DAILY","2","2026","","33","","","","","","","","",""
"a3HUU000000Ge4j2AC","0051U0000028jHJQAY","0","Gateway_Usage-DAILY-2026_01_13","0128W000000axHn","2026-01-13 10:00:13","0051U0000028jHJQAY","2026-01-14 00:25:25","0051U0000028jHJQAY","2026-01-14 00:25:25","","","0","","","","","","","","","","","","2026-01-13 00:00:00","Tuesday","126","138","Gateway_Usage-DAILY-2026_01_13","1","DAILY","2","2026","","11","","","","","","","","",""
"a3HUU000000Gh2b2AC","0051U0000028jHJQAY","0","Gateway_Usage-DAILY-2026_01_14","0128W000000axHn","2026-01-14 10:00:24","0051U0000028jHJQAY","2026-01-15 00:28:14","0051U0000028jHJQAY","2026-01-15 00:28:14","","","0","","","","","","","","","","","","2026-01-14 00:00:00","Wednesday","88","113","Gateway_Usage-DAILY-2026_01_14","1","DAILY","2","2026","","22","","","","","","","","",""
"a3HUU000000GjpB2AS","0051U0000028jHJQAY","0","Gateway_Usage-DAILY-2026_01_15","0128W000000axHn","2026-01-15 10:00:31","0051U0000028jHJQAY","2026-01-16 00:03:23","0051U0000028jHJQAY","2026-01-16 00:03:23","","","0","","","","","","","","","","","","2026-01-15 00:00:00","Thursday","207","1006","Gateway_Usage-DAILY-2026_01_15","1","DAILY","2","2026","","147","","","","","","","","",""
"a3HUU000000Gmzx2AC","0051U0000028jHJQAY","0","Gateway_Usage-DAILY-2026_01_16","0128W000000axHn","2026-01-16 10:00:25","0051U0000028jHJQAY","2026-01-17 00:04:38","0051U0000028jHJQAY","2026-01-17 00:04:38","","","0","","","","","","","","","","","","2026-01-16 00:00:00","Friday","243","1103","Gateway_Usage-DAILY-2026_01_16","1","DAILY","2","2026","","89","","","","","","","","",""
"a3HUU000000GqU52AK","0051U0000028jHJQAY","0","Gateway_Usage-DAILY-2026_01_17","0128W000000axHn","2026-01-17 10:00:20","0051U0000028jHJQAY","2026-01-17 16:36:17","0051U0000028jHJQAY","2026-01-17 16:36:17","","","0","","","","","","","","","","","","2026-01-17 00:00:00","Saturday","11","30","Gateway_Usage-DAILY-2026_01_17","1","DAILY","2","2026","","4","","","","","","","","",""
"a3HUU000000Gqp32AC","0051U0000028jHJQAY","0","Gateway_Usage-DAILY-2026_01_18","0128W000000axHn","2026-01-18 10:00:17","0051U0000028jHJQAY","2026-01-18 17:53:49","0051U0000028jHJQAY","2026-01-18 17:53:49","","","0","","","","","","","","","","","","2026-01-18 00:00:00","Sunday","15","19","Gateway_Usage-DAILY-2026_01_18","1","DAILY","3","2026","","0","","","","","","","","",""
"a3HUU000000GsHN2A0","0051U0000028jHJQAY","0","Gateway_Usage-DAILY-2026_01_19","0128W000000axHn","2026-01-19 10:00:30","0051U0000028jHJQAY","2026-01-19 14:50:20","0051U0000028jHJQAY","2026-01-19 14:50:20","","","0","","","","","","","","","","","","2026-01-19 00:00:00","Monday","113","919","Gateway_Usage-DAILY-2026_01_19","1","DAILY","3","2026","","24","","","","","","","","",""
"a3HUU000000Gti52AC","0051U0000028jHJQAY","0","Gateway_Usage-DAILY-2026_01_20","0128W000000axHn","2026-01-20 10:00:11","0051U0000028jHJQAY","2026-01-20 23:01:35","0051U0000028jHJQAY","2026-01-20 23:01:35","","","0","","","","","","","","","","","","2026-01-20 00:00:00","Tuesday","114","180","Gateway_Usage-DAILY-2026_01_20","1","DAILY","3","2026","","40","","","","","","","","",""
"a3HUU000000Gvgf2AC","0051U0000028jHJQAY","0","Gateway_Usage-DAILY-2026_01_21","0128W000000axHn","2026-01-21 10:00:11","0051U0000028jHJQAY","2026-01-21 23:35:53","0051U0000028jHJQAY","2026-01-21 23:35:53","","","0","","","","","","","","","","","","2026-01-21 00:00:00","Wednesday","82","104","Gateway_Usage-DAILY-2026_01_21","1","DAILY","3","2026","","16","","","","","","","","",""
"a3HUU000000Gx7N2AS","0051U0000028jHJQAY","0","Gateway_Usage-DAILY-2026_01_22","0128W000000axHn","2026-01-22 10:00:34","0051U0000028jHJQAY","2026-01-23 00:10:51","0051U0000028jHJQAY","2026-01-23 00:10:51","","","0","","","","","","","","","","","","2026-01-22 00:00:00","Thursday","238","973","Gateway_Usage-DAILY-2026_01_22","1","DAILY","3","2026","","28","","","","","","","","",""
"a3HUU000000Gy9t2AC","0051U0000028jHJQAY","0","Gateway_Usage-DAILY-2026_01_23","0128W000000axHn","2026-01-23 10:00:24","0051U0000028jHJQAY","2026-01-23 23:27:03","0051U0000028jHJQAY","2026-01-23 23:27:03","","","0","","","","","","","","","","","","2026-01-23 00:00:00","Friday","178","1070","Gateway_Usage-DAILY-2026_01_23","1","DAILY","3","2026","","70","","","","","","","","",""
"a3HUU000000Gyt32AC","0051U0000028jHJQAY","0","Gateway_Usage-DAILY-2026_01_24","0128W000000axHn","2026-01-24 10:00:37","0051U0000028jHJQAY","2026-01-24 13:20:35","0051U0000028jHJQAY","2026-01-24 13:20:35","","","0","","","","","","","","","","","","2026-01-24 00:00:00","Saturday","28","42","Gateway_Usage-DAILY-2026_01_24","1","DAILY","3","2026","","6","","","","","","","","",""
"a3HUU000000GzVl2AK","0051U0000028jHJQAY","0","Gateway_Usage-DAILY-2026_01_25","0128W000000axHn","2026-01-26 10:00:27","0051U0000028jHJQAY","2026-01-26 10:00:27","0051U0000028jHJQAY","2026-01-26 10:00:27","","","0","","","","","","","","","","","","2026-01-25 00:00:00","Sunday","0","0","Gateway_Usage-DAILY-2026_01_25","1","DAILY","4","2026","","0","","","","","","","","",""
"a3HUU000000GzVm2AK","0051U0000028jHJQAY","0","Gateway_Usage-DAILY-2026_01_26","0128W000000axHn","2026-01-26 10:00:27","0051U0000028jHJQAY","2026-01-27 00:09:38","0051U0000028jHJQAY","2026-01-27 00:09:38","","","0","","","","","","","","","","","","2026-01-26 00:00:00","Monday","202","1087","Gateway_Usage-DAILY-2026_01_26","1","DAILY","4","2026","","131","","","","","","","","",""
"a3HUU000000H0d72AC","0051U0000028jHJQAY","0","Gateway_Usage-DAILY-2026_01_27","0128W000000axHn","2026-01-27 10:00:11","0051U0000028jHJQAY","2026-01-28 00:11:50","0051U0000028jHJQAY","2026-01-28 00:11:50","","","0","","","","","","","","","","","","2026-01-27 00:00:00","Tuesday","112","133","Gateway_Usage-DAILY-2026_01_27","1","DAILY","4","2026","","11","","","","","","","","",""
"a3HUU000000H2S12AK","0051U0000028jHJQAY","0","Gateway_Usage-DAILY-2026_01_28","0128W000000axHn","2026-01-28 10:00:33","0051U0000028jHJQAY","2026-01-29 00:06:53","0051U0000028jHJQAY","2026-01-29 00:06:53","","","0","","","","","","","","","","","","2026-01-28 00:00:00","Wednesday","102","113","Gateway_Usage-DAILY-2026_01_28","1","DAILY","4","2026","","19","","","","","","","","",""
"a3HUU000000H4Dh2AK","0051U0000028jHJQAY","0","Gateway_Usage-DAILY-2026_01_29","0128W000000axHn","2026-01-29 10:00:25","0051U0000028jHJQAY","2026-01-30 00:25:04","0051U0000028jHJQAY","2026-01-30 00:25:04","","","0","","","","","","","","","","","","2026-01-29 00:00:00","Thursday","203","902","Gateway_Usage-DAILY-2026_01_29","1","DAILY","4","2026","","50","","","","","","","","",""
"a3HUU000000H5GD2A0","0051U0000028jHJQAY","0","Gateway_Usage-DAILY-2026_01_30","0128W000000axHn","2026-01-30 10:00:57","0051U0000028jHJQAY","2026-01-31 00:34:14","0051U0000028jHJQAY","2026-01-31 00:34:14","","","0","","","","","","","","","","","","2026-01-30 00:00:00","Friday","233","1365","Gateway_Usage-DAILY-2026_01_30","1","DAILY","4","2026","","180","","","","","","","","",""
"a3HUU000000H7BZ2A0","0051U0000028jHJQAY","0","Gateway_Usage-DAILY-2026_01_31","0128W000000axHn","2026-01-31 10:00:30","0051U0000028jHJQAY","2026-01-31 14:13:49","0051U0000028jHJQAY","2026-01-31 14:13:49","","","0","","","","","","","","","","","","2026-01-31 00:00:00","Saturday","54","56","Gateway_Usage-DAILY-2026_01_31","1","DAILY","4","2026","","6","","","","","","","","",""
"a3HUU000000H7l32AC","0051U0000028jHJQAY","0","Gateway_Usage-DAILY-2026_02_01","0128W000000axHn","2026-02-02 10:00:13","0051U0000028jHJQAY","2026-02-02 10:00:13","0051U0000028jHJQAY","2026-02-02 10:00:13","","","0","","","","","","","","","","","","2026-02-01 00:00:00","Sunday","0","0","Gateway_Usage-DAILY-2026_02_01","2","DAILY","5","2026","","0","","","","","","","","",""
"a3HUU000000H7l42AC","0051U0000028jHJQAY","0","Gateway_Usage-DAILY-2026_02_02","0128W000000axHn","2026-02-02 10:00:13","0051U0000028jHJQAY","2026-02-03 00:17:48","0051U0000028jHJQAY","2026-02-03 00:17:48","","","0","","","","","","","","","","","","2026-02-02 00:00:00","Monday","207","1163","Gateway_Usage-DAILY-2026_02_02","2","DAILY","5","2026","","64","","","","","","","","",""
"a3HUU000000H8u12AC","0051U0000028jHJQAY","0","Gateway_Usage-DAILY-2026_02_03","0128W000000axHn","2026-02-03 10:00:12","0051U0000028jHJQAY","2026-02-04 00:33:33","0051U0000028jHJQAY","2026-02-04 00:33:33","","","0","","","","","","","","","","","","2026-02-03 00:00:00","Tuesday","152","167","Gateway_Usage-DAILY-2026_02_03","2","DAILY","5","2026","","25","","","","","","","","",""
"a3HUU000000H9i12AC","0051U0000028jHJQAY","0","Gateway_Usage-DAILY-2026_02_04","0128W000000axHn","2026-02-04 10:00:10","0051U0000028jHJQAY","2026-02-05 01:08:01","0051U0000028jHJQAY","2026-02-05 01:08:01","","","0","","","","","","","","","","","","2026-02-04 00:00:00","Wednesday","132","139","Gateway_Usage-DAILY-2026_02_04","2","DAILY","5","2026","","14","","","","","","","","",""
"a3HUU000000HB5V2AW","0051U0000028jHJQAY","0","Gateway_Usage-DAILY-2026_02_05","0128W000000axHn","2026-02-05 10:00:25","0051U0000028jHJQAY","2026-02-06 00:26:51","0051U0000028jHJQAY","2026-02-06 00:26:51","","","0","","","","","","","","","","","","2026-02-05 00:00:00","Thursday","185","859","Gateway_Usage-DAILY-2026_02_05","2","DAILY","5","2026","","48","","","","","","","","",""
"a3HUU000000HCBF2A4","0051U0000028jHJQAY","0","Gateway_Usage-DAILY-2026_02_06","0128W000000axHn","2026-02-06 10:00:27","0051U0000028jHJQAY","2026-02-07 00:14:37","0051U0000028jHJQAY","2026-02-07 00:14:37","","","0","","","","","","","","","","","","2026-02-06 00:00:00","Friday","218","1039","Gateway_Usage-DAILY-2026_02_06","2","DAILY","5","2026","","36","","","","","","","","",""
"a3HUU000000HDnF2AW","0051U0000028jHJQAY","0","Gateway_Usage-DAILY-2026_02_07","0128W000000axHn","2026-02-07 16:06:05","0051U0000028jHJQAY","2026-02-07 16:32:26","0051U0000028jHJQAY","2026-02-07 16:32:26","","","0","","","","","","","","","","","","2026-02-07 00:00:00","Saturday","53","53","Gateway_Usage-DAILY-2026_02_07","2","DAILY","5","2026","","1","","","","","","","","",""
"a3HUU000000HEHt2AO","0051U0000028jHJQAY","0","Gateway_Usage-DAILY-2026_02_08","0128W000000axHn","2026-02-09 10:00:13","0051U0000028jHJQAY","2026-02-09 10:00:13","0051U0000028jHJQAY","2026-02-09 10:00:13","","","0","","","","","","","","","","","","2026-02-08 00:00:00","Sunday","0","0","Gateway_Usage-DAILY-2026_02_08","2","DAILY","6","2026","","0","","","","","","","","",""
"a3HUU000000HEHu2AO","0051U0000028jHJQAY","0","Gateway_Usage-DAILY-2026_02_09","0128W000000axHn","2026-02-09 10:00:13","0051U0000028jHJQAY","2026-02-10 00:13:18","0051U0000028jHJQAY","2026-02-10 00:13:18","","","0","","","","","","","","","","","","2026-02-09 00:00:00","Monday","181","970","Gateway_Usage-DAILY-2026_02_09","2","DAILY","6","2026","","30","","","","","","","","",""
"a3HUU000000HFNd2AO","0051U0000028jHJQAY","0","Gateway_Usage-DAILY-2026_02_10","0128W000000axHn","2026-02-10 10:00:09","0051U0000028jHJQAY","2026-02-11 00:24:39","0051U0000028jHJQAY","2026-02-11 00:24:39","","","0","","","","","","","","","","","","2026-02-10 00:00:00","Tuesday","91","108","Gateway_Usage-DAILY-2026_02_10","2","DAILY","6","2026","","25","","","","","","","","",""
"a3HUU000000HGef2AG","0051U0000028jHJQAY","0","Gateway_Usage-DAILY-2026_02_11","0128W000000axHn","2026-02-11 10:00:21","0051U0000028jHJQAY","2026-02-12 00:42:45","0051U0000028jHJQAY","2026-02-12 00:42:45","","","0","","","","","","","","","","","","2026-02-11 00:00:00","Wednesday","49","50","Gateway_Usage-DAILY-2026_02_11","2","DAILY","6","2026","","4","","","","","","","","",""
"a3HUU000000HHdx2AG","0051U0000028jHJQAY","0","Gateway_Usage-DAILY-2026_02_12","0128W000000axHn","2026-02-12 07:18:51","0051U0000028jHJQAY","2026-02-12 22:49:00","0051U0000028jHJQAY","2026-02-12 22:49:00","","","0","","","","","","","","","","","","2026-02-12 00:00:00","Thursday","127","594","Gateway_Usage-DAILY-2026_02_12","2","DAILY","6","2026","","31","","","","","","","","",""
"a3HUU000000HIwb2AG","0051U0000028jHJQAY","0","Gateway_Usage-DAILY-2026_02_13","0128W000000axHn","2026-02-13 10:00:33","0051U0000028jHJQAY","2026-02-13 23:27:25","0051U0000028jHJQAY","2026-02-13 23:27:25","","","0","","","","","","","","","","","","2026-02-13 00:00:00","Friday","203","963","Gateway_Usage-DAILY-2026_02_13","2","DAILY","6","2026","","177","","","","","","","","",""
"a3HUU000000HK3x2AG","0051U0000028jHJQAY","0","Gateway_Usage-DAILY-2026_02_14","0128W000000axHn","2026-02-14 10:00:12","0051U0000028jHJQAY","2026-02-14 16:34:00","0051U0000028jHJQAY","2026-02-14 16:34:00","","","0","","","","","","","","","","","","2026-02-14 00:00:00","Saturday","72","72","Gateway_Usage-DAILY-2026_02_14","2","DAILY","6","2026","","7","","","","","","","","",""
"a3HUU000000HL012AG","0051U0000028jHJQAY","0","Gateway_Usage-DAILY-2026_02_15","0128W000000axHn","2026-02-16 10:00:11","0051U0000028jHJQAY","2026-02-16 10:00:11","0051U0000028jHJQAY","2026-02-16 10:00:11","","","0","","","","","","","","","","","","2026-02-15 00:00:00","Sunday","0","0","Gateway_Usage-DAILY-2026_02_15","2","DAILY","7","2026","","0","","","","","","","","",""
"a3HUU000000HL022AG","0051U0000028jHJQAY","0","Gateway_Usage-DAILY-2026_02_16","0128W000000axHn","2026-02-16 10:00:11","0051U0000028jHJQAY","2026-02-16 10:15:17","0051U0000028jHJQAY","2026-02-16 10:15:17","","","0","","","","","","","","","","","","2026-02-16 00:00:00","Monday","92","677","Gateway_Usage-DAILY-2026_02_16","2","DAILY","7","2026","","45","","","","","","","","",""
"a3HUU000000HLpd2AG","0051U0000028jHJQAY","0","Gateway_Usage-DAILY-2026_02_17","0128W000000axHn","2026-02-17 10:00:13","0051U0000028jHJQAY","2026-02-17 23:19:55","0051U0000028jHJQAY","2026-02-17 23:19:55","","","0","","","","","","","","","","","","2026-02-17 00:00:00","Tuesday","56","113","Gateway_Usage-DAILY-2026_02_17","2","DAILY","7","2026","","17","","","","","","","","",""
"a3HUU000000HMs92AG","0051U0000028jHJQAY","0","Gateway_Usage-DAILY-2026_02_18","0128W000000axHn","2026-02-18 10:00:33","0051U0000028jHJQAY","2026-02-19 00:07:14","0051U0000028jHJQAY","2026-02-19 00:07:14","","","0","","","","","","","","","","","","2026-02-18 00:00:00","Wednesday","103","109","Gateway_Usage-DAILY-2026_02_18","2","DAILY","7","2026","","23","","","","","","","","",""
"a3HUU000000HONh2AO","0051U0000028jHJQAY","0","Gateway_Usage-DAILY-2026_02_19","0128W000000axHn","2026-02-19 10:00:07","0051U0000028jHJQAY","2026-02-20 00:42:55","0051U0000028jHJQAY","2026-02-20 00:42:55","","","0","","","","","","","","","","","","2026-02-19 00:00:00","Thursday","271","791","Gateway_Usage-DAILY-2026_02_19","2","DAILY","7","2026","","46","","","","","","","","",""
"a3HUU000000HPd72AG","0051U0000028jHJQAY","0","Gateway_Usage-DAILY-2026_02_20","0128W000000axHn","2026-02-20 10:00:22","0051U0000028jHJQAY","2026-02-21 00:46:43","0051U0000028jHJQAY","2026-02-21 00:46:43","","","0","","","","","","","","","","","","2026-02-20 00:00:00","Friday","224","904","Gateway_Usage-DAILY-2026_02_20","2","DAILY","7","2026","","83","","","","","","","","",""
"a3HUU000000HQir2AG","0051U0000028jHJQAY","0","Gateway_Usage-DAILY-2026_02_21","0128W000000axHn","2026-02-21 10:00:32","0051U0000028jHJQAY","2026-02-21 10:00:32","0051U0000028jHJQAY","2026-02-21 10:00:32","","","0","","","","","","","","","","","","2026-02-21 00:00:00","Saturday","1","1","Gateway_Usage-DAILY-2026_02_21","2","DAILY","7","2026","","0","","","","","","","","",""
"a3HUU000000HR732AG","0051U0000028jHJQAY","0","Gateway_Usage-DAILY-2026_02_22","0128W000000axHn","2026-02-23 10:00:22","0051U0000028jHJQAY","2026-02-23 10:00:22","0051U0000028jHJQAY","2026-02-23 10:00:22","","","0","","","","","","","","","","","","2026-02-22 00:00:00","Sunday","0","0","Gateway_Usage-DAILY-2026_02_22","2","DAILY","8","2026","","0","","","","","","","","",""
"a3HUU000000HR742AG","0051U0000028jHJQAY","0","Gateway_Usage-DAILY-2026_02_23","0128W000000axHn","2026-02-23 10:00:22","0051U0000028jHJQAY","2026-02-24 00:45:18","0051U0000028jHJQAY","2026-02-24 00:45:18","","","0","","","","","","","","","","","","2026-02-23 00:00:00","Monday","197","798","Gateway_Usage-DAILY-2026_02_23","2","DAILY","8","2026","","32","","","","","","","","",""
"a3HUU000000HSeD2AW","0051U0000028jHJQAY","0","Gateway_Usage-DAILY-2026_02_24","0128W000000axHn","2026-02-24 10:00:18","0051U0000028jHJQAY","2026-02-25 00:12:02","0051U0000028jHJQAY","2026-02-25 00:12:02","","","0","","","","","","","","","","","","2026-02-24 00:00:00","Tuesday","82","86","Gateway_Usage-DAILY-2026_02_24","2","DAILY","8","2026","","11","","","","","","","","",""
"a3HUU000000HUHp2AO","0051U0000028jHJQAY","0","Gateway_Usage-DAILY-2026_02_25","0128W000000axHn","2026-02-25 10:00:26","0051U0000028jHJQAY","2026-02-25 23:01:51","0051U0000028jHJQAY","2026-02-25 23:01:51","","","0","","","","","","","","","","","","2026-02-25 00:00:00","Wednesday","75","86","Gateway_Usage-DAILY-2026_02_25","2","DAILY","8","2026","","24","","","","","","","","",""
"a3HUU000000HWOT2A4","0051U0000028jHJQAY","0","Gateway_Usage-DAILY-2026_02_26","0128W000000axHn","2026-02-26 10:00:34","0051U0000028jHJQAY","2026-02-27 00:41:24","0051U0000028jHJQAY","2026-02-27 00:41:24","","","0","","","","","","","","","","","","2026-02-26 00:00:00","Thursday","184","690","Gateway_Usage-DAILY-2026_02_26","2","DAILY","8","2026","","38","","","","","","","","",""
"a3HUU000000HXqn2AG","0051U0000028jHJQAY","0","Gateway_Usage-DAILY-2026_02_27","0128W000000axHn","2026-02-27 10:00:15","0051U0000028jHJQAY","2026-02-28 00:08:50","0051U0000028jHJQAY","2026-02-28 00:08:50","","","0","","","","","","","","","","","","2026-02-27 00:00:00","Friday","265","1182","Gateway_Usage-DAILY-2026_02_27","2","DAILY","8","2026","","334","","","","","","","","",""
"a3HUU000000HZML2A4","0051U0000028jHJQAY","0","Gateway_Usage-DAILY-2026_02_28","0128W000000axHn","2026-02-28 10:00:20","0051U0000028jHJQAY","2026-02-28 19:54:44","0051U0000028jHJQAY","2026-02-28 19:54:44","","","0","","","","","","","","","","","","2026-02-28 00:00:00","Saturday","56","58","Gateway_Usage-DAILY-2026_02_28","2","DAILY","8","2026","","10","","","","","","","","",""
"a3HUU000000HaDZ2A0","0051U0000028jHJQAY","0","Gateway_Usage-DAILY-2026_03_01","0128W000000axHn","2026-03-02 10:00:23","0051U0000028jHJQAY","2026-03-02 10:00:23","0051U0000028jHJQAY","2026-03-02 10:00:23","","","0","","","","","","","","","","","","2026-03-01 00:00:00","Sunday","0","0","Gateway_Usage-DAILY-2026_03_01","3","DAILY","9","2026","","0","","","","","","","","",""
"a3HUU000000HaDa2AK","0051U0000028jHJQAY","0","Gateway_Usage-DAILY-2026_03_02","0128W000000axHn","2026-03-02 10:00:23","0051U0000028jHJQAY","2026-03-02 23:14:52","0051U0000028jHJQAY","2026-03-02 23:14:52","","","0","","","","","","","","","","","","2026-03-02 00:00:00","Monday","168","799","Gateway_Usage-DAILY-2026_03_02","3","DAILY","9","2026","","47","","","","","","","","",""
"a3HUU000000HcTt2AK","0051U0000028jHJQAY","0","Gateway_Usage-DAILY-2026_03_03","0128W000000axHn","2026-03-03 10:00:18","0051U0000028jHJQAY","2026-03-03 23:55:49","0051U0000028jHJQAY","2026-03-03 23:55:49","","","0","","","","","","","","","","","","2026-03-03 00:00:00","Tuesday","83","96","Gateway_Usage-DAILY-2026_03_03","3","DAILY","9","2026","","24","","","","","","","","",""
"a3HUU000000Hdpl2AC","0051U0000028jHJQAY","0","Gateway_Usage-DAILY-2026_03_04","0128W000000axHn","2026-03-04 10:00:10","0051U0000028jHJQAY","2026-03-05 00:42:44","0051U0000028jHJQAY","2026-03-05 00:42:44","","","0","","","","","","","","","","","","2026-03-04 00:00:00","Wednesday","73","79","Gateway_Usage-DAILY-2026_03_04","3","DAILY","9","2026","","10","","","","","","","","",""
"a3HUU000000HfMv2AK","0051U0000028jHJQAY","0","Gateway_Usage-DAILY-2026_03_05","0128W000000axHn","2026-03-05 10:00:10","0051U0000028jHJQAY","2026-03-06 00:45:05","0051U0000028jHJQAY","2026-03-06 00:45:05","","","0","","","","","","","","","","","","2026-03-05 00:00:00","Thursday","189","799","Gateway_Usage-DAILY-2026_03_05","3","DAILY","9","2026","","43","","","","","","","","",""
"a3HUU000000HgSf2AK","0051U0000028jHJQAY","0","Gateway_Usage-DAILY-2026_03_06","0128W000000axHn","2026-03-06 10:00:14","0051U0000028jHJQAY","2026-03-06 23:56:31","0051U0000028jHJQAY","2026-03-06 23:56:31","","","0","","","","","","","","","","","","2026-03-06 00:00:00","Friday","172","868","Gateway_Usage-DAILY-2026_03_06","3","DAILY","9","2026","","46","","","","","","","","",""
"a3HUU000000HhgT2AS","0051U0000028jHJQAY","0","Gateway_Usage-DAILY-2026_03_07","0128W000000axHn","2026-03-07 10:00:28","0051U0000028jHJQAY","2026-03-07 10:00:38","0051U0000028jHJQAY","2026-03-07 10:00:38","","","0","","","","","","","","","","","","2026-03-07 00:00:00","Saturday","3","5","Gateway_Usage-DAILY-2026_03_07","3","DAILY","9","2026","","1","","","","","","","","",""
"a3HUU000000HiRF2A0","0051U0000028jHJQAY","0","Gateway_Usage-DAILY-2026_03_08","0128W000000axHn","2026-03-09 10:00:31","0051U0000028jHJQAY","2026-03-09 10:00:31","0051U0000028jHJQAY","2026-03-09 10:00:31","","","0","","","","","","","","","","","","2026-03-08 00:00:00","Sunday","0","0","Gateway_Usage-DAILY-2026_03_08","3","DAILY","10","2026","","0","","","","","","","","",""
"a3HUU000000HiRG2A0","0051U0000028jHJQAY","0","Gateway_Usage-DAILY-2026_03_09","0128W000000axHn","2026-03-09 10:00:31","0051U0000028jHJQAY","2026-03-09 23:18:33","0051U0000028jHJQAY","2026-03-09 23:18:33","","","0","","","","","","","","","","","","2026-03-09 00:00:00","Monday","103","685","Gateway_Usage-DAILY-2026_03_09","3","DAILY","10","2026","","23","","","","","","","","",""
"a3HUU000000HjWz2AK","0051U0000028jHJQAY","0","Gateway_Usage-DAILY-2026_03_10","0128W000000axHn","2026-03-10 10:00:12","0051U0000028jHJQAY","2026-03-10 23:13:55","0051U0000028jHJQAY","2026-03-10 23:13:55","","","0","","","","","","","","","","","","2026-03-10 00:00:00","Tuesday","81","98","Gateway_Usage-DAILY-2026_03_10","3","DAILY","10","2026","","30","","","","","","","","",""
"a3HUU000000Hkpd2AC","0051U0000028jHJQAY","0","Gateway_Usage-DAILY-2026_03_11","0128W000000axHn","2026-03-11 10:00:27","0051U0000028jHJQAY","2026-03-12 00:48:32","0051U0000028jHJQAY","2026-03-12 00:48:32","","","0","","","","","","","","","","","","2026-03-11 00:00:00","Wednesday","103","104","Gateway_Usage-DAILY-2026_03_11","3","DAILY","10","2026","","12","","","","","","","","",""
"a3HUU000000HkuT2AS","0051U0000028jHJQAY","0","Active_Gateways-DAILY-2026_03_11","012UU000002Pmmf","2026-03-11 13:40:07","0051U0000028jHJQAY","2026-03-12 00:48:32","0051U0000028jHJQAY","2026-03-12 00:48:32","","","0","","","","","","","","","","","","2026-03-11 00:00:00","Wednesday","102","","Active_Gateways-DAILY-2026_03_11","3","DAILY","10","2026","","","66","0","","","","","","",""
"a3HUU000000Hmg92AC","0051U0000028jHJQAY","0","Gateway_Usage-DAILY-2026_03_12","0128W000000axHn","2026-03-12 10:00:18","0051U0000028jHJQAY","2026-03-13 01:08:57","0051U0000028jHJQAY","2026-03-13 01:08:57","","","0","","","","","","","","","","","","2026-03-12 00:00:00","Thursday","158","705","Gateway_Usage-DAILY-2026_03_12","3","DAILY","10","2026","","33","","","","","","","","",""
"a3HUU000000Hmhl2AC","0051U0000028jHJQAY","0","Active_Gateways-DAILY-2026_03_12","012UU000002Pmmf","2026-03-12 12:24:59","0051U0000028jHJQAY","2026-03-13 01:08:57","0051U0000028jHJQAY","2026-03-13 01:08:57","","","0","","","","","","","","","","","","2026-03-12 00:00:00","Thursday","70","","Active_Gateways-DAILY-2026_03_12","3","DAILY","10","2026","","","66","0","","","","","","",""
"a3HUU000000HpMH2A0","0051U0000028jHJQAY","0","Gateway_Usage-DAILY-2026_03_13","0128W000000axHn","2026-03-13 10:00:12","0051U0000028jHJQAY","2026-03-14 01:46:22","0051U0000028jHJQAY","2026-03-14 01:46:22","","","0","","","","","","","","","","","","2026-03-13 00:00:00","Friday","259","1036","Gateway_Usage-DAILY-2026_03_13","3","DAILY","10","2026","","164","","","","","","","","",""
"a3HUU000000HpR72AK","0051U0000028jHJQAY","0","Active_Gateways-DAILY-2026_03_13","012UU000002Pmmf","2026-03-13 13:27:48","0051U0000028jHJQAY","2026-03-14 01:46:22","0051U0000028jHJQAY","2026-03-14 01:46:22","","","0","","","","","","","","","","","","2026-03-13 00:00:00","Friday","150","","Active_Gateways-DAILY-2026_03_13","3","DAILY","10","2026","","","66","0","","","","","","",""
"a3HUU000000Hqev2AC","0051U0000028jHJQAY","0","Gateway_Usage-DAILY-2026_03_14","0128W000000axHn","2026-03-14 10:00:17","0051U0000028jHJQAY","2026-03-14 18:02:13","0051U0000028jHJQAY","2026-03-14 18:02:13","","","0","","","","","","","","","","","","2026-03-14 00:00:00","Saturday","6","9","Gateway_Usage-DAILY-2026_03_14","3","DAILY","10","2026","","1","","","","","","","","",""
"a3HUU000000Hqrp2AC","0051U0000028jHJQAY","0","Active_Gateways-DAILY-2026_03_14","012UU000002Pmmf","2026-03-14 17:45:17","0051U0000028jHJQAY","2026-03-14 18:02:13","0051U0000028jHJQAY","2026-03-14 18:02:13","","","0","","","","","","","","","","","","2026-03-14 00:00:00","Saturday","3","","Active_Gateways-DAILY-2026_03_14","3","DAILY","10","2026","","","64","0","","","","","","",""
"a3HUU000000HruL2AS","0051U0000028jHJQAY","0","Gateway_Usage-DAILY-2026_03_15","0128W000000axHn","2026-03-16 10:00:06","0051U0000028jHJQAY","2026-03-16 10:00:06","0051U0000028jHJQAY","2026-03-16 10:00:06","","","0","","","","","","","","","","","","2026-03-15 00:00:00","Sunday","0","0","Gateway_Usage-DAILY-2026_03_15","3","DAILY","11","2026","","0","","","","","","","","",""
"a3HUU000000HruM2AS","0051U0000028jHJQAY","0","Gateway_Usage-DAILY-2026_03_16","0128W000000axHn","2026-03-16 10:00:06","0051U0000028jHJQAY","2026-03-16 22:55:01","0051U0000028jHJQAY","2026-03-16 22:55:01","","","0","","","","","","","","","","","","2026-03-16 00:00:00","Monday","104","769","Gateway_Usage-DAILY-2026_03_16","3","DAILY","11","2026","","45","","","","","","","","",""
"a3HUU000000HsDh2AK","0051U0000028jHJQAY","0","Active_Gateways-DAILY-2026_03_15","012UU000002Pmmf","2026-03-16 15:37:35","0051U0000028jHJQAY","2026-03-16 15:37:35","0051U0000028jHJQAY","2026-03-16 15:37:35","","","0","","","","","","","","","","","","2026-03-15 00:00:00","Sunday","0","","Active_Gateways-DAILY-2026_03_15","3","DAILY","11","2026","","","","","","","","","","",""
"a3HUU000000HsDi2AK","0051U0000028jHJQAY","0","Active_Gateways-DAILY-2026_03_16","012UU000002Pmmf","2026-03-16 15:37:35","0051U0000028jHJQAY","2026-03-16 22:55:01","0051U0000028jHJQAY","2026-03-16 22:55:01","","","0","","","","","","","","","","","","2026-03-16 00:00:00","Monday","9","","Active_Gateways-DAILY-2026_03_16","3","DAILY","11","2026","","","66","0","","","","","","",""
"a3HUU000000Htkr2AC","0051U0000028jHJQAY","0","Gateway_Usage-DAILY-2026_03_17","0128W000000axHn","2026-03-17 10:00:23","0051U0000028jHJQAY","2026-03-18 01:05:44","0051U0000028jHJQAY","2026-03-18 01:05:44","","","0","","","","","","","","","","","","2026-03-17 00:00:00","Tuesday","100","111","Gateway_Usage-DAILY-2026_03_17","3","DAILY","11","2026","","19","","","","","","","","",""
"a3HUU000000Htxl2AC","0051U0000028jHJQAY","0","Active_Gateways-DAILY-2026_03_17","012UU000002Pmmf","2026-03-17 14:28:08","0051U0000028jHJQAY","2026-03-18 01:05:45","0051U0000028jHJQAY","2026-03-18 01:05:45","","","0","","","","","","","","","","","","2026-03-17 00:00:00","Tuesday","88","","Active_Gateways-DAILY-2026_03_17","3","DAILY","11","2026","","","66","0","","","","","","",""
"a3HUU000000HvLF2A0","0051U0000028jHJQAY","0","Gateway_Usage-DAILY-2026_03_18","0128W000000axHn","2026-03-18 10:00:36","0051U0000028jHJQAY","2026-03-18 23:59:40","0051U0000028jHJQAY","2026-03-18 23:59:40","","","0","","","","","","","","","","","","2026-03-18 00:00:00","Wednesday","80","91","Gateway_Usage-DAILY-2026_03_18","3","DAILY","11","2026","","16","","","","","","","","",""
"a3HUU000000HvTJ2A0","0051U0000028jHJQAY","0","Active_Gateways-DAILY-2026_03_18","012UU000002Pmmf","2026-03-18 13:54:43","0051U0000028jHJQAY","2026-03-18 23:59:40","0051U0000028jHJQAY","2026-03-18 23:59:40","","","0","","","","","","","","","","","","2026-03-18 00:00:00","Wednesday","70","","Active_Gateways-DAILY-2026_03_18","3","DAILY","11","2026","","","66","0","","","","","","",""
"a3HUU000000HxQH2A0","0051U0000028jHJQAY","0","Gateway_Usage-DAILY-2026_03_19","0128W000000axHn","2026-03-19 10:00:08","0051U0000028jHJQAY","2026-03-19 23:20:13","0051U0000028jHJQAY","2026-03-19 23:20:13","","","0","","","","","","","","","","","","2026-03-19 00:00:00","Thursday","112","655","Gateway_Usage-DAILY-2026_03_19","3","DAILY","11","2026","","23","","","","","","","","",""
"a3HUU000000Hxi12AC","0051U0000028jHJQAY","0","Active_Gateways-DAILY-2026_03_19","012UU000002Pmmf","2026-03-19 15:13:23","0051U0000028jHJQAY","2026-03-19 23:20:13","0051U0000028jHJQAY","2026-03-19 23:20:13","","","0","","","","","","","","","","","","2026-03-19 00:00:00","Thursday","32","","Active_Gateways-DAILY-2026_03_19","3","DAILY","11","2026","","","66","0","","","","","","",""
"a3HUU000000HyhJ2AS","0051U0000028jHJQAY","0","Gateway_Usage-DAILY-2026_03_20","0128W000000axHn","2026-03-20 10:00:25","0051U0000028jHJQAY","2026-03-21 00:30:40","0051U0000028jHJQAY","2026-03-21 00:30:40","","","0","","","","","","","","","","","","2026-03-20 00:00:00","Friday","148","843","Gateway_Usage-DAILY-2026_03_20","3","DAILY","11","2026","","73","","","","","","","","",""
"a3HUU000000HykX2AS","0051U0000028jHJQAY","0","Active_Gateways-DAILY-2026_03_20","012UU000002Pmmf","2026-03-20 12:21:19","0051U0000028jHJQAY","2026-03-21 00:30:41","0051U0000028jHJQAY","2026-03-21 00:30:41","","","0","","","","","","","","","","","","2026-03-20 00:00:00","Friday","51","","Active_Gateways-DAILY-2026_03_20","3","DAILY","11","2026","","","66","0","","","","","","",""
"a3HUU000000I0rB2AS","0051U0000028jHJQAY","0","Gateway_Usage-DAILY-2026_03_21","0128W000000axHn","2026-03-23 10:00:25","0051U0000028jHJQAY","2026-03-23 10:00:25","0051U0000028jHJQAY","2026-03-23 10:00:25","","","0","","","","","","","","","","","","2026-03-21 00:00:00","Saturday","0","0","Gateway_Usage-DAILY-2026_03_21","3","DAILY","11","2026","","0","","","","","","","","",""
"a3HUU000000I0rC2AS","0051U0000028jHJQAY","0","Gateway_Usage-DAILY-2026_03_22","0128W000000axHn","2026-03-23 10:00:25","0051U0000028jHJQAY","2026-03-23 10:00:25","0051U0000028jHJQAY","2026-03-23 10:00:25","","","0","","","","","","","","","","","","2026-03-22 00:00:00","Sunday","0","0","Gateway_Usage-DAILY-2026_03_22","3","DAILY","12","2026","","0","","","","","","","","",""
"a3HUU000000I0rD2AS","0051U0000028jHJQAY","0","Gateway_Usage-DAILY-2026_03_23","0128W000000axHn","2026-03-23 10:00:25","0051U0000028jHJQAY","2026-03-23 23:22:12","0051U0000028jHJQAY","2026-03-23 23:22:12","","","0","","","","","","","","","","","","2026-03-23 00:00:00","Monday","114","751","Gateway_Usage-DAILY-2026_03_23","3","DAILY","12","2026","","20","","","","","","","","",""
"a3HUU000000I0sn2AC","0051U0000028jHJQAY","0","Active_Gateways-DAILY-2026_03_21","012UU000002Pmmf","2026-03-23 13:26:53","0051U0000028jHJQAY","2026-03-23 13:26:53","0051U0000028jHJQAY","2026-03-23 13:26:53","","","0","","","","","","","","","","","","2026-03-21 00:00:00","Saturday","0","","Active_Gateways-DAILY-2026_03_21","3","DAILY","11","2026","","","","","","","","","","",""
"a3HUU000000I0so2AC","0051U0000028jHJQAY","0","Active_Gateways-DAILY-2026_03_22","012UU000002Pmmf","2026-03-23 13:26:53","0051U0000028jHJQAY","2026-03-23 13:26:53","0051U0000028jHJQAY","2026-03-23 13:26:53","","","0","","","","","","","","","","","","2026-03-22 00:00:00","Sunday","0","","Active_Gateways-DAILY-2026_03_22","3","DAILY","12","2026","","","","","","","","","","",""
"a3HUU000000I0sp2AC","0051U0000028jHJQAY","0","Active_Gateways-DAILY-2026_03_23","012UU000002Pmmf","2026-03-23 13:26:53","0051U0000028jHJQAY","2026-03-23 23:22:12","0051U0000028jHJQAY","2026-03-23 23:22:12","","","0","","","","","","","","","","","","2026-03-23 00:00:00","Monday","23","","Active_Gateways-DAILY-2026_03_23","3","DAILY","12","2026","","","64","0","","","","","","",""
"a3HUU000000I3Vh2AK","0051U0000028jHJQAY","0","Gateway_Usage-DAILY-2026_03_24","0128W000000axHn","2026-03-24 10:00:09","0051U0000028jHJQAY","2026-03-24 23:26:07","0051U0000028jHJQAY","2026-03-24 23:26:07","","","0","","","","","","","","","","","","2026-03-24 00:00:00","Tuesday","53","62","Gateway_Usage-DAILY-2026_03_24","3","DAILY","12","2026","","10","","","","","","","","",""
"a3HUU000000I3x72AC","0051U0000028jHJQAY","0","Active_Gateways-DAILY-2026_03_24","012UU000002Pmmf","2026-03-24 14:39:04","0051U0000028jHJQAY","2026-03-24 23:26:07","0051U0000028jHJQAY","2026-03-24 23:26:07","","","0","","","","","","","","","","","","2026-03-24 00:00:00","Tuesday","43","","Active_Gateways-DAILY-2026_03_24","3","DAILY","12","2026","","","66","0","","","","","","",""
"a3HUU000000I6Wn2AK","0051U0000028jHJQAY","0","Gateway_Usage-DAILY-2026_03_25","0128W000000axHn","2026-03-25 10:00:24","0051U0000028jHJQAY","2026-03-26 01:27:23","0051U0000028jHJQAY","2026-03-26 01:27:23","","","0","","","","","","","","","","","","2026-03-25 00:00:00","Wednesday","64","78","Gateway_Usage-DAILY-2026_03_25","3","DAILY","12","2026","","17","","","","","","","","",""
"a3HUU000000I7EL2A0","0051U0000028jHJQAY","0","Active_Gateways-DAILY-2026_03_25","012UU000002Pmmf","2026-03-25 18:12:48","0051U0000028jHJQAY","2026-03-26 01:27:23","0051U0000028jHJQAY","2026-03-26 01:27:23","","","0","","","","","","","","","","","","2026-03-25 00:00:00","Wednesday","50","","Active_Gateways-DAILY-2026_03_25","3","DAILY","12","2026","","","66","0","","","","","","",""
"a3HUU000000I8yP2AS","0051U0000028jHJQAY","0","Gateway_Usage-DAILY-2026_03_26","0128W000000axHn","2026-03-26 10:00:11","0051U0000028jHJQAY","2026-03-26 23:55:18","0051U0000028jHJQAY","2026-03-26 23:55:18","","","0","","","","","","","","","","","","2026-03-26 00:00:00","Thursday","128","682","Gateway_Usage-DAILY-2026_03_26","3","DAILY","12","2026","","26","","","","","","","","",""
"a3HUU000000I93F2AS","0051U0000028jHJQAY","0","Active_Gateways-DAILY-2026_03_26","012UU000002Pmmf","2026-03-26 12:44:37","0051U0000028jHJQAY","2026-03-26 23:55:18","0051U0000028jHJQAY","2026-03-26 23:55:18","","","0","","","","","","","","","","","","2026-03-26 00:00:00","Thursday","47","","Active_Gateways-DAILY-2026_03_26","3","DAILY","12","2026","","","66","0","","","","","","",""
"a3HUU000000IAaP2AW","0051U0000028jHJQAY","0","Gateway_Usage-DAILY-2026_03_27","0128W000000axHn","2026-03-27 10:00:31","0051U0000028jHJQAY","2026-03-28 00:06:50","0051U0000028jHJQAY","2026-03-28 00:06:50","","","0","","","","","","","","","","","","2026-03-27 00:00:00","Friday","173","875","Gateway_Usage-DAILY-2026_03_27","3","DAILY","12","2026","","71","","","","","","","","",""
"a3HUU000000IAdd2AG","0051U0000028jHJQAY","0","Active_Gateways-DAILY-2026_03_27","012UU000002Pmmf","2026-03-27 12:28:19","0051U0000028jHJQAY","2026-03-28 00:06:50","0051U0000028jHJQAY","2026-03-28 00:06:50","","","0","","","","","","","","","","","","2026-03-27 00:00:00","Friday","79","","Active_Gateways-DAILY-2026_03_27","3","DAILY","12","2026","","","66","0","","","","","","",""
"a3HUU000000ICCP2A4","0051U0000028jHJQAY","0","Gateway_Usage-DAILY-2026_03_28","0128W000000axHn","2026-03-28 16:12:34","0051U0000028jHJQAY","2026-03-28 16:23:35","0051U0000028jHJQAY","2026-03-28 16:23:35","","","0","","","","","","","","","","","","2026-03-28 00:00:00","Saturday","4","4","Gateway_Usage-DAILY-2026_03_28","3","DAILY","12","2026","","1","","","","","","","","",""
"a3HUU000000ICCQ2A4","0051U0000028jHJQAY","0","Active_Gateways-DAILY-2026_03_28","012UU000002Pmmf","2026-03-28 16:12:34","0051U0000028jHJQAY","2026-03-28 16:23:36","0051U0000028jHJQAY","2026-03-28 16:23:36","","","0","","","","","","","","","","","","2026-03-28 00:00:00","Saturday","4","","Active_Gateways-DAILY-2026_03_28","3","DAILY","12","2026","","","64","0","","","","","","",""
"a3HUU000000ICp72AG","0051U0000028jHJQAY","0","Gateway_Usage-DAILY-2026_03_29","0128W000000axHn","2026-03-30 10:00:33","0051U0000028jHJQAY","2026-03-30 10:00:33","0051U0000028jHJQAY","2026-03-30 10:00:33","","","0","","","","","","","","","","","","2026-03-29 00:00:00","Sunday","0","0","Gateway_Usage-DAILY-2026_03_29","3","DAILY","13","2026","","0","","","","","","","","",""
"a3HUU000000ICp82AG","0051U0000028jHJQAY","0","Gateway_Usage-DAILY-2026_03_30","0128W000000axHn","2026-03-30 10:00:33","0051U0000028jHJQAY","2026-03-30 23:49:22","0051U0000028jHJQAY","2026-03-30 23:49:22","","","0","","","","","","","","","","","","2026-03-30 00:00:00","Monday","183","1190","Gateway_Usage-DAILY-2026_03_30","3","DAILY","13","2026","","218","","","","","","","","",""
"a3HUU000000ICqj2AG","0051U0000028jHJQAY","0","Active_Gateways-DAILY-2026_03_29","012UU000002Pmmf","2026-03-30 12:09:14","0051U0000028jHJQAY","2026-03-30 12:09:14","0051U0000028jHJQAY","2026-03-30 12:09:14","","","0","","","","","","","","","","","","2026-03-29 00:00:00","Sunday","0","","Active_Gateways-DAILY-2026_03_29","3","DAILY","13","2026","","","","","","","","","","",""
"a3HUU000000ICqk2AG","0051U0000028jHJQAY","0","Active_Gateways-DAILY-2026_03_30","012UU000002Pmmf","2026-03-30 12:09:14","0051U0000028jHJQAY","2026-03-30 23:49:22","0051U0000028jHJQAY","2026-03-30 23:49:22","","","0","","","","","","","","","","","","2026-03-30 00:00:00","Monday","53","","Active_Gateways-DAILY-2026_03_30","3","DAILY","13","2026","","","66","0","","","","","","",""
"a3HUU000000IF3p2AG","0051U0000028jHJQAY","0","Gateway_Usage-DAILY-2026_03_31","0128W000000axHn","2026-03-31 10:00:41","0051U0000028jHJQAY","2026-04-01 02:08:26","0051U0000028jHJQAY","2026-04-01 02:08:26","","","0","","","","","","","","","","","","2026-03-31 00:00:00","Tuesday","71","75","Gateway_Usage-DAILY-2026_03_31","3","DAILY","13","2026","","10","","","","","","","","",""
"a3HUU000000IF5R2AW","0051U0000028jHJQAY","0","Active_Gateways-DAILY-2026_03_31","012UU000002Pmmf","2026-03-31 12:19:31","0051U0000028jHJQAY","2026-04-01 02:08:27","0051U0000028jHJQAY","2026-04-01 02:08:27","","","0","","","","","","","","","","","","2026-03-31 00:00:00","Tuesday","69","","Active_Gateways-DAILY-2026_03_31","3","DAILY","13","2026","","","66","0","","","","","","",""
"a3HUU000000IHC52AO","0051U0000028jHJQAY","0","Gateway_Usage-DAILY-2026_04_01","0128W000000axHn","2026-04-01 10:00:20","0051U0000028jHJQAY","2026-04-02 00:31:23","0051U0000028jHJQAY","2026-04-02 00:31:23","","","0","","","","","","","","","","","","2026-04-01 00:00:00","Wednesday","91","104","Gateway_Usage-DAILY-2026_04_01","4","DAILY","13","2026","","34","","","","","","","","",""
"a3HUU000000IHFJ2A4","0051U0000028jHJQAY","0","Active_Gateways-DAILY-2026_04_01","012UU000002Pmmf","2026-04-01 14:06:07","0051U0000028jHJQAY","2026-04-02 00:31:23","0051U0000028jHJQAY","2026-04-02 00:31:23","","","0","","","","","","","","","","","","2026-04-01 00:00:00","Wednesday","67","","Active_Gateways-DAILY-2026_04_01","4","DAILY","13","2026","","","66","0","","","","","","",""
"a3HUU000000II1h2AG","0051U0000028jHJQAY","0","Gateway_Usage-DAILY-2026_04_02","0128W000000axHn","2026-04-02 10:00:10","0051U0000028jHJQAY","2026-04-02 21:20:51","0051U0000028jHJQAY","2026-04-02 21:20:51","","","0","","","","","","","","","","","","2026-04-02 00:00:00","Thursday","133","763","Gateway_Usage-DAILY-2026_04_02","4","DAILY","13","2026","","54","","","","","","","","",""
"a3HUU000000II3J2AW","0051U0000028jHJQAY","0","Active_Gateways-DAILY-2026_04_02","012UU000002Pmmf","2026-04-02 11:24:19","0051U0000028jHJQAY","2026-04-02 21:20:51","0051U0000028jHJQAY","2026-04-02 21:20:51","","","0","","","","","","","","","","","","2026-04-02 00:00:00","Thursday","38","","Active_Gateways-DAILY-2026_04_02","4","DAILY","13","2026","","","66","0","","","","","","",""
"a3HUU000000IJVd2AO","0051U0000028jHJQAY","0","Gateway_Usage-DAILY-2026_04_03","0128W000000axHn","2026-04-03 10:00:10","0051U0000028jHJQAY","2026-04-03 10:17:49","0051U0000028jHJQAY","2026-04-03 10:17:49","","","0","","","","","","","","","","","","2026-04-03 00:00:00","Friday","109","801","Gateway_Usage-DAILY-2026_04_03","4","DAILY","13","2026","","61","","","","","","","","",""
"a3HUU000000IKQ52AO","0051U0000028jHJQAY","0","Gateway_Usage-DAILY-2026_04_04","0128W000000axHn","2026-04-04 10:00:17","0051U0000028jHJQAY","2026-04-04 10:00:36","0051U0000028jHJQAY","2026-04-04 10:00:36","","","0","","","","","","","","","","","","2026-04-04 00:00:00","Saturday","2","4","Gateway_Usage-DAILY-2026_04_04","4","DAILY","13","2026","","2","","","","","","","","",""
"a3HUU000000IKpt2AG","0051U0000028jHJQAY","0","Gateway_Usage-DAILY-2026_04_05","0128W000000axHn","2026-04-05 10:00:28","0051U0000028jHJQAY","2026-04-05 10:00:28","0051U0000028jHJQAY","2026-04-05 10:00:28","","","0","","","","","","","","","","","","2026-04-05 00:00:00","Sunday","1","1","Gateway_Usage-DAILY-2026_04_05","4","DAILY","14","2026","","0","","","","","","","","",""
"a3HUU000000ILHJ2A4","0051U0000028jHJQAY","0","Gateway_Usage-DAILY-2026_04_06","0128W000000axHn","2026-04-06 10:00:20","0051U0000028jHJQAY","2026-04-06 23:02:59","0051U0000028jHJQAY","2026-04-06 23:02:59","","","0","","","","","","","","","","","","2026-04-06 00:00:00","Monday","112","770","Gateway_Usage-DAILY-2026_04_06","4","DAILY","14","2026","","22","","","","","","","","",""
"a3HUU000000ILPN2A4","0051U0000028jHJQAY","0","Active_Gateways-DAILY-2026_04_03","012UU000002Pmmf","2026-04-06 13:55:20","0051U0000028jHJQAY","2026-04-06 13:55:20","0051U0000028jHJQAY","2026-04-06 13:55:20","","","0","","","","","","","","","","","","2026-04-03 00:00:00","Friday","0","","Active_Gateways-DAILY-2026_04_03","4","DAILY","13","2026","","","","","","","","","","",""
"a3HUU000000ILPO2A4","0051U0000028jHJQAY","0","Active_Gateways-DAILY-2026_04_04","012UU000002Pmmf","2026-04-06 13:55:20","0051U0000028jHJQAY","2026-04-06 13:55:20","0051U0000028jHJQAY","2026-04-06 13:55:20","","","0","","","","","","","","","","","","2026-04-04 00:00:00","Saturday","0","","Active_Gateways-DAILY-2026_04_04","4","DAILY","13","2026","","","","","","","","","","",""
"a3HUU000000ILPP2A4","0051U0000028jHJQAY","0","Active_Gateways-DAILY-2026_04_05","012UU000002Pmmf","2026-04-06 13:55:20","0051U0000028jHJQAY","2026-04-06 13:55:20","0051U0000028jHJQAY","2026-04-06 13:55:20","","","0","","","","","","","","","","","","2026-04-05 00:00:00","Sunday","0","","Active_Gateways-DAILY-2026_04_05","4","DAILY","14","2026","","","","","","","","","","",""
"a3HUU000000ILPQ2A4","0051U0000028jHJQAY","0","Active_Gateways-DAILY-2026_04_06","012UU000002Pmmf","2026-04-06 13:55:20","0051U0000028jHJQAY","2026-04-06 23:02:59","0051U0000028jHJQAY","2026-04-06 23:02:59","","","0","","","","","","","","","","","","2026-04-06 00:00:00","Monday","13","","Active_Gateways-DAILY-2026_04_06","4","DAILY","14","2026","","","66","0","","","","","","",""
"a3HUU000000INML2A4","0051U0000028jHJQAY","0","Gateway_Usage-DAILY-2026_04_07","0128W000000axHn","2026-04-07 10:00:13","0051U0000028jHJQAY","2026-04-07 23:59:57","0051U0000028jHJQAY","2026-04-07 23:59:57","","","0","","","","","","","","","","","","2026-04-07 00:00:00","Tuesday","61","66","Gateway_Usage-DAILY-2026_04_07","4","DAILY","14","2026","","7","","","","","","","","",""
"a3HUU000000INRB2A4","0051U0000028jHJQAY","0","Active_Gateways-DAILY-2026_04_07","012UU000002Pmmf","2026-04-07 13:55:19","0051U0000028jHJQAY","2026-04-07 23:59:57","0051U0000028jHJQAY","2026-04-07 23:59:57","","","0","","","","","","","","","","","","2026-04-07 00:00:00","Tuesday","49","","Active_Gateways-DAILY-2026_04_07","4","DAILY","14","2026","","","66","0","","","","","","",""
"a3HUU000000IPUb2AO","0051U0000028jHJQAY","0","Gateway_Usage-DAILY-2026_04_08","0128W000000axHn","2026-04-08 10:00:19","0051U0000028jHJQAY","2026-04-08 22:36:01","0051U0000028jHJQAY","2026-04-08 22:36:01","","","0","","","","","","","","","","","","2026-04-08 00:00:00","Wednesday","37","40","Gateway_Usage-DAILY-2026_04_08","4","DAILY","14","2026","","7","","","","","","","","",""
"a3HUU000000IPb32AG","0051U0000028jHJQAY","0","Active_Gateways-DAILY-2026_04_08","012UU000002Pmmf","2026-04-08 12:38:53","0051U0000028jHJQAY","2026-04-08 22:36:01","0051U0000028jHJQAY","2026-04-08 22:36:01","","","0","","","","","","","","","","","","2026-04-08 00:00:00","Wednesday","29","","Active_Gateways-DAILY-2026_04_08","4","DAILY","14","2026","","","66","0","","","","","","",""
"a3HUU000000ITOX2A4","0051U0000028jHJQAY","0","Gateway_Usage-DAILY-2026_04_09","0128W000000axHn","2026-04-09 10:00:19","0051U0000028jHJQAY","2026-04-10 00:35:38","0051U0000028jHJQAY","2026-04-10 00:35:38","","","0","","","","","","","","","","","","2026-04-09 00:00:00","Thursday","147","757","Gateway_Usage-DAILY-2026_04_09","4","DAILY","14","2026","","26","","","","","","","","",""
"a3HUU000000IUIz2AO","0051U0000028jHJQAY","0","Active_Gateways-DAILY-2026_04_09","012UU000002Pmmf","2026-04-09 20:38:03","0051U0000028jHJQAY","2026-04-10 00:35:38","0051U0000028jHJQAY","2026-04-10 00:35:38","","","0","","","","","","","","","","","","2026-04-09 00:00:00","Thursday","55","","Active_Gateways-DAILY-2026_04_09","4","DAILY","14","2026","","","66","0","","","","","","",""
"a3HUU000000IWRF2A4","0051U0000028jHJQAY","0","Gateway_Usage-DAILY-2026_04_10","0128W000000axHn","2026-04-10 10:00:11","0051U0000028jHJQAY","2026-04-11 00:10:20","0051U0000028jHJQAY","2026-04-11 00:10:20","","","0","","","","","","","","","","","","2026-04-10 00:00:00","Friday","158","846","Gateway_Usage-DAILY-2026_04_10","4","DAILY","14","2026","","51","","","","","","","","",""
"a3HUU000000IWUT2A4","0051U0000028jHJQAY","0","Active_Gateways-DAILY-2026_04_10","012UU000002Pmmf","2026-04-10 12:09:43","0051U0000028jHJQAY","2026-04-11 00:10:20","0051U0000028jHJQAY","2026-04-11 00:10:20","","","0","","","","","","","","","","","","2026-04-10 00:00:00","Friday","50","","Active_Gateways-DAILY-2026_04_10","4","DAILY","14","2026","","","66","0","","","","","","",""
"a3HUU000000IZAb2AO","0051U0000028jHJQAY","0","Gateway_Usage-DAILY-2026_04_11","0128W000000axHn","2026-04-11 10:00:31","0051U0000028jHJQAY","2026-04-11 10:00:31","0051U0000028jHJQAY","2026-04-11 10:00:31","","","0","","","","","","","","","","","","2026-04-11 00:00:00","Saturday","1","1","Gateway_Usage-DAILY-2026_04_11","4","DAILY","14","2026","","0","","","","","","","","",""
"a3HUU000000IZs92AG","0051U0000028jHJQAY","0","Gateway_Usage-DAILY-2026_04_12","0128W000000axHn","2026-04-12 10:00:21","0051U0000028jHJQAY","2026-04-12 10:00:21","0051U0000028jHJQAY","2026-04-12 10:00:21","","","0","","","","","","","","","","","","2026-04-12 00:00:00","Sunday","1","3","Gateway_Usage-DAILY-2026_04_12","4","DAILY","15","2026","","0","","","","","","","","",""
"a3HUU000000IaBV2A0","0051U0000028jHJQAY","0","Gateway_Usage-DAILY-2026_04_13","0128W000000axHn","2026-04-13 10:00:25","0051U0000028jHJQAY","2026-04-13 23:43:30","0051U0000028jHJQAY","2026-04-13 23:43:30","","","0","","","","","","","","","","","","2026-04-13 00:00:00","Monday","135","793","Gateway_Usage-DAILY-2026_04_13","4","DAILY","15","2026","","17","","","","","","","","",""
"a3HUU000000IaD72AK","0051U0000028jHJQAY","0","Active_Gateways-DAILY-2026_04_11","012UU000002Pmmf","2026-04-13 12:29:06","0051U0000028jHJQAY","2026-04-13 12:29:06","0051U0000028jHJQAY","2026-04-13 12:29:06","","","0","","","","","","","","","","","","2026-04-11 00:00:00","Saturday","0","","Active_Gateways-DAILY-2026_04_11","4","DAILY","14","2026","","","","","","","","","","",""
"a3HUU000000IaD82AK","0051U0000028jHJQAY","0","Active_Gateways-DAILY-2026_04_12","012UU000002Pmmf","2026-04-13 12:29:06","0051U0000028jHJQAY","2026-04-13 12:29:06","0051U0000028jHJQAY","2026-04-13 12:29:06","","","0","","","","","","","","","","","","2026-04-12 00:00:00","Sunday","0","","Active_Gateways-DAILY-2026_04_12","4","DAILY","15","2026","","","","","","","","","","",""
"a3HUU000000IaD92AK","0051U0000028jHJQAY","0","Active_Gateways-DAILY-2026_04_13","012UU000002Pmmf","2026-04-13 12:29:06","0051U0000028jHJQAY","2026-04-13 23:43:30","0051U0000028jHJQAY","2026-04-13 23:43:30","","","0","","","","","","","","","","","","2026-04-13 00:00:00","Monday","41","","Active_Gateways-DAILY-2026_04_13","4","DAILY","15","2026","","","66","0","","","","","","",""
"a3HUU000000IcwT2AS","0051U0000028jHJQAY","0","Gateway_Usage-DAILY-2026_04_14","0128W000000axHn","2026-04-14 10:00:23","0051U0000028jHJQAY","2026-04-15 00:39:58","0051U0000028jHJQAY","2026-04-15 00:39:58","","","0","","","","","","","","","","","","2026-04-14 00:00:00","Tuesday","119","124","Gateway_Usage-DAILY-2026_04_14","4","DAILY","15","2026","","21","","","","","","","","",""
"a3HUU000000Iczh2AC","0051U0000028jHJQAY","0","Active_Gateways-DAILY-2026_04_14","012UU000002Pmmf","2026-04-14 13:17:56","0051U0000028jHJQAY","2026-04-15 00:39:59","0051U0000028jHJQAY","2026-04-15 00:39:59","","","0","","","","","","","","","","","","2026-04-14 00:00:00","Tuesday","103","","Active_Gateways-DAILY-2026_04_14","4","DAILY","15","2026","","","66","0","","","","","","",""
"a3HUU000000IfPh2AK","0051U0000028jHJQAY","0","Gateway_Usage-DAILY-2026_04_15","0128W000000axHn","2026-04-15 10:00:20","0051U0000028jHJQAY","2026-04-16 00:05:54","0051U0000028jHJQAY","2026-04-16 00:05:54","","","0","","","","","","","","","","","","2026-04-15 00:00:00","Wednesday","103","252","Gateway_Usage-DAILY-2026_04_15","4","DAILY","15","2026","","101","","","","","","","","",""
"a3HUU000000IfeD2AS","0051U0000028jHJQAY","0","Active_Gateways-DAILY-2026_04_15","012UU000002Pmmf","2026-04-15 15:27:20","0051U0000028jHJQAY","2026-04-16 00:05:54","0051U0000028jHJQAY","2026-04-16 00:05:54","","","0","","","","","","","","","","","","2026-04-15 00:00:00","Wednesday","49","","Active_Gateways-DAILY-2026_04_15","4","DAILY","15","2026","","","66","0","","","","","","",""
"a3HUU000000Ih4v2AC","0051U0000028jHJQAY","0","Gateway_Usage-DAILY-2026_04_16","0128W000000axHn","2026-04-16 10:00:08","0051U0000028jHJQAY","2026-04-16 18:34:25","0051U0000028jHJQAY","2026-04-16 18:34:25","","","0","","","","","","","","","","","","2026-04-16 00:00:00","Thursday","105","682","Gateway_Usage-DAILY-2026_04_16","4","DAILY","15","2026","","35","","","","","","","","",""
"a3HUU000000IhEb2AK","0051U0000028jHJQAY","0","Active_Gateways-DAILY-2026_04_16","012UU000002Pmmf","2026-04-16 15:04:49","0051U0000028jHJQAY","2026-04-16 18:34:25","0051U0000028jHJQAY","2026-04-16 18:34:25","","","0","","","","","","","","","","","","2026-04-16 00:00:00","Thursday","6","","Active_Gateways-DAILY-2026_04_16","4","DAILY","15","2026","","","64","0","","","","","","",""
"a3HUU000000IjRh2AK","0051U0000028jHJQAY","0","Gateway_Usage-DAILY-2026_04_17","0128W000000axHn","2026-04-17 10:00:20","0051U0000028jHJQAY","2026-04-17 23:30:13","0051U0000028jHJQAY","2026-04-17 23:30:13","","","0","","","","","","","","","","","","2026-04-17 00:00:00","Friday","144","921","Gateway_Usage-DAILY-2026_04_17","4","DAILY","15","2026","","57","","","","","","","","",""
"a3HUU000000IkNl2AK","0051U0000028jHJQAY","0","Active_Gateways-DAILY-2026_04_17","012UU000002Pmmf","2026-04-17 19:29:24","0051U0000028jHJQAY","2026-04-17 23:30:13","0051U0000028jHJQAY","2026-04-17 23:30:13","","","0","","","","","","","","","","","","2026-04-17 00:00:00","Friday","26","","Active_Gateways-DAILY-2026_04_17","4","DAILY","15","2026","","","66","0","","","","","","",""
"a3HUU000000IlTV2A0","0051U0000028jHJQAY","0","Gateway_Usage-DAILY-2026_04_18","0128W000000axHn","2026-04-18 10:00:26","0051U0000028jHJQAY","2026-04-18 16:22:27","0051U0000028jHJQAY","2026-04-18 16:22:27","","","0","","","","","","","","","","","","2026-04-18 00:00:00","Saturday","3","3","Gateway_Usage-DAILY-2026_04_18","4","DAILY","15","2026","","0","","","","","","","","",""
"a3HUU000000IldB2AS","0051U0000028jHJQAY","0","Active_Gateways-DAILY-2026_04_18","012UU000002Pmmf","2026-04-18 16:22:27","0051U0000028jHJQAY","2026-04-18 16:22:27","0051U0000028jHJQAY","2026-04-18 16:22:27","","","0","","","","","","","","","","","","2026-04-18 00:00:00","Saturday","1","","Active_Gateways-DAILY-2026_04_18","4","DAILY","15","2026","","","64","0","","","","","","",""
"a3HUU000000Ily92AC","0051U0000028jHJQAY","0","Gateway_Usage-DAILY-2026_04_19","0128W000000axHn","2026-04-19 10:00:15","0051U0000028jHJQAY","2026-04-19 10:00:15","0051U0000028jHJQAY","2026-04-19 10:00:15","","","0","","","","","","","","","","","","2026-04-19 00:00:00","Sunday","1","1","Gateway_Usage-DAILY-2026_04_19","4","DAILY","16","2026","","0","","","","","","","","",""
"a3HUU000000ImCg2AK","0051U0000028jHJQAY","0","Gateway_Usage-DAILY-2026_04_20","0128W000000axHn","2026-04-20 10:00:15","0051U0000028jHJQAY","2026-04-21 00:21:57","0051U0000028jHJQAY","2026-04-21 00:21:57","","","0","","","","","","","","","","","","2026-04-20 00:00:00","Monday","160","941","Gateway_Usage-DAILY-2026_04_20","4","DAILY","16","2026","","49","","","","","","","","",""
"a3HUU000000ImXd2AK","0051U0000028jHJQAY","0","Active_Gateways-DAILY-2026_04_19","012UU000002Pmmf","2026-04-20 12:57:59","0051U0000028jHJQAY","2026-04-20 12:57:59","0051U0000028jHJQAY","2026-04-20 12:57:59","","","0","","","","","","","","","","","","2026-04-19 00:00:00","Sunday","0","","Active_Gateways-DAILY-2026_04_19","4","DAILY","16","2026","","","","","","","","","","",""
"a3HUU000000ImXe2AK","0051U0000028jHJQAY","0","Active_Gateways-DAILY-2026_04_20","012UU000002Pmmf","2026-04-20 12:57:59","0051U0000028jHJQAY","2026-04-21 00:21:58","0051U0000028jHJQAY","2026-04-21 00:21:58","","","0","","","","","","","","","","","","2026-04-20 00:00:00","Monday","39","","Active_Gateways-DAILY-2026_04_20","4","DAILY","16","2026","","","66","0","","","","","","",""
"a3HUU000000IoPl2AK","0051U0000028jHJQAY","0","Gateway_Usage-DAILY-2026_04_21","0128W000000axHn","2026-04-21 10:00:39","0051U0000028jHJQAY","2026-04-22 00:18:39","0051U0000028jHJQAY","2026-04-22 00:18:39","","","0","","","","","","","","","","","","2026-04-21 00:00:00","Tuesday","90","94","Gateway_Usage-DAILY-2026_04_21","4","DAILY","16","2026","","7","","","","","","","","",""
"a3HUU000000IoWD2A0","0051U0000028jHJQAY","0","Active_Gateways-DAILY-2026_04_21","012UU000002Pmmf","2026-04-21 12:31:26","0051U0000028jHJQAY","2026-04-22 00:18:39","0051U0000028jHJQAY","2026-04-22 00:18:39","","","0","","","","","","","","","","","","2026-04-21 00:00:00","Tuesday","80","","Active_Gateways-DAILY-2026_04_21","4","DAILY","16","2026","","","66","0","","","","","","",""
"a3HUU000000IpnF2AS","0051U0000028jHJQAY","0","Gateway_Usage-DAILY-2026_04_22","0128W000000axHn","2026-04-22 10:00:38","0051U0000028jHJQAY","2026-04-23 00:54:03","0051U0000028jHJQAY","2026-04-23 00:54:03","","","0","","","","","","","","","","","","2026-04-22 00:00:00","Wednesday","91","96","Gateway_Usage-DAILY-2026_04_22","4","DAILY","16","2026","","6","","","","","","","","",""
"a3HUU000000Ipor2AC","0051U0000028jHJQAY","0","Active_Gateways-DAILY-2026_04_22","012UU000002Pmmf","2026-04-22 14:17:08","0051U0000028jHJQAY","2026-04-23 00:54:03","0051U0000028jHJQAY","2026-04-23 00:54:03","","","0","","","","","","","","","","","","2026-04-22 00:00:00","Wednesday","82","","Active_Gateways-DAILY-2026_04_22","4","DAILY","16","2026","","","66","0","","","","","","",""
"a3HUU000000Iryj2AC","0051U0000028jHJQAY","0","Gateway_Usage-DAILY-2026_04_23","0128W000000axHn","2026-04-23 10:00:11","0051U0000028jHJQAY","2026-04-24 00:19:59","0051U0000028jHJQAY","2026-04-24 00:19:59","","","0","","","","","","","","","","","","2026-04-23 00:00:00","Thursday","139","776","Gateway_Usage-DAILY-2026_04_23","4","DAILY","16","2026","","23","","","","","","","","",""
"a3HUU000000Is1x2AC","0051U0000028jHJQAY","0","Active_Gateways-DAILY-2026_04_23","012UU000002Pmmf","2026-04-23 12:24:13","0051U0000028jHJQAY","2026-04-24 00:19:59","0051U0000028jHJQAY","2026-04-24 00:19:59","","","0","","","","","","","","","","","","2026-04-23 00:00:00","Thursday","39","","Active_Gateways-DAILY-2026_04_23","4","DAILY","16","2026","","","66","0","","","","","","",""
"a3HUU000000ItFl2AK","0051U0000028jHJQAY","0","Gateway_Usage-DAILY-2026_04_24","0128W000000axHn","2026-04-24 10:00:11","0051U0000028jHJQAY","2026-04-25 00:12:05","0051U0000028jHJQAY","2026-04-25 00:12:05","","","0","","","","","","","","","","","","2026-04-24 00:00:00","Friday","171","954","Gateway_Usage-DAILY-2026_04_24","4","DAILY","16","2026","","59","","","","","","","","",""
"a3HUU000000ItNp2AK","0051U0000028jHJQAY","0","Active_Gateways-DAILY-2026_04_24","012UU000002Pmmf","2026-04-24 12:52:56","0051U0000028jHJQAY","2026-04-25 00:12:06","0051U0000028jHJQAY","2026-04-25 00:12:06","","","0","","","","","","","","","","","","2026-04-24 00:00:00","Friday","47","","Active_Gateways-DAILY-2026_04_24","4","DAILY","16","2026","","","66","0","","","","","","",""
"a3HUU000000IutN2AS","0051U0000028jHJQAY","0","Gateway_Usage-DAILY-2026_04_25","0128W000000axHn","2026-04-25 10:00:14","0051U0000028jHJQAY","2026-04-25 10:00:14","0051U0000028jHJQAY","2026-04-25 10:00:14","","","0","","","","","","","","","","","","2026-04-25 00:00:00","Saturday","1","1","Gateway_Usage-DAILY-2026_04_25","4","DAILY","16","2026","","0","","","","","","","","",""
"a3HUU000000Iv9V2AS","0051U0000028jHJQAY","0","Gateway_Usage-DAILY-2026_04_26","0128W000000axHn","2026-04-26 10:00:21","0051U0000028jHJQAY","2026-04-26 10:00:21","0051U0000028jHJQAY","2026-04-26 10:00:21","","","0","","","","","","","","","","","","2026-04-26 00:00:00","Sunday","1","4","Gateway_Usage-DAILY-2026_04_26","4","DAILY","17","2026","","0","","","","","","","","",""
"a3HUU000000IvSr2AK","0051U0000028jHJQAY","0","Gateway_Usage-DAILY-2026_04_27","0128W000000axHn","2026-04-27 10:00:14","0051U0000028jHJQAY","2026-04-28 00:10:01","0051U0000028jHJQAY","2026-04-28 00:10:01","","","0","","","","","","","","","","","","2026-04-27 00:00:00","Monday","148","928","Gateway_Usage-DAILY-2026_04_27","4","DAILY","17","2026","","21","","","","","","","","",""
"a3HUU000000Ivav2AC","0051U0000028jHJQAY","0","Active_Gateways-DAILY-2026_04_25","012UU000002Pmmf","2026-04-27 13:35:41","0051U0000028jHJQAY","2026-04-27 13:35:41","0051U0000028jHJQAY","2026-04-27 13:35:41","","","0","","","","","","","","","","","","2026-04-25 00:00:00","Saturday","0","","Active_Gateways-DAILY-2026_04_25","4","DAILY","16","2026","","","","","","","","","","",""
"a3HUU000000Ivaw2AC","0051U0000028jHJQAY","0","Active_Gateways-DAILY-2026_04_26","012UU000002Pmmf","2026-04-27 13:35:41","0051U0000028jHJQAY","2026-04-27 13:35:41","0051U0000028jHJQAY","2026-04-27 13:35:41","","","0","","","","","","","","","","","","2026-04-26 00:00:00","Sunday","0","","Active_Gateways-DAILY-2026_04_26","4","DAILY","17","2026","","","","","","","","","","",""
"a3HUU000000Ivax2AC","0051U0000028jHJQAY","0","Active_Gateways-DAILY-2026_04_27","012UU000002Pmmf","2026-04-27 13:35:41","0051U0000028jHJQAY","2026-04-28 00:10:01","0051U0000028jHJQAY","2026-04-28 00:10:01","","","0","","","","","","","","","","","","2026-04-27 00:00:00","Monday","37","","Active_Gateways-DAILY-2026_04_27","4","DAILY","17","2026","","","66","0","","","","","","",""
"a3HUU000000IxHl2AK","0051U0000028jHJQAY","0","Gateway_Usage-DAILY-2026_04_28","0128W000000axHn","2026-04-28 10:00:21","0051U0000028jHJQAY","2026-04-28 22:59:33","0051U0000028jHJQAY","2026-04-28 22:59:33","","","0","","","","","","","","","","","","2026-04-28 00:00:00","Tuesday","41","55","Gateway_Usage-DAILY-2026_04_28","4","DAILY","17","2026","","21","","","","","","","","",""
"a3HUU000000IxRR2A0","0051U0000028jHJQAY","0","Active_Gateways-DAILY-2026_04_28","012UU000002Pmmf","2026-04-28 13:56:33","0051U0000028jHJQAY","2026-04-28 22:59:33","0051U0000028jHJQAY","2026-04-28 22:59:33","","","0","","","","","","","","","","","","2026-04-28 00:00:00","Tuesday","23","","Active_Gateways-DAILY-2026_04_28","4","DAILY","17","2026","","","66","0","","","","","","",""
"a3HUU000000Iylh2AC","0051U0000028jHJQAY","0","Gateway_Usage-DAILY-2026_04_29","0128W000000axHn","2026-04-29 10:00:09","0051U0000028jHJQAY","2026-04-30 00:25:27","0051U0000028jHJQAY","2026-04-30 00:25:27","","","0","","","","","","","","","","","","2026-04-29 00:00:00","Wednesday","65","72","Gateway_Usage-DAILY-2026_04_29","4","DAILY","17","2026","","17","","","","","","","","",""
"a3HUU000000IynJ2AS","0051U0000028jHJQAY","0","Active_Gateways-DAILY-2026_04_29","012UU000002Pmmf","2026-04-29 12:15:56","0051U0000028jHJQAY","2026-04-30 00:25:27","0051U0000028jHJQAY","2026-04-30 00:25:27","","","0","","","","","","","","","","","","2026-04-29 00:00:00","Wednesday","50","","Active_Gateways-DAILY-2026_04_29","4","DAILY","17","2026","","","66","0","","","","","","",""
"a3HUU000000J0CP2A0","0051U0000028jHJQAY","0","Gateway_Usage-DAILY-2026_04_30","0128W000000axHn","2026-04-30 10:00:24","0051U0000028jHJQAY","2026-05-01 00:31:59","0051U0000028jHJQAY","2026-05-01 00:31:59","","","0","","","","","","","","","","","","2026-04-30 00:00:00","Thursday","230","1307","Gateway_Usage-DAILY-2026_04_30","4","DAILY","17","2026","","228","","","","","","","","",""
"a3HUU000000J0E12AK","0051U0000028jHJQAY","0","Active_Gateways-DAILY-2026_04_30","012UU000002Pmmf","2026-04-30 12:17:36","0051U0000028jHJQAY","2026-05-01 00:32:00","0051U0000028jHJQAY","2026-05-01 00:32:00","","","0","","","","","","","","","","","","2026-04-30 00:00:00","Thursday","86","","Active_Gateways-DAILY-2026_04_30","4","DAILY","17","2026","","","66","0","","","","","","",""
"a3HUU000000J6hd2AC","0051U0000028jHJQAY","0","Gateway_Usage-DAILY-2026_05_01","0128W000000axHn","2026-05-01 10:00:12","0051U0000028jHJQAY","2026-05-02 00:17:02","0051U0000028jHJQAY","2026-05-02 00:17:02","","","0","","","","","","","","","","","","2026-05-01 00:00:00","Friday","193","1170","Gateway_Usage-DAILY-2026_05_01","5","DAILY","17","2026","","93","","","","","","","","",""
"a3HUU000000J6jF2AS","0051U0000028jHJQAY","0","Active_Gateways-DAILY-2026_05_01","012UU000002Pmmf","2026-05-01 13:59:25","0051U0000028jHJQAY","2026-05-02 00:17:02","0051U0000028jHJQAY","2026-05-02 00:17:02","","","0","","","","","","","","","","","","2026-05-01 00:00:00","Friday","63","","Active_Gateways-DAILY-2026_05_01","5","DAILY","17","2026","","","66","0","","","","","","",""
"a3HUU000000J7dh2AC","0051U0000028jHJQAY","0","Gateway_Usage-DAILY-2026_05_02","0128W000000axHn","2026-05-02 10:00:15","0051U0000028jHJQAY","2026-05-02 10:00:27","0051U0000028jHJQAY","2026-05-02 10:00:27","","","0","","","","","","","","","","","","2026-05-02 00:00:00","Saturday","2","3","Gateway_Usage-DAILY-2026_05_02","5","DAILY","17","2026","","1","","","","","","","","",""
"a3HUU000000J80H2AS","0051U0000028jHJQAY","0","Gateway_Usage-DAILY-2026_05_03","0128W000000axHn","2026-05-03 10:00:30","0051U0000028jHJQAY","2026-05-03 10:00:30","0051U0000028jHJQAY","2026-05-03 10:00:30","","","0","","","","","","","","","","","","2026-05-03 00:00:00","Sunday","1","2","Gateway_Usage-DAILY-2026_05_03","5","DAILY","18","2026","","0","","","","","","","","",""
"a3HUU000000J8Jd2AK","0051U0000028jHJQAY","0","Gateway_Usage-DAILY-2026_05_04","0128W000000axHn","2026-05-04 10:00:09","0051U0000028jHJQAY","2026-05-05 00:30:11","0051U0000028jHJQAY","2026-05-05 00:30:11","","","0","","","","","","","","","","","","2026-05-04 00:00:00","Monday","172","1090","Gateway_Usage-DAILY-2026_05_04","5","DAILY","18","2026","","21","","","","","","","","",""
"a3HUU000000J8WX2A0","0051U0000028jHJQAY","0","Active_Gateways-DAILY-2026_05_02","012UU000002Pmmf","2026-05-04 14:58:35","0051U0000028jHJQAY","2026-05-04 14:58:35","0051U0000028jHJQAY","2026-05-04 14:58:35","","","0","","","","","","","","","","","","2026-05-02 00:00:00","Saturday","0","","Active_Gateways-DAILY-2026_05_02","5","DAILY","17","2026","","","","","","","","","","",""
"a3HUU000000J8WY2A0","0051U0000028jHJQAY","0","Active_Gateways-DAILY-2026_05_03","012UU000002Pmmf","2026-05-04 14:58:35","0051U0000028jHJQAY","2026-05-04 14:58:35","0051U0000028jHJQAY","2026-05-04 14:58:35","","","0","","","","","","","","","","","","2026-05-03 00:00:00","Sunday","0","","Active_Gateways-DAILY-2026_05_03","5","DAILY","18","2026","","","","","","","","","","",""
"a3HUU000000J8WZ2A0","0051U0000028jHJQAY","0","Active_Gateways-DAILY-2026_05_04","012UU000002Pmmf","2026-05-04 14:58:35","0051U0000028jHJQAY","2026-05-05 00:30:11","0051U0000028jHJQAY","2026-05-05 00:30:11","","","0","","","","","","","","","","","","2026-05-04 00:00:00","Monday","51","","Active_Gateways-DAILY-2026_05_04","5","DAILY","18","2026","","","66","0","","","","","","",""
"a3HUU000000J9sP2AS","0051U0000028jHJQAY","0","Gateway_Usage-DAILY-2026_05_05","0128W000000axHn","2026-05-05 10:00:17","0051U0000028jHJQAY","2026-05-06 00:52:14","0051U0000028jHJQAY","2026-05-06 00:52:14","","","0","","","","","","","","","","","","2026-05-05 00:00:00","Tuesday","82","94","Gateway_Usage-DAILY-2026_05_05","5","DAILY","18","2026","","13","","","","","","","","",""
"a3HUU000000JA252AG","0051U0000028jHJQAY","0","Active_Gateways-DAILY-2026_05_05","012UU000002Pmmf","2026-05-05 13:40:32","0051U0000028jHJQAY","2026-05-06 00:52:14","0051U0000028jHJQAY","2026-05-06 00:52:14","","","0","","","","","","","","","","","","2026-05-05 00:00:00","Tuesday","64","","Active_Gateways-DAILY-2026_05_05","5","DAILY","18","2026","","","66","0","","","","","","",""
"a3HUU000000JBML2A4","0051U0000028jHJQAY","0","Gateway_Usage-DAILY-2026_05_06","0128W000000axHn","2026-05-06 10:00:09","0051U0000028jHJQAY","2026-05-06 22:49:33","0051U0000028jHJQAY","2026-05-06 22:49:33","","","0","","","","","","","","","","","","2026-05-06 00:00:00","Wednesday","18","29","Gateway_Usage-DAILY-2026_05_06","5","DAILY","18","2026","","7","","","","","","","","",""
"a3HUU000000JBXd2AO","0051U0000028jHJQAY","0","Active_Gateways-DAILY-2026_05_06","012UU000002Pmmf","2026-05-06 14:40:00","0051U0000028jHJQAY","2026-05-06 22:49:33","0051U0000028jHJQAY","2026-05-06 22:49:33","","","0","","","","","","","","","","","","2026-05-06 00:00:00","Wednesday","5","","Active_Gateways-DAILY-2026_05_06","5","DAILY","18","2026","","","66","0","","","","","","",""
"a3HUU000000JCof2AG","0051U0000028jHJQAY","0","Gateway_Usage-DAILY-2026_05_07","0128W000000axHn","2026-05-07 10:00:22","0051U0000028jHJQAY","2026-05-08 00:36:28","0051U0000028jHJQAY","2026-05-08 00:36:28","","","0","","","","","","","","","","","","2026-05-07 00:00:00","Thursday","175","1024","Gateway_Usage-DAILY-2026_05_07","5","DAILY","18","2026","","22","","","","","","","","",""
"a3HUU000000JCzx2AG","0051U0000028jHJQAY","0","Active_Gateways-DAILY-2026_05_07","012UU000002Pmmf","2026-05-07 14:01:00","0051U0000028jHJQAY","2026-05-08 00:36:28","0051U0000028jHJQAY","2026-05-08 00:36:28","","","0","","","","","","","","","","","","2026-05-07 00:00:00","Thursday","61","","Active_Gateways-DAILY-2026_05_07","5","DAILY","18","2026","","","66","0","","","","","","",""
"a3HUU000000JEYj2AO","0051U0000028jHJQAY","0","Gateway_Usage-DAILY-2026_05_08","0128W000000axHn","2026-05-08 10:00:09","0051U0000028jHJQAY","2026-05-09 00:25:41","0051U0000028jHJQAY","2026-05-09 00:25:41","","","0","","","","","","","","","","","","2026-05-08 00:00:00","Friday","193","1124","Gateway_Usage-DAILY-2026_05_08","5","DAILY","18","2026","","48","","","","","","","","",""
"a3HUU000000JEld2AG","0051U0000028jHJQAY","0","Active_Gateways-DAILY-2026_05_08","012UU000002Pmmf","2026-05-08 15:31:28","0051U0000028jHJQAY","2026-05-09 00:25:41","0051U0000028jHJQAY","2026-05-09 00:25:41","","","0","","","","","","","","","","","","2026-05-08 00:00:00","Friday","65","","Active_Gateways-DAILY-2026_05_08","5","DAILY","18","2026","","","66","0","","","","","","",""
"a3HUU000000JFsz2AG","0051U0000028jHJQAY","0","Gateway_Usage-DAILY-2026_05_09","0128W000000axHn","2026-05-10 10:00:15","0051U0000028jHJQAY","2026-05-10 10:00:15","0051U0000028jHJQAY","2026-05-10 10:00:15","","","0","","","","","","","","","","","","2026-05-09 00:00:00","Saturday","0","0","Gateway_Usage-DAILY-2026_05_09","5","DAILY","18","2026","","0","","","","","","","","",""
"a3HUU000000JFt02AG","0051U0000028jHJQAY","0","Gateway_Usage-DAILY-2026_05_10","0128W000000axHn","2026-05-10 10:00:15","0051U0000028jHJQAY","2026-05-10 10:00:15","0051U0000028jHJQAY","2026-05-10 10:00:15","","","0","","","","","","","","","","","","2026-05-10 00:00:00","Sunday","1","4","Gateway_Usage-DAILY-2026_05_10","5","DAILY","19","2026","","0","","","","","","","","",""
"a3HUU000000JG972AG","0051U0000028jHJQAY","0","Gateway_Usage-DAILY-2026_05_11","0128W000000axHn","2026-05-11 10:00:08","0051U0000028jHJQAY","2026-05-11 22:22:38","0051U0000028jHJQAY","2026-05-11 22:22:38","","","0","","","","","","","","","","","","2026-05-11 00:00:00","Monday","243","1168","Gateway_Usage-DAILY-2026_05_11","5","DAILY","19","2026","","17","","","","","","","","",""
"a3HUU000000JGlp2AG","0051U0000028jHJQAY","0","Active_Gateways-DAILY-2026_05_09","012UU000002Pmmf","2026-05-11 17:17:39","0051U0000028jHJQAY","2026-05-11 17:17:39","0051U0000028jHJQAY","2026-05-11 17:17:39","","","0","","","","","","","","","","","","2026-05-09 00:00:00","Saturday","0","","Active_Gateways-DAILY-2026_05_09","5","DAILY","18","2026","","","","","","","","","","",""
"a3HUU000000JGlq2AG","0051U0000028jHJQAY","0","Active_Gateways-DAILY-2026_05_10","012UU000002Pmmf","2026-05-11 17:17:39","0051U0000028jHJQAY","2026-05-11 17:17:39","0051U0000028jHJQAY","2026-05-11 17:17:39","","","0","","","","","","","","","","","","2026-05-10 00:00:00","Sunday","0","","Active_Gateways-DAILY-2026_05_10","5","DAILY","19","2026","","","","","","","","","","",""
"a3HUU000000JGlr2AG","0051U0000028jHJQAY","0","Active_Gateways-DAILY-2026_05_11","012UU000002Pmmf","2026-05-11 17:17:39","0051U0000028jHJQAY","2026-05-11 22:22:38","0051U0000028jHJQAY","2026-05-11 22:22:38","","","0","","","","","","","","","","","","2026-05-11 00:00:00","Monday","123","","Active_Gateways-DAILY-2026_05_11","5","DAILY","19","2026","","","66","0","","","","","","",""
"a3HUU000000JI4T2AW","0051U0000028jHJQAY","0","Gateway_Usage-DAILY-2026_05_12","0128W000000axHn","2026-05-12 10:00:14","0051U0000028jHJQAY","2026-05-13 01:11:07","0051U0000028jHJQAY","2026-05-13 01:11:07","","","0","","","","","","","","","","","","2026-05-12 00:00:00","Tuesday","154","166","Gateway_Usage-DAILY-2026_05_12","5","DAILY","19","2026","","13","","","","","","","","",""
"a3HUU000000JIVt2AO","0051U0000028jHJQAY","0","Active_Gateways-DAILY-2026_05_12","012UU000002Pmmf","2026-05-12 14:41:03","0051U0000028jHJQAY","2026-05-13 01:11:07","0051U0000028jHJQAY","2026-05-13 01:11:07","","","0","","","","","","","","","","","","2026-05-12 00:00:00","Tuesday","140","","Active_Gateways-DAILY-2026_05_12","5","DAILY","19","2026","","","66","0","","","","","","",""
"a3HUU000000JJrl2AG","0051U0000028jHJQAY","0","Gateway_Usage-DAILY-2026_05_13","0128W000000axHn","2026-05-13 10:00:05","0051U0000028jHJQAY","2026-05-13 23:55:50","0051U0000028jHJQAY","2026-05-13 23:55:50","","","0","","","","","","","","","","","","2026-05-13 00:00:00","Wednesday","98","101","Gateway_Usage-DAILY-2026_05_13","5","DAILY","19","2026","","14","","","","","","","","",""
"a3HUU000000JJuz2AG","0051U0000028jHJQAY","0","Active_Gateways-DAILY-2026_05_13","012UU000002Pmmf","2026-05-13 12:27:24","0051U0000028jHJQAY","2026-05-13 23:55:50","0051U0000028jHJQAY","2026-05-13 23:55:50","","","0","","","","","","","","","","","","2026-05-13 00:00:00","Wednesday","88","","Active_Gateways-DAILY-2026_05_13","5","DAILY","19","2026","","","66","0","","","","","","",""
"a3HUU000000JKnp2AG","0051U0000028jHJQAY","0","Gateway_Usage-DAILY-2026_05_14","0128W000000axHn","2026-05-14 10:00:17","0051U0000028jHJQAY","2026-05-15 00:08:46","0051U0000028jHJQAY","2026-05-15 00:08:46","","","0","","","","","","","","","","","","2026-05-14 00:00:00","Thursday","168","844","Gateway_Usage-DAILY-2026_05_14","5","DAILY","19","2026","","16","","","","","","","","",""
"a3HUU000000JLgf2AG","0051U0000028jHJQAY","0","Active_Gateways-DAILY-2026_05_14","012UU000002Pmmf","2026-05-14 19:06:35","0051U0000028jHJQAY","2026-05-15 00:08:46","0051U0000028jHJQAY","2026-05-15 00:08:46","","","0","","","","","","","","","","","","2026-05-14 00:00:00","Thursday","74","","Active_Gateways-DAILY-2026_05_14","5","DAILY","19","2026","","","66","0","","","","","","",""
"a3HUU000000JMpd2AG","0051U0000028jHJQAY","0","Gateway_Usage-DAILY-2026_05_15","0128W000000axHn","2026-05-15 10:00:10","0051U0000028jHJQAY","2026-05-16 00:17:27","0051U0000028jHJQAY","2026-05-16 00:17:27","","","0","","","","","","","","","","","","2026-05-15 00:00:00","Friday","216","1223","Gateway_Usage-DAILY-2026_05_15","5","DAILY","19","2026","","160","","","","","","","","",""
"a3HUU000000JMw52AG","0051U0000028jHJQAY","0","Active_Gateways-DAILY-2026_05_15","012UU000002Pmmf","2026-05-15 13:19:33","0051U0000028jHJQAY","2026-05-16 00:17:28","0051U0000028jHJQAY","2026-05-16 00:17:28","","","0","","","","","","","","","","","","2026-05-15 00:00:00","Friday","90","","Active_Gateways-DAILY-2026_05_15","5","DAILY","19","2026","","","66","0","","","","","","",""
"a3HUU000000JO3R2AW","0051U0000028jHJQAY","0","Gateway_Usage-DAILY-2026_05_16","0128W000000axHn","2026-05-16 10:00:16","0051U0000028jHJQAY","2026-05-16 10:00:16","0051U0000028jHJQAY","2026-05-16 10:00:16","","","0","","","","","","","","","","","","2026-05-16 00:00:00","Saturday","1","5","Gateway_Usage-DAILY-2026_05_16","5","DAILY","19","2026","","0","","","","","","","","",""
"a3HUU000000JOg92AG","0051U0000028jHJQAY","0","Gateway_Usage-DAILY-2026_05_17","0128W000000axHn","2026-05-18 10:00:24","0051U0000028jHJQAY","2026-05-18 10:00:24","0051U0000028jHJQAY","2026-05-18 10:00:24","","","0","","","","","","","","","","","","2026-05-17 00:00:00","Sunday","0","0","Gateway_Usage-DAILY-2026_05_17","5","DAILY","20","2026","","0","","","","","","","","",""
"a3HUU000000JOgA2AW","0051U0000028jHJQAY","0","Gateway_Usage-DAILY-2026_05_18","0128W000000axHn","2026-05-18 10:00:24","0051U0000028jHJQAY","2026-05-19 00:44:15","0051U0000028jHJQAY","2026-05-19 00:44:15","","","0","","","","","","","","","","","","2026-05-18 00:00:00","Monday","204","1136","Gateway_Usage-DAILY-2026_05_18","5","DAILY","20","2026","","25","","","","","","","","",""
"a3HUU000000JOkz2AG","0051U0000028jHJQAY","0","Active_Gateways-DAILY-2026_05_16","012UU000002Pmmf","2026-05-18 12:19:30","0051U0000028jHJQAY","2026-05-18 12:19:30","0051U0000028jHJQAY","2026-05-18 12:19:30","","","0","","","","","","","","","","","","2026-05-16 00:00:00","Saturday","0","","Active_Gateways-DAILY-2026_05_16","5","DAILY","19","2026","","","","","","","","","","",""
"a3HUU000000JOl02AG","0051U0000028jHJQAY","0","Active_Gateways-DAILY-2026_05_17","012UU000002Pmmf","2026-05-18 12:19:30","0051U0000028jHJQAY","2026-05-18 12:19:30","0051U0000028jHJQAY","2026-05-18 12:19:30","","","0","","","","","","","","","","","","2026-05-17 00:00:00","Sunday","0","","Active_Gateways-DAILY-2026_05_17","5","DAILY","20","2026","","","","","","","","","","",""
"a3HUU000000JOl12AG","0051U0000028jHJQAY","0","Active_Gateways-DAILY-2026_05_18","012UU000002Pmmf","2026-05-18 12:19:30","0051U0000028jHJQAY","2026-05-19 00:44:15","0051U0000028jHJQAY","2026-05-19 00:44:15","","","0","","","","","","","","","","","","2026-05-18 00:00:00","Monday","81","","Active_Gateways-DAILY-2026_05_18","5","DAILY","20","2026","","","64","0","","","","","","",""
"a3HUU000000JPif2AG","0051U0000028jHJQAY","0","Gateway_Usage-DAILY-2026_05_19","0128W000000axHn","2026-05-19 10:00:28","0051U0000028jHJQAY","2026-05-20 00:35:07","0051U0000028jHJQAY","2026-05-20 00:35:07","","","0","","","","","","","","","","","","2026-05-19 00:00:00","Tuesday","68","77","Gateway_Usage-DAILY-2026_05_19","5","DAILY","20","2026","","16","","","","","","","","",""
"a3HUU000000JPp72AG","0051U0000028jHJQAY","0","Active_Gateways-DAILY-2026_05_19","012UU000002Pmmf","2026-05-19 12:16:55","0051U0000028jHJQAY","2026-05-20 00:35:07","0051U0000028jHJQAY","2026-05-20 00:35:07","","","0","","","","","","","","","","","","2026-05-19 00:00:00","Tuesday","57","","Active_Gateways-DAILY-2026_05_19","5","DAILY","20","2026","","","66","0","","","","","","",""
"a3HUU000000JQwT2AW","0051U0000028jHJQAY","0","Gateway_Usage-DAILY-2026_05_20","0128W000000axHn","2026-05-20 10:00:09","0051U0000028jHJQAY","2026-05-20 16:51:16","0051U0000028jHJQAY","2026-05-20 16:51:16","","","0","","","","","","","","","","","","2026-05-20 00:00:00","Wednesday","23","53","Gateway_Usage-DAILY-2026_05_20","5","DAILY","20","2026","","24","","","","","","","","",""
"a3HUU000000JRED2A4","0051U0000028jHJQAY","0","Active_Gateways-DAILY-2026_05_20","012UU000002Pmmf","2026-05-20 16:51:16","0051U0000028jHJQAY","2026-05-20 16:51:16","0051U0000028jHJQAY","2026-05-20 16:51:16","","","0","","","","","","","","","","","","2026-05-20 00:00:00","Wednesday","1","","Active_Gateways-DAILY-2026_05_20","5","DAILY","20","2026","","","64","0","","","","","","",""
"a3HUU000000JSIL2A4","0051U0000028jHJQAY","0","Gateway_Usage-DAILY-2026_05_21","0128W000000axHn","2026-05-21 10:00:13","0051U0000028jHJQAY","2026-05-22 02:24:14","0051U0000028jHJQAY","2026-05-22 02:24:14","","","0","","","","","","","","","","","","2026-05-21 00:00:00","Thursday","142","919","Gateway_Usage-DAILY-2026_05_21","5","DAILY","20","2026","","29","","","","","","","","",""
"a3HUU000000JSev2AG","0051U0000028jHJQAY","0","Active_Gateways-DAILY-2026_05_21","012UU000002Pmmf","2026-05-21 16:10:29","0051U0000028jHJQAY","2026-05-22 02:24:14","0051U0000028jHJQAY","2026-05-22 02:24:14","","","0","","","","","","","","","","","","2026-05-21 00:00:00","Thursday","38","","Active_Gateways-DAILY-2026_05_21","5","DAILY","20","2026","","","64","0","","","","","","",""
"a3HUU000000JU8r2AG","0051U0000028jHJQAY","0","Gateway_Usage-DAILY-2026_05_22","0128W000000axHn","2026-05-22 10:00:06","0051U0000028jHJQAY","2026-05-23 00:41:23","0051U0000028jHJQAY","2026-05-23 00:41:23","","","0","","","","","","","","","","","","2026-05-22 00:00:00","Friday","234","1073","Gateway_Usage-DAILY-2026_05_22","5","DAILY","20","2026","","44","","","","","","","","",""
"a3HUU000000JUC52AO","0051U0000028jHJQAY","0","Active_Gateways-DAILY-2026_05_22","012UU000002Pmmf","2026-05-22 13:13:18","0051U0000028jHJQAY","2026-05-23 00:41:23","0051U0000028jHJQAY","2026-05-23 00:41:23","","","0","","","","","","","","","","","","2026-05-22 00:00:00","Friday","121","","Active_Gateways-DAILY-2026_05_22","5","DAILY","20","2026","","","66","0","","","","","","",""
"a3HUU000000JVkr2AG","0051U0000028jHJQAY","0","Gateway_Usage-DAILY-2026_05_23","0128W000000axHn","2026-05-24 14:20:46","0051U0000028jHJQAY","2026-05-24 14:20:46","0051U0000028jHJQAY","2026-05-24 14:20:46","","","0","","","","","","","","","","","","2026-05-23 00:00:00","Saturday","0","0","Gateway_Usage-DAILY-2026_05_23","5","DAILY","20","2026","","0","","","","","","","","",""
"a3HUU000000JVks2AG","0051U0000028jHJQAY","0","Gateway_Usage-DAILY-2026_05_24","0128W000000axHn","2026-05-24 14:20:46","0051U0000028jHJQAY","2026-05-24 14:22:13","0051U0000028jHJQAY","2026-05-24 14:22:13","","","0","","","","","","","","","","","","2026-05-24 00:00:00","Sunday","4","4","Gateway_Usage-DAILY-2026_05_24","5","DAILY","21","2026","","0","","","","","","","","",""
"a3HUU000000JVkt2AG","0051U0000028jHJQAY","0","Active_Gateways-DAILY-2026_05_23","012UU000002Pmmf","2026-05-24 14:20:47","0051U0000028jHJQAY","2026-05-24 14:20:47","0051U0000028jHJQAY","2026-05-24 14:20:47","","","0","","","","","","","","","","","","2026-05-23 00:00:00","Saturday","0","","Active_Gateways-DAILY-2026_05_23","5","DAILY","20","2026","","","","","","","","","","",""
"a3HUU000000JVku2AG","0051U0000028jHJQAY","0","Active_Gateways-DAILY-2026_05_24","012UU000002Pmmf","2026-05-24 14:20:47","0051U0000028jHJQAY","2026-05-24 14:22:13","0051U0000028jHJQAY","2026-05-24 14:22:13","","","0","","","","","","","","","","","","2026-05-24 00:00:00","Sunday","4","","Active_Gateways-DAILY-2026_05_24","5","DAILY","21","2026","","","64","0","","","","","","",""
"a3HUU000000JW4D2AW","0051U0000028jHJQAY","0","Gateway_Usage-DAILY-2026_05_25","0128W000000axHn","2026-05-25 10:00:23","0051U0000028jHJQAY","2026-05-25 10:18:43","0051U0000028jHJQAY","2026-05-25 10:18:43","","","0","","","","","","","","","","","","2026-05-25 00:00:00","Monday","111","925","Gateway_Usage-DAILY-2026_05_25","5","DAILY","21","2026","","17","","","","","","","","",""
"a3HUU000000JWXF2A4","0051U0000028jHJQAY","0","Gateway_Usage-DAILY-2026_05_26","0128W000000axHn","2026-05-26 10:00:15","0051U0000028jHJQAY","2026-05-26 21:13:55","0051U0000028jHJQAY","2026-05-26 21:13:55","","","0","","","","","","","","","","","","2026-05-26 00:00:00","Tuesday","17","25","Gateway_Usage-DAILY-2026_05_26","5","DAILY","21","2026","","7","","","","","","","","",""
"a3HUU000000JWfJ2AW","0051U0000028jHJQAY","0","Active_Gateways-DAILY-2026_05_25","012UU000002Pmmf","2026-05-26 14:09:15","0051U0000028jHJQAY","2026-05-26 14:09:15","0051U0000028jHJQAY","2026-05-26 14:09:15","","","0","","","","","","","","","","","","2026-05-25 00:00:00","Monday","0","","Active_Gateways-DAILY-2026_05_25","5","DAILY","21","2026","","","","","","","","","","",""
"a3HUU000000JWfK2AW","0051U0000028jHJQAY","0","Active_Gateways-DAILY-2026_05_26","012UU000002Pmmf","2026-05-26 14:09:15","0051U0000028jHJQAY","2026-05-26 21:13:55","0051U0000028jHJQAY","2026-05-26 21:13:55","","","0","","","","","","","","","","","","2026-05-26 00:00:00","Tuesday","4","","Active_Gateways-DAILY-2026_05_26","5","DAILY","21","2026","","","64","0","","","","","","",""
"a3HUU000000JXgD2AW","0051U0000028jHJQAY","0","Gateway_Usage-DAILY-2026_05_27","0128W000000axHn","2026-05-27 10:00:17","0051U0000028jHJQAY","2026-05-27 22:54:46","0051U0000028jHJQAY","2026-05-27 22:54:46","","","0","","","","","","","","","","","","2026-05-27 00:00:00","Wednesday","6","37","Gateway_Usage-DAILY-2026_05_27","5","DAILY","21","2026","","14","","","","","","","","",""
"a3HUU000000JYqn2AG","0051U0000028jHJQAY","0","Active_Gateways-DAILY-2026_05_27","012UU000002Pmmf","2026-05-27 22:27:56","0051U0000028jHJQAY","2026-05-27 22:54:46","0051U0000028jHJQAY","2026-05-27 22:54:46","","","0","","","","","","","","","","","","2026-05-27 00:00:00","Wednesday","2","","Active_Gateways-DAILY-2026_05_27","5","DAILY","21","2026","","","64","0","","","","","","",""
"a3HUU000000JZJp2AO","0051U0000028jHJQAY","0","Gateway_Usage-DAILY-2026_05_28","0128W000000axHn","2026-05-28 10:00:31","0051U0000028jHJQAY","2026-05-29 02:52:44","0051U0000028jHJQAY","2026-05-29 02:52:44","","","0","","","","","","","","","","","","2026-05-28 00:00:00","Thursday","75","603","Gateway_Usage-DAILY-2026_05_28","5","DAILY","21","2026","","5","","","","","","","","",""
"a3HUU000000JZmr2AG","0051U0000028jHJQAY","0","Active_Gateways-DAILY-2026_05_28","012UU000002Pmmf","2026-05-28 15:12:08","0051U0000028jHJQAY","2026-05-29 02:52:44","0051U0000028jHJQAY","2026-05-29 02:52:44","","","0","","","","","","","","","","","","2026-05-28 00:00:00","Thursday","16","","Active_Gateways-DAILY-2026_05_28","5","DAILY","21","2026","","","64","0","","","","","","",""
"a3HUU000000Jb5V2AS","0051U0000028jHJQAY","0","Gateway_Usage-DAILY-2026_05_29","0128W000000axHn","2026-05-29 10:00:12","0051U0000028jHJQAY","2026-05-29 19:45:38","0051U0000028jHJQAY","2026-05-29 19:45:38","","","0","","","","","","","","","","","","2026-05-29 00:00:00","Friday","69","651","Gateway_Usage-DAILY-2026_05_29","5","DAILY","21","2026","","4","","","","","","","","",""
"a3HUU000000Jbgb2AC","0051U0000028jHJQAY","0","Active_Gateways-DAILY-2026_05_29","012UU000002Pmmf","2026-05-29 15:25:12","0051U0000028jHJQAY","2026-05-29 19:45:38","0051U0000028jHJQAY","2026-05-29 19:45:38","","","0","","","","","","","","","","","","2026-05-29 00:00:00","Friday","4","","Active_Gateways-DAILY-2026_05_29","5","DAILY","21","2026","","","64","0","","","","","","",""
"a3HUU000000Jeo92AC","0051U0000028jHJQAY","0","Gateway_Usage-DAILY-2026_05_30","0128W000000axHn","2026-05-30 12:35:26","0051U0000028jHJQAY","2026-05-30 15:49:47","0051U0000028jHJQAY","2026-05-30 15:49:47","","","0","","","","","","","","","","","","2026-05-30 00:00:00","Saturday","18","18","Gateway_Usage-DAILY-2026_05_30","5","DAILY","21","2026","","2","","","","","","","","",""
"a3HUU000000JeoA2AS","0051U0000028jHJQAY","0","Active_Gateways-DAILY-2026_05_30","012UU000002Pmmf","2026-05-30 12:35:27","0051U0000028jHJQAY","2026-05-30 15:49:47","0051U0000028jHJQAY","2026-05-30 15:49:47","","","0","","","","","","","","","","","","2026-05-30 00:00:00","Saturday","18","","Active_Gateways-DAILY-2026_05_30","5","DAILY","21","2026","","","66","0","","","","","","",""
"a3HUU000000JhFl2AK","0051U0000028jHJQAY","0","Gateway_Usage-DAILY-2026_05_31","0128W000000axHn","2026-06-01 10:00:20","0051U0000028jHJQAY","2026-06-01 10:00:20","0051U0000028jHJQAY","2026-06-01 10:00:20","","","0","","","","","","","","","","","","2026-05-31 00:00:00","Sunday","0","0","Gateway_Usage-DAILY-2026_05_31","5","DAILY","22","2026","","0","","","","","","","","",""
"a3HUU000000JhFm2AK","0051U0000028jHJQAY","0","Gateway_Usage-DAILY-2026_06_01","0128W000000axHn","2026-06-01 10:00:20","0051U0000028jHJQAY","2026-06-01 10:13:49","0051U0000028jHJQAY","2026-06-01 10:13:49","","","0","","","","","","","","","","","","2026-06-01 00:00:00","Monday","63","629","Gateway_Usage-DAILY-2026_06_01","6","DAILY","22","2026","","0","","","","","","","","",""
"a3HUU000000JitN2AS","0051U0000028jHJQAY","0","Gateway_Usage-DAILY-2026_06_02","0128W000000axHn","2026-06-02 10:00:13","0051U0000028jHJQAY","2026-06-02 10:00:36","0051U0000028jHJQAY","2026-06-02 10:00:36","","","0","","","","","","","","","","","","2026-06-02 00:00:00","Tuesday","2","19","Gateway_Usage-DAILY-2026_06_02","6","DAILY","22","2026","","0","","","","","","","","",""
"a3HUU000000JlJN2A0","0051U0000028jHJQAY","0","Gateway_Usage-DAILY-2026_06_03","0128W000000axHn","2026-06-03 10:00:17","0051U0000028jHJQAY","2026-06-04 00:34:26","0051U0000028jHJQAY","2026-06-04 00:34:26","","","0","","","","","","","","","","","","2026-06-03 00:00:00","Wednesday","10","13","Gateway_Usage-DAILY-2026_06_03","6","DAILY","22","2026","","0","","","","","","","","",""
"a3HUU000000Jmk52AC","0051U0000028jHJQAY","0","Active_Gateways-DAILY-2026_05_31","012UU000002Pmmf","2026-06-03 23:45:12","0051U0000028jHJQAY","2026-06-03 23:45:12","0051U0000028jHJQAY","2026-06-03 23:45:12","","","0","","","","","","","","","","","","2026-05-31 00:00:00","Sunday","0","","Active_Gateways-DAILY-2026_05_31","5","DAILY","22","2026","","","","","","","","","","",""
"a3HUU000000Jmk62AC","0051U0000028jHJQAY","0","Active_Gateways-DAILY-2026_06_01","012UU000002Pmmf","2026-06-03 23:45:12","0051U0000028jHJQAY","2026-06-03 23:45:12","0051U0000028jHJQAY","2026-06-03 23:45:12","","","0","","","","","","","","","","","","2026-06-01 00:00:00","Monday","0","","Active_Gateways-DAILY-2026_06_01","6","DAILY","22","2026","","","","","","","","","","",""
"a3HUU000000Jmk72AC","0051U0000028jHJQAY","0","Active_Gateways-DAILY-2026_06_02","012UU000002Pmmf","2026-06-03 23:45:12","0051U0000028jHJQAY","2026-06-03 23:45:12","0051U0000028jHJQAY","2026-06-03 23:45:12","","","0","","","","","","","","","","","","2026-06-02 00:00:00","Tuesday","0","","Active_Gateways-DAILY-2026_06_02","6","DAILY","22","2026","","","","","","","","","","",""
"a3HUU000000Jmk82AC","0051U0000028jHJQAY","0","Active_Gateways-DAILY-2026_06_03","012UU000002Pmmf","2026-06-03 23:45:12","0051U0000028jHJQAY","2026-06-04 00:34:27","0051U0000028jHJQAY","2026-06-04 00:34:27","","","0","","","","","","","","","","","","2026-06-03 00:00:00","Wednesday","9","","Active_Gateways-DAILY-2026_06_03","6","DAILY","22","2026","","","64","0","","","","","","",""
"a3HUU000000JmvN2AS","0051U0000028jHJQAY","0","Gateway_Usage-DAILY-2026_06_04","0128W000000axHn","2026-06-04 10:00:14","0051U0000028jHJQAY","2026-06-04 17:19:22","0051U0000028jHJQAY","2026-06-04 17:19:22","","","0","","","","","","","","","","","","2026-06-04 00:00:00","Thursday","66","622","Gateway_Usage-DAILY-2026_06_04","6","DAILY","22","2026","","1","","","","","","","","",""
"a3HUU000000Jn532AC","0051U0000028jHJQAY","0","Active_Gateways-DAILY-2026_06_04","012UU000002Pmmf","2026-06-04 14:40:19","0051U0000028jHJQAY","2026-06-04 17:19:22","0051U0000028jHJQAY","2026-06-04 17:19:22","","","0","","","","","","","","","","","","2026-06-04 00:00:00","Thursday","3","","Active_Gateways-DAILY-2026_06_04","6","DAILY","22","2026","","","64","0","","","","","","",""
"a3HUU000000Jnxt2AC","0051U0000028jHJQAY","0","Gateway_Usage-DAILY-2026_06_05","0128W000000axHn","2026-06-05 10:01:06","0051U0000028jHJQAY","2026-06-06 00:25:37","0051U0000028jHJQAY","2026-06-06 00:25:37","","","0","","","","","","","","","","","","2026-06-05 00:00:00","Friday","81","677","Gateway_Usage-DAILY-2026_06_05","6","DAILY","22","2026","","2","","","","","","","","",""
"a3HUU000000Joqj2AC","0051U0000028jHJQAY","0","Active_Gateways-DAILY-2026_06_05","012UU000002Pmmf","2026-06-05 15:52:58","0051U0000028jHJQAY","2026-06-06 00:25:38","0051U0000028jHJQAY","2026-06-06 00:25:38","","","0","","","","","","","","","","","","2026-06-05 00:00:00","Friday","14","","Active_Gateways-DAILY-2026_06_05","6","DAILY","22","2026","","","66","0","","","","","","",""
"a3HUU000000JqcP2AS","0051U0000028jHJQAY","0","Gateway_Usage-DAILY-2026_06_06","0128W000000axHn","2026-06-08 10:00:22","0051U0000028jHJQAY","2026-06-08 10:00:22","0051U0000028jHJQAY","2026-06-08 10:00:22","","","0","","","","","","","","","","","","2026-06-06 00:00:00","Saturday","0","0","Gateway_Usage-DAILY-2026_06_06","6","DAILY","22","2026","","0","","","","","","","","",""
"a3HUU000000JqcQ2AS","0051U0000028jHJQAY","0","Gateway_Usage-DAILY-2026_06_07","0128W000000axHn","2026-06-08 10:00:22","0051U0000028jHJQAY","2026-06-08 10:00:22","0051U0000028jHJQAY","2026-06-08 10:00:22","","","0","","","","","","","","","","","","2026-06-07 00:00:00","Sunday","0","0","Gateway_Usage-DAILY-2026_06_07","6","DAILY","23","2026","","0","","","","","","","","",""
"a3HUU000000JqcR2AS","0051U0000028jHJQAY","0","Gateway_Usage-DAILY-2026_06_08","0128W000000axHn","2026-06-08 10:00:22","0051U0000028jHJQAY","2026-06-08 22:32:19","0051U0000028jHJQAY","2026-06-08 22:32:19","","","0","","","","","","","","","","","","2026-06-08 00:00:00","Monday","69","665","Gateway_Usage-DAILY-2026_06_08","6","DAILY","23","2026","","0","","","","","","","","",""
"a3HUU000000Jr8f2AC","0051U0000028jHJQAY","0","Active_Gateways-DAILY-2026_06_06","012UU000002Pmmf","2026-06-08 15:03:34","0051U0000028jHJQAY","2026-06-08 15:03:34","0051U0000028jHJQAY","2026-06-08 15:03:34","","","0","","","","","","","","","","","","2026-06-06 00:00:00","Saturday","0","","Active_Gateways-DAILY-2026_06_06","6","DAILY","22","2026","","","","","","","","","","",""
"a3HUU000000Jr8g2AC","0051U0000028jHJQAY","0","Active_Gateways-DAILY-2026_06_07","012UU000002Pmmf","2026-06-08 15:03:34","0051U0000028jHJQAY","2026-06-08 15:03:34","0051U0000028jHJQAY","2026-06-08 15:03:34","","","0","","","","","","","","","","","","2026-06-07 00:00:00","Sunday","0","","Active_Gateways-DAILY-2026_06_07","6","DAILY","23","2026","","","","","","","","","","",""
"a3HUU000000Jr8h2AC","0051U0000028jHJQAY","0","Active_Gateways-DAILY-2026_06_08","012UU000002Pmmf","2026-06-08 15:03:34","0051U0000028jHJQAY","2026-06-08 22:32:19","0051U0000028jHJQAY","2026-06-08 22:32:19","","","0","","","","","","","","","","","","2026-06-08 00:00:00","Monday","2","","Active_Gateways-DAILY-2026_06_08","6","DAILY","23","2026","","","64","0","","","","","","",""
"a3HUU000000Js7x2AC","0051U0000028jHJQAY","0","Gateway_Usage-DAILY-2026_06_09","0128W000000axHn","2026-06-09 10:00:18","0051U0000028jHJQAY","2026-06-10 00:08:36","0051U0000028jHJQAY","2026-06-10 00:08:36","","","0","","","","","","","","","","","","2026-06-09 00:00:00","Tuesday","7","10","Gateway_Usage-DAILY-2026_06_09","6","DAILY","23","2026","","0","","","","","","","","",""
"a3HUU000000JtK92AK","0051U0000028jHJQAY","0","Active_Gateways-DAILY-2026_06_09","012UU000002Pmmf","2026-06-09 23:33:55","0051U0000028jHJQAY","2026-06-10 00:08:40","0051U0000028jHJQAY","2026-06-10 00:08:40","","","0","","","","","","","","","","","","2026-06-09 00:00:00","Tuesday","6","","Active_Gateways-DAILY-2026_06_09","6","DAILY","23","2026","","","64","0","","","","","","",""
"a3HUU000000JtlZ2AS","0051U0000028jHJQAY","0","Gateway_Usage-DAILY-2026_06_10","0128W000000axHn","2026-06-10 10:00:22","0051U0000028jHJQAY","2026-06-10 15:33:17","0051U0000028jHJQAY","2026-06-10 15:33:17","","","0","","","","","","","","","","","","2026-06-10 00:00:00","Wednesday","2","5","Gateway_Usage-DAILY-2026_06_10","6","DAILY","23","2026","","1","","","","","","","","",""
"a3HUU000000JuEb2AK","0051U0000028jHJQAY","0","Active_Gateways-DAILY-2026_06_10","012UU000002Pmmf","2026-06-10 15:33:17","0051U0000028jHJQAY","2026-06-10 15:33:17","0051U0000028jHJQAY","2026-06-10 15:33:17","","","0","","","","","","","","","","","","2026-06-10 00:00:00","Wednesday","1","","Active_Gateways-DAILY-2026_06_10","6","DAILY","23","2026","","","2","0","","","","","","",""
"a3HUU000000Juw92AC","0051U0000028jHJQAY","0","Gateway_Usage-DAILY-2026_06_11","0128W000000axHn","2026-06-11 10:00:14","0051U0000028jHJQAY","2026-06-12 01:13:20","0051U0000028jHJQAY","2026-06-12 01:13:20","","","0","","","","","","","","","","","","2026-06-11 00:00:00","Thursday","50","417","Gateway_Usage-DAILY-2026_06_11","6","DAILY","23","2026","","1","","","","","","","","",""
"a3HUU000000JvDt2AK","0051U0000028jHJQAY","0","Active_Gateways-DAILY-2026_06_11","012UU000002Pmmf","2026-06-11 15:53:21","0051U0000028jHJQAY","2026-06-12 01:13:20","0051U0000028jHJQAY","2026-06-12 01:13:20","","","0","","","","","","","","","","","","2026-06-11 00:00:00","Thursday","8","","Active_Gateways-DAILY-2026_06_11","6","DAILY","23","2026","","","64","0","","","","","","",""
"a3HUU000000Jw0H2AS","0051U0000028jHJQAY","0","Gateway_Usage-DAILY-2026_06_12","0128W000000axHn","2026-06-12 10:00:18","0051U0000028jHJQAY","2026-06-13 01:51:17","0051U0000028jHJQAY","2026-06-13 01:51:17","","","0","","","","","","","","","","","","2026-06-12 00:00:00","Friday","64","443","Gateway_Usage-DAILY-2026_06_12","6","DAILY","23","2026","","1","","","","","","","","",""
"a3HUU000000JxnZ2AS","0051U0000028jHJQAY","0","Active_Gateways-DAILY-2026_06_12","012UU000002Pmmf","2026-06-12 23:56:34","0051U0000028jHJQAY","2026-06-13 01:51:17","0051U0000028jHJQAY","2026-06-13 01:51:17","","","0","","","","","","","","","","","","2026-06-12 00:00:00","Friday","21","","Active_Gateways-DAILY-2026_06_12","6","DAILY","23","2026","","","64","0","","","","","","",""
"a3HUU000000JyZx2AK","0051U0000028jHJQAY","0","Gateway_Usage-DAILY-2026_06_13","0128W000000axHn","2026-06-15 10:00:15","0051U0000028jHJQAY","2026-06-15 10:00:15","0051U0000028jHJQAY","2026-06-15 10:00:15","","","0","","","","","","","","","","","","2026-06-13 00:00:00","Saturday","0","0","Gateway_Usage-DAILY-2026_06_13","6","DAILY","23","2026","","0","","","","","","","","",""
"a3HUU000000JyZy2AK","0051U0000028jHJQAY","0","Gateway_Usage-DAILY-2026_06_14","0128W000000axHn","2026-06-15 10:00:15","0051U0000028jHJQAY","2026-06-15 10:00:15","0051U0000028jHJQAY","2026-06-15 10:00:15","","","0","","","","","","","","","","","","2026-06-14 00:00:00","Sunday","0","0","Gateway_Usage-DAILY-2026_06_14","6","DAILY","24","2026","","0","","","","","","","","",""
"a3HUU000000JyZz2AK","0051U0000028jHJQAY","0","Gateway_Usage-DAILY-2026_06_15","0128W000000axHn","2026-06-15 10:00:15","0051U0000028jHJQAY","2026-06-16 01:25:53","0051U0000028jHJQAY","2026-06-16 01:25:53","","","0","","","","","","","","","","","","2026-06-15 00:00:00","Monday","47","441","Gateway_Usage-DAILY-2026_06_15","6","DAILY","24","2026","","1","","","","","","","","",""
"a3HUU000000JzxR2AS","0051U0000028jHJQAY","0","Active_Gateways-DAILY-2026_06_13","012UU000002Pmmf","2026-06-15 21:48:01","0051U0000028jHJQAY","2026-06-15 21:48:01","0051U0000028jHJQAY","2026-06-15 21:48:01","","","0","","","","","","","","","","","","2026-06-13 00:00:00","Saturday","0","","Active_Gateways-DAILY-2026_06_13","6","DAILY","23","2026","","","","","","","","","","",""
"a3HUU000000JzxS2AS","0051U0000028jHJQAY","0","Active_Gateways-DAILY-2026_06_14","012UU000002Pmmf","2026-06-15 21:48:01","0051U0000028jHJQAY","2026-06-15 21:48:01","0051U0000028jHJQAY","2026-06-15 21:48:01","","","0","","","","","","","","","","","","2026-06-14 00:00:00","Sunday","0","","Active_Gateways-DAILY-2026_06_14","6","DAILY","24","2026","","","","","","","","","","",""
"a3HUU000000JzxT2AS","0051U0000028jHJQAY","0","Active_Gateways-DAILY-2026_06_15","012UU000002Pmmf","2026-06-15 21:48:01","0051U0000028jHJQAY","2026-06-16 01:25:53","0051U0000028jHJQAY","2026-06-16 01:25:53","","","0","","","","","","","","","","","","2026-06-15 00:00:00","Monday","3","","Active_Gateways-DAILY-2026_06_15","6","DAILY","24","2026","","","66","0","","","","","","",""
"a3HUU000000K0FB2A0","0051U0000028jHJQAY","0","Gateway_Usage-DAILY-2026_06_16","0128W000000axHn","2026-06-16 10:00:12","0051U0000028jHJQAY","2026-06-16 13:14:06","0051U0000028jHJQAY","2026-06-16 13:14:06","","","0","","","","","","","","","","","","2026-06-16 00:00:00","Tuesday","3","12","Gateway_Usage-DAILY-2026_06_16","6","DAILY","24","2026","","0","","","","","","","","",""
"a3HUU000000K0NF2A0","0051U0000028jHJQAY","0","Active_Gateways-DAILY-2026_06_16","012UU000002Pmmf","2026-06-16 13:14:06","0051U0000028jHJQAY","2026-06-16 13:14:06","0051U0000028jHJQAY","2026-06-16 13:14:06","","","0","","","","","","","","","","","","2026-06-16 00:00:00","Tuesday","1","","Active_Gateways-DAILY-2026_06_16","6","DAILY","24","2026","","","2","0","","","","","","",""
"a3HUU000000K1sn2AC","0051U0000028jHJQAY","0","Gateway_Usage-DAILY-2026_06_17","0128W000000axHn","2026-06-17 10:00:34","0051U0000028jHJQAY","2026-06-17 23:41:16","0051U0000028jHJQAY","2026-06-17 23:41:16","","","0","","","","","","","","","","","","2026-06-17 00:00:00","Wednesday","3","3","Gateway_Usage-DAILY-2026_06_17","6","DAILY","24","2026","","0","","","","","","","","",""
"a3HUU000000K2qT2AS","0051U0000028jHJQAY","0","Active_Gateways-DAILY-2026_06_17","012UU000002Pmmf","2026-06-17 23:21:05","0051U0000028jHJQAY","2026-06-17 23:41:16","0051U0000028jHJQAY","2026-06-17 23:41:16","","","0","","","","","","","","","","","","2026-06-17 00:00:00","Wednesday","2","","Active_Gateways-DAILY-2026_06_17","6","DAILY","24","2026","","","64","0","","","","","","",""
"a3HUU000000K36b2AC","0051U0000028jHJQAY","0","Gateway_Usage-DAILY-2026_06_18","0128W000000axHn","2026-06-18 10:00:21","0051U0000028jHJQAY","2026-06-19 00:28:59","0051U0000028jHJQAY","2026-06-19 00:28:59","","","0","","","","","","","","","","","","2026-06-18 00:00:00","Thursday","45","430","Gateway_Usage-DAILY-2026_06_18","6","DAILY","24","2026","","3","","","","","","","","",""
"a3HUU000000K4fN2AS","0051U0000028jHJQAY","0","Active_Gateways-DAILY-2026_06_18","012UU000002Pmmf","2026-06-18 23:47:21","0051U0000028jHJQAY","2026-06-19 00:28:59","0051U0000028jHJQAY","2026-06-19 00:28:59","","","0","","","","","","","","","","","","2026-06-18 00:00:00","Thursday","2","","Active_Gateways-DAILY-2026_06_18","6","DAILY","24","2026","","","66","0","","","","","","",""
"a3HUU000000K4sH2AS","0051U0000028jHJQAY","0","Gateway_Usage-DAILY-2026_06_19","0128W000000axHn","2026-06-19 10:00:30","0051U0000028jHJQAY","2026-06-20 00:36:13","0051U0000028jHJQAY","2026-06-20 00:36:13","","","0","","","","","","","","","","","","2026-06-19 00:00:00","Friday","54","459","Gateway_Usage-DAILY-2026_06_19","6","DAILY","24","2026","","1","","","","","","","","",""
"a3HUU000000K5DF2A0","0051U0000028jHJQAY","0","Active_Gateways-DAILY-2026_06_19","012UU000002Pmmf","2026-06-19 22:08:57","0051U0000028jHJQAY","2026-06-20 00:36:13","0051U0000028jHJQAY","2026-06-20 00:36:13","","","0","","","","","","","","","","","","2026-06-19 00:00:00","Friday","8","","Active_Gateways-DAILY-2026_06_19","6","DAILY","24","2026","","","64","0","","","","","","",""
"a3HUU000000K62r2AC","0051U0000028jHJQAY","0","Gateway_Usage-DAILY-2026_06_20","0128W000000axHn","2026-06-22 10:00:17","0051U0000028jHJQAY","2026-06-22 10:00:17","0051U0000028jHJQAY","2026-06-22 10:00:17","","","0","","","","","","","","","","","","2026-06-20 00:00:00","Saturday","0","0","Gateway_Usage-DAILY-2026_06_20","6","DAILY","24","2026","","0","","","","","","","","",""
"a3HUU000000K62s2AC","0051U0000028jHJQAY","0","Gateway_Usage-DAILY-2026_06_21","0128W000000axHn","2026-06-22 10:00:17","0051U0000028jHJQAY","2026-06-22 10:00:17","0051U0000028jHJQAY","2026-06-22 10:00:17","","","0","","","","","","","","","","","","2026-06-21 00:00:00","Sunday","0","0","Gateway_Usage-DAILY-2026_06_21","6","DAILY","25","2026","","0","","","","","","","","",""
"a3HUU000000K62t2AC","0051U0000028jHJQAY","0","Gateway_Usage-DAILY-2026_06_22","0128W000000axHn","2026-06-22 10:00:17","0051U0000028jHJQAY","2026-06-23 00:29:51","0051U0000028jHJQAY","2026-06-23 00:29:51","","","0","","","","","","","","","","","","2026-06-22 00:00:00","Monday","47","452","Gateway_Usage-DAILY-2026_06_22","6","DAILY","25","2026","","0","","","","","","","","",""
"a3HUU000000K7dF2AS","0051U0000028jHJQAY","0","Active_Gateways-DAILY-2026_06_20","012UU000002Pmmf","2026-06-23 00:29:52","0051U0000028jHJQAY","2026-06-23 00:29:52","0051U0000028jHJQAY","2026-06-23 00:29:52","","","0","","","","","","","","","","","","2026-06-20 00:00:00","Saturday","0","","Active_Gateways-DAILY-2026_06_20","6","DAILY","24","2026","","","","","","","","","","",""
"a3HUU000000K7dG2AS","0051U0000028jHJQAY","0","Active_Gateways-DAILY-2026_06_21","012UU000002Pmmf","2026-06-23 00:29:52","0051U0000028jHJQAY","2026-06-23 00:29:52","0051U0000028jHJQAY","2026-06-23 00:29:52","","","0","","","","","","","","","","","","2026-06-21 00:00:00","Sunday","0","","Active_Gateways-DAILY-2026_06_21","6","DAILY","25","2026","","","","","","","","","","",""
"a3HUU000000K7dH2AS","0051U0000028jHJQAY","0","Active_Gateways-DAILY-2026_06_22","012UU000002Pmmf","2026-06-23 00:29:52","0051U0000028jHJQAY","2026-06-23 00:29:52","0051U0000028jHJQAY","2026-06-23 00:29:52","","","0","","","","","","","","","","","","2026-06-22 00:00:00","Monday","1","","Active_Gateways-DAILY-2026_06_22","6","DAILY","25","2026","","","2","0","","","","","","",""
"a3HUU000000K7wb2AC","0051U0000028jHJQAY","0","Gateway_Usage-DAILY-2026_06_23","0128W000000axHn","2026-06-23 10:00:17","0051U0000028jHJQAY","2026-06-24 00:05:10","0051U0000028jHJQAY","2026-06-24 00:05:10","","","0","","","","","","","","","","","","2026-06-23 00:00:00","Tuesday","4","6","Gateway_Usage-DAILY-2026_06_23","6","DAILY","25","2026","","0","","","","","","","","",""
"a3HUU000000KARR2A4","0051U0000028jHJQAY","0","Active_Gateways-DAILY-2026_06_23","012UU000002Pmmf","2026-06-23 22:18:57","0051U0000028jHJQAY","2026-06-24 00:05:11","0051U0000028jHJQAY","2026-06-24 00:05:11","","","0","","","","","","","","","","","","2026-06-23 00:00:00","Tuesday","3","","Active_Gateways-DAILY-2026_06_23","6","DAILY","25","2026","","","66","0","","","","","","",""
"a3HUU000000KCHx2AO","0051U0000028jHJQAY","0","Gateway_Usage-DAILY-2026_06_24","0128W000000axHn","2026-06-25 10:00:31","0051U0000028jHJQAY","2026-06-25 10:00:31","0051U0000028jHJQAY","2026-06-25 10:00:31","","","0","","","","","","","","","","","","2026-06-24 00:00:00","Wednesday","0","0","Gateway_Usage-DAILY-2026_06_24","6","DAILY","25","2026","","0","","","","","","","","",""
"a3HUU000000KCHy2AO","0051U0000028jHJQAY","0","Gateway_Usage-DAILY-2026_06_25","0128W000000axHn","2026-06-25 10:00:31","0051U0000028jHJQAY","2026-06-25 23:45:08","0051U0000028jHJQAY","2026-06-25 23:45:08","","","0","","","","","","","","","","","","2026-06-25 00:00:00","Thursday","44","426","Gateway_Usage-DAILY-2026_06_25","6","DAILY","25","2026","","2","","","","","","","","",""
"a3HUU000000KDh32AG","0051U0000028jHJQAY","0","Active_Gateways-DAILY-2026_06_24","012UU000002Pmmf","2026-06-25 23:45:11","0051U0000028jHJQAY","2026-06-25 23:45:11","0051U0000028jHJQAY","2026-06-25 23:45:11","","","0","","","","","","","","","","","","2026-06-24 00:00:00","Wednesday","0","","Active_Gateways-DAILY-2026_06_24","6","DAILY","25","2026","","","","","","","","","","",""
"a3HUU000000KDh42AG","0051U0000028jHJQAY","0","Active_Gateways-DAILY-2026_06_25","012UU000002Pmmf","2026-06-25 23:45:11","0051U0000028jHJQAY","2026-06-25 23:45:11","0051U0000028jHJQAY","2026-06-25 23:45:11","","","0","","","","","","","","","","","","2026-06-25 00:00:00","Thursday","1","","Active_Gateways-DAILY-2026_06_25","6","DAILY","25","2026","","","64","0","","","","","","",""
"a3HUU000000KDyn2AG","0051U0000028jHJQAY","0","Gateway_Usage-DAILY-2026_06_26","0128W000000axHn","2026-06-26 10:00:13","0051U0000028jHJQAY","2026-06-26 10:08:53","0051U0000028jHJQAY","2026-06-26 10:08:53","","","0","","","","","","","","","","","","2026-06-26 00:00:00","Friday","44","435","Gateway_Usage-DAILY-2026_06_26","6","DAILY","25","2026","","1","","","","","","","","",""
"a3HUU000000KFSj2AO","0051U0000028jHJQAY","0","Gateway_Usage-DAILY-2026_06_27","0128W000000axHn","2026-06-27 10:00:11","0051U0000028jHJQAY","2026-06-27 16:27:45","0051U0000028jHJQAY","2026-06-27 16:27:45","","","0","","","","","","","","","","","","2026-06-27 00:00:00","Saturday","11","15","Gateway_Usage-DAILY-2026_06_27","6","DAILY","25","2026","","0","","","","","","","","",""
"a3HUU000000KFXZ2A4","0051U0000028jHJQAY","0","Active_Gateways-DAILY-2026_06_26","012UU000002Pmmf","2026-06-27 15:57:30","0051U0000028jHJQAY","2026-06-27 15:57:30","0051U0000028jHJQAY","2026-06-27 15:57:30","","","0","","","","","","","","","","","","2026-06-26 00:00:00","Friday","0","","Active_Gateways-DAILY-2026_06_26","6","DAILY","25","2026","","","","","","","","","","",""
"a3HUU000000KFXa2AO","0051U0000028jHJQAY","0","Active_Gateways-DAILY-2026_06_27","012UU000002Pmmf","2026-06-27 15:57:30","0051U0000028jHJQAY","2026-06-27 16:27:46","0051U0000028jHJQAY","2026-06-27 16:27:46","","","0","","","","","","","","","","","","2026-06-27 00:00:00","Saturday","10","","Active_Gateways-DAILY-2026_06_27","6","DAILY","25","2026","","","64","0","","","","","","",""
"a3HUU000000KGAH2A4","0051U0000028jHJQAY","0","Gateway_Usage-DAILY-2026_06_28","0128W000000axHn","2026-06-29 10:00:21","0051U0000028jHJQAY","2026-06-29 10:00:21","0051U0000028jHJQAY","2026-06-29 10:00:21","","","0","","","","","","","","","","","","2026-06-28 00:00:00","Sunday","0","0","Gateway_Usage-DAILY-2026_06_28","6","DAILY","26","2026","","0","","","","","","","","",""
"a3HUU000000KGAI2A4","0051U0000028jHJQAY","0","Gateway_Usage-DAILY-2026_06_29","0128W000000axHn","2026-06-29 10:00:21","0051U0000028jHJQAY","2026-06-30 00:17:20","0051U0000028jHJQAY","2026-06-30 00:17:20","","","0","","","","","","","","","","","","2026-06-29 00:00:00","Monday","50","429","Gateway_Usage-DAILY-2026_06_29","6","DAILY","26","2026","","0","","","","","","","","",""
"a3HUU000000KH372AG","0051U0000028jHJQAY","0","Active_Gateways-DAILY-2026_06_28","012UU000002Pmmf","2026-06-29 20:31:43","0051U0000028jHJQAY","2026-06-29 20:31:43","0051U0000028jHJQAY","2026-06-29 20:31:43","","","0","","","","","","","","","","","","2026-06-28 00:00:00","Sunday","0","","Active_Gateways-DAILY-2026_06_28","6","DAILY","26","2026","","","","","","","","","","",""
"a3HUU000000KH382AG","0051U0000028jHJQAY","0","Active_Gateways-DAILY-2026_06_29","012UU000002Pmmf","2026-06-29 20:31:43","0051U0000028jHJQAY","2026-06-30 00:17:20","0051U0000028jHJQAY","2026-06-30 00:17:20","","","0","","","","","","","","","","","","2026-06-29 00:00:00","Monday","7","","Active_Gateways-DAILY-2026_06_29","6","DAILY","26","2026","","","66","0","","","","","","",""
"a3HUU000000KHZN2A4","0051U0000028jHJQAY","0","Gateway_Usage-DAILY-2026_06_30","0128W000000axHn","2026-06-30 10:00:20","0051U0000028jHJQAY","2026-07-01 00:29:35","0051U0000028jHJQAY","2026-07-01 00:29:35","","","0","","","","","","","","","","","","2026-06-30 00:00:00","Tuesday","10","51","Gateway_Usage-DAILY-2026_06_30","6","DAILY","26","2026","","3","","","","","","","","",""
"a3HUU000000KIFJ2A4","0051U0000028jHJQAY","0","Active_Gateways-DAILY-2026_06_30","012UU000002Pmmf","2026-06-30 18:20:24","0051U0000028jHJQAY","2026-07-01 00:29:35","0051U0000028jHJQAY","2026-07-01 00:29:35","","","0","","","","","","","","","","","","2026-06-30 00:00:00","Tuesday","5","","Active_Gateways-DAILY-2026_06_30","6","DAILY","26","2026","","","64","0","","","","","","",""
"a3HUU000000KJmT2AW","0051U0000028jHJQAY","0","Gateway_Usage-DAILY-2026_07_01","0128W000000axHn","2026-07-01 10:00:12","0051U0000028jHJQAY","2026-07-01 22:53:11","0051U0000028jHJQAY","2026-07-01 22:53:11","","","0","","","","","","","","","","","","2026-07-01 00:00:00","Wednesday","4","4","Gateway_Usage-DAILY-2026_07_01","7","DAILY","26","2026","","0","","","","","","","","",""
"a3HUU000000KK0z2AG","0051U0000028jHJQAY","0","Active_Gateways-DAILY-2026_07_01","012UU000002Pmmf","2026-07-01 16:18:40","0051U0000028jHJQAY","2026-07-01 22:53:11","0051U0000028jHJQAY","2026-07-01 22:53:11","","","0","","","","","","","","","","","","2026-07-01 00:00:00","Wednesday","3","","Active_Gateways-DAILY-2026_07_01","7","DAILY","26","2026","","","64","0","","","","","","",""
"a3HUU000000KKoz2AG","0051U0000028jHJQAY","0","Gateway_Usage-DAILY-2026_07_02","0128W000000axHn","2026-07-02 10:00:32","0051U0000028jHJQAY","2026-07-03 00:10:26","0051U0000028jHJQAY","2026-07-03 00:10:26","","","0","","","","","","","","","","","","2026-07-02 00:00:00","Thursday","43","409","Gateway_Usage-DAILY-2026_07_02","7","DAILY","26","2026","","0","","","","","","","","",""
"a3HUU000000KLTJ2A4","0051U0000028jHJQAY","0","Active_Gateways-DAILY-2026_07_02","012UU000002Pmmf","2026-07-03 00:10:26","0051U0000028jHJQAY","2026-07-03 00:10:26","0051U0000028jHJQAY","2026-07-03 00:10:26","","","0","","","","","","","","","","","","2026-07-02 00:00:00","Thursday","1","","Active_Gateways-DAILY-2026_07_02","7","DAILY","26","2026","","","64","0","","","","","","",""
"a3HUU000000KLjR2AW","0051U0000028jHJQAY","0","Gateway_Usage-DAILY-2026_07_03","0128W000000axHn","2026-07-03 10:00:21","0051U0000028jHJQAY","2026-07-03 23:55:08","0051U0000028jHJQAY","2026-07-03 23:55:08","","","0","","","","","","","","","","","","2026-07-03 00:00:00","Friday","53","469","Gateway_Usage-DAILY-2026_07_03","7","DAILY","26","2026","","6","","","","","","","","",""
"a3HUU000000KLl32AG","0051U0000028jHJQAY","0","Active_Gateways-DAILY-2026_07_03","012UU000002Pmmf","2026-07-03 14:56:58","0051U0000028jHJQAY","2026-07-03 23:55:08","0051U0000028jHJQAY","2026-07-03 23:55:08","","","0","","","","","","","","","","","","2026-07-03 00:00:00","Friday","6","","Active_Gateways-DAILY-2026_07_03","7","DAILY","26","2026","","","64","0","","","","","","",""
"a3HUU000000KMIv2AO","0051U0000028jHJQAY","0","Gateway_Usage-DAILY-2026_07_04","0128W000000axHn","2026-07-04 10:00:18","0051U0000028jHJQAY","2026-07-04 10:00:18","0051U0000028jHJQAY","2026-07-04 10:00:18","","","0","","","","","","","","","","","","2026-07-04 00:00:00","Saturday","1","4","Gateway_Usage-DAILY-2026_07_04","7","DAILY","26","2026","","0","","","","","","","","",""
"a3HUU000000KMlx2AG","0051U0000028jHJQAY","0","Gateway_Usage-DAILY-2026_07_05","0128W000000axHn","2026-07-06 10:00:22","0051U0000028jHJQAY","2026-07-06 10:00:22","0051U0000028jHJQAY","2026-07-06 10:00:22","","","0","","","","","","","","","","","","2026-07-05 00:00:00","Sunday","0","0","Gateway_Usage-DAILY-2026_07_05","7","DAILY","27","2026","","0","","","","","","","","",""
"a3HUU000000KMly2AG","0051U0000028jHJQAY","0","Gateway_Usage-DAILY-2026_07_06","0128W000000axHn","2026-07-06 10:00:22","0051U0000028jHJQAY","2026-07-07 00:20:30","0051U0000028jHJQAY","2026-07-07 00:20:30","","","0","","","","","","","","","","","","2026-07-06 00:00:00","Monday","51","458","Gateway_Usage-DAILY-2026_07_06","7","DAILY","27","2026","","0","","","","","","","","",""
"a3HUU000000KNi12AG","0051U0000028jHJQAY","0","Active_Gateways-DAILY-2026_07_04","012UU000002Pmmf","2026-07-06 23:21:21","0051U0000028jHJQAY","2026-07-06 23:21:21","0051U0000028jHJQAY","2026-07-06 23:21:21","","","0","","","","","","","","","","","","2026-07-04 00:00:00","Saturday","0","","Active_Gateways-DAILY-2026_07_04","7","DAILY","26","2026","","","","","","","","","","",""
"a3HUU000000KNi22AG","0051U0000028jHJQAY","0","Active_Gateways-DAILY-2026_07_05","012UU000002Pmmf","2026-07-06 23:21:21","0051U0000028jHJQAY","2026-07-06 23:21:21","0051U0000028jHJQAY","2026-07-06 23:21:21","","","0","","","","","","","","","","","","2026-07-05 00:00:00","Sunday","0","","Active_Gateways-DAILY-2026_07_05","7","DAILY","27","2026","","","","","","","","","","",""
"a3HUU000000KNi32AG","0051U0000028jHJQAY","0","Active_Gateways-DAILY-2026_07_06","012UU000002Pmmf","2026-07-06 23:21:21","0051U0000028jHJQAY","2026-07-07 00:20:30","0051U0000028jHJQAY","2026-07-07 00:20:30","","","0","","","","","","","","","","","","2026-07-06 00:00:00","Monday","5","","Active_Gateways-DAILY-2026_07_06","7","DAILY","27","2026","","","64","0","","","","","","",""
"a3HUU000000KO4b2AG","0051U0000028jHJQAY","0","Gateway_Usage-DAILY-2026_07_07","0128W000000axHn","2026-07-07 10:00:51","0051U0000028jHJQAY","2026-07-08 00:21:00","0051U0000028jHJQAY","2026-07-08 00:21:00","","","0","","","","","","","","","","","","2026-07-07 00:00:00","Tuesday","7","11","Gateway_Usage-DAILY-2026_07_07","7","DAILY","27","2026","","1","","","","","","","","",""
"a3HUU000000KOe52AG","0051U0000028jHJQAY","0","Active_Gateways-DAILY-2026_07_07","012UU000002Pmmf","2026-07-07 18:48:11","0051U0000028jHJQAY","2026-07-08 00:21:00","0051U0000028jHJQAY","2026-07-08 00:21:00","","","0","","","","","","","","","","","","2026-07-07 00:00:00","Tuesday","6","","Active_Gateways-DAILY-2026_07_07","7","DAILY","27","2026","","","64","0","","","","","","",""
"a3HUU000000KU0L2AW","0051U0000028jHJQAY","0","Gateway_Usage-DAILY-2026_07_08","0128W000000axHn","2026-07-13 22:55:01","0051U0000028jHJQAY","2026-07-13 22:55:01","0051U0000028jHJQAY","2026-07-13 22:55:01","","","0","","","","","","","","","","","","2026-07-08 00:00:00","Wednesday","0","0","Gateway_Usage-DAILY-2026_07_08","7","DAILY","27","2026","","0","","","","","","","","",""
"a3HUU000000KU0M2AW","0051U0000028jHJQAY","0","Gateway_Usage-DAILY-2026_07_09","0128W000000axHn","2026-07-13 22:55:01","0051U0000028jHJQAY","2026-07-13 22:55:01","0051U0000028jHJQAY","2026-07-13 22:55:01","","","0","","","","","","","","","","","","2026-07-09 00:00:00","Thursday","0","0","Gateway_Usage-DAILY-2026_07_09","7","DAILY","27","2026","","0","","","","","","","","",""
"a3HUU000000KU0N2AW","0051U0000028jHJQAY","0","Gateway_Usage-DAILY-2026_07_10","0128W000000axHn","2026-07-13 22:55:01","0051U0000028jHJQAY","2026-07-13 22:55:01","0051U0000028jHJQAY","2026-07-13 22:55:01","","","0","","","","","","","","","","","","2026-07-10 00:00:00","Friday","0","0","Gateway_Usage-DAILY-2026_07_10","7","DAILY","27","2026","","0","","","","","","","","",""
"a3HUU000000KU0O2AW","0051U0000028jHJQAY","0","Gateway_Usage-DAILY-2026_07_11","0128W000000axHn","2026-07-13 22:55:01","0051U0000028jHJQAY","2026-07-13 22:55:01","0051U0000028jHJQAY","2026-07-13 22:55:01","","","0","","","","","","","","","","","","2026-07-11 00:00:00","Saturday","0","0","Gateway_Usage-DAILY-2026_07_11","7","DAILY","27","2026","","0","","","","","","","","",""
"a3HUU000000KU0P2AW","0051U0000028jHJQAY","0","Gateway_Usage-DAILY-2026_07_12","0128W000000axHn","2026-07-13 22:55:01","0051U0000028jHJQAY","2026-07-13 22:55:01","0051U0000028jHJQAY","2026-07-13 22:55:01","","","0","","","","","","","","","","","","2026-07-12 00:00:00","Sunday","0","0","Gateway_Usage-DAILY-2026_07_12","7","DAILY","28","2026","","0","","","","","","","","",""
"a3HUU000000KU0Q2AW","0051U0000028jHJQAY","0","Gateway_Usage-DAILY-2026_07_13","0128W000000axHn","2026-07-13 22:55:01","0051U0000028jHJQAY","2026-07-14 00:32:17","0051U0000028jHJQAY","2026-07-14 00:32:17","","","0","","","","","","","","","","","","2026-07-13 00:00:00","Monday","22","22","Gateway_Usage-DAILY-2026_07_13","7","DAILY","28","2026","","3","","","","","","","","",""
"a3HUU000000KU1x2AG","0051U0000028jHJQAY","0","Active_Gateways-DAILY-2026_07_08","012UU000002Pmmf","2026-07-13 22:55:02","0051U0000028jHJQAY","2026-07-13 22:55:02","0051U0000028jHJQAY","2026-07-13 22:55:02","","","0","","","","","","","","","","","","2026-07-08 00:00:00","Wednesday","0","","Active_Gateways-DAILY-2026_07_08","7","DAILY","27","2026","","","","","","","","","","",""
"a3HUU000000KU1y2AG","0051U0000028jHJQAY","0","Active_Gateways-DAILY-2026_07_09","012UU000002Pmmf","2026-07-13 22:55:02","0051U0000028jHJQAY","2026-07-13 22:55:02","0051U0000028jHJQAY","2026-07-13 22:55:02","","","0","","","","","","","","","","","","2026-07-09 00:00:00","Thursday","0","","Active_Gateways-DAILY-2026_07_09","7","DAILY","27","2026","","","","","","","","","","",""
"a3HUU000000KU1z2AG","0051U0000028jHJQAY","0","Active_Gateways-DAILY-2026_07_10","012UU000002Pmmf","2026-07-13 22:55:02","0051U0000028jHJQAY","2026-07-13 22:55:02","0051U0000028jHJQAY","2026-07-13 22:55:02","","","0","","","","","","","","","","","","2026-07-10 00:00:00","Friday","0","","Active_Gateways-DAILY-2026_07_10","7","DAILY","27","2026","","","","","","","","","","",""
"a3HUU000000KU202AG","0051U0000028jHJQAY","0","Active_Gateways-DAILY-2026_07_11","012UU000002Pmmf","2026-07-13 22:55:02","0051U0000028jHJQAY","2026-07-13 22:55:02","0051U0000028jHJQAY","2026-07-13 22:55:02","","","0","","","","","","","","","","","","2026-07-11 00:00:00","Saturday","0","","Active_Gateways-DAILY-2026_07_11","7","DAILY","27","2026","","","","","","","","","","",""
"a3HUU000000KU212AG","0051U0000028jHJQAY","0","Active_Gateways-DAILY-2026_07_12","012UU000002Pmmf","2026-07-13 22:55:02","0051U0000028jHJQAY","2026-07-13 22:55:02","0051U0000028jHJQAY","2026-07-13 22:55:02","","","0","","","","","","","","","","","","2026-07-12 00:00:00","Sunday","0","","Active_Gateways-DAILY-2026_07_12","7","DAILY","28","2026","","","","","","","","","","",""
"a3HUU000000KU222AG","0051U0000028jHJQAY","0","Active_Gateways-DAILY-2026_07_13","012UU000002Pmmf","2026-07-13 22:55:02","0051U0000028jHJQAY","2026-07-14 00:32:18","0051U0000028jHJQAY","2026-07-14 00:32:18","","","0","","","","","","","","","","","","2026-07-13 00:00:00","Monday","22","","Active_Gateways-DAILY-2026_07_13","7","DAILY","28","2026","","","66","0","","","","","","",""
